{
  "species": "cobblemon:emboar",
  "order": 0,
  "variations": [
    {
      "aspects": [],
      "poser": "cobblemon:emboar",
      "model": "cobblemon:emboar.geo",
      "texture": "cobblemon:textures/pokemon/0500_emboar/emboar.png",
      "layers": [
        {
          "name": "flame",
          "texture": {
            "frames": [
              "cobblemon:textures/pokemon/0500_emboar/flame/emboar1.png",
              "cobblemon:textures/pokemon/0500_emboar/flame/emboar2.png",
              "cobblemon:textures/pokemon/0500_emboar/flame/emboar3.png"
            ],
            "fps": 6,
            "loop": true
          },
          "emissive": true
        }
      ]
    },
    {
      "aspects": ["shiny"],
      "texture": "cobblemon:textures/pokemon/0500_emboar/emboar_shiny.png",
      "layers": [
        {
          "name": "flame",
          "texture": {
            "frames": [
              "cobblemon:textures/pokemon/0500_emboar/flame/emboar_shiny1.png",
              "cobblemon:textures/pokemon/0500_emboar/flame/emboar_shiny2.png",
              "cobblemon:textures/pokemon/0500_emboar/flame/emboar_shiny3.png"
            ],
            "fps": 6,
            "loop": true
          },
          "emissive": true
        }
      ]
    }
  ]
}
