{
  "format_version": "1.12.0",
  "minecraft:geometry": [
    {
      "description": {
        "identifier": "geometry.unknown",
        "texture_width": 64,
        "texture_height": 64,
        "visible_bounds_width": 6,
        "visible_bounds_height": 4.5,
        "visible_bounds_offset": [0, 1.75, 0]
      },
      "bones": [
        {
          "name": "Azelf",
          "pivot": [0, 0, 0]
        },
        {
          "name": "Body",
          "parent": "Azelf",
          "pivot": [-0.005, 26.44729, 1.07756],
          "cubes": [
            {
              "origin": [-2.5, 23.05221, -0.90112],
              "size": [5, 5, 5],
              "pivot": [0, 25.75221, 1.07388],
              "rotation": [22, 0, 0],
              "uv": [18, 16]
            },
            {
              "origin": [-2, 27.01354, -1.11474],
              "size": [4, 5, 4],
              "pivot": [0, 27.62297, 0.7819],
              "rotation": [12, 0, 0],
              "uv": [0, 31]
            },
            {
              "origin": [-1.5, 30.72773, -1.67537],
              "size": [3, 2, 3],
              "pivot": [0, 34.34519, -1.39602],
              "rotation": [4.5, 0, 0],
              "uv": [28, 46]
            },
            {
              "origin": [-2.675, 22.0531, -0.40716],
              "size": [2, 1, 4],
              "pivot": [-1.425, 22.5531, 1.59284],
              "rotation": [39.74181, 5.78047, 4.78685],
              "uv": [39, 17]
            },
            {
              "origin": [0.65, 22.0531, -0.40716],
              "size": [2, 1, 4],
              "pivot": [1.4, 22.5531, 1.59284],
              "rotation": [39.74181, -5.78047, -4.78685],
              "uv": [18, 43]
            }
          ]
        },
        {
          "name": "Head",
          "parent": "Body",
          "pivot": [0, 32.95459, 0.09432],
          "rotation": [-30, 0, 0],
          "cubes": [
            {
              "origin": [-3.5, 35.99512, -3.37171],
              "size": [7, 3, 6],
              "pivot": [0, 24.60453, 4.69713],
              "rotation": [7.5, 0, 0],
              "uv": [0, 0]
            },
            {
              "origin": [-1, 35.23756, 5.14474],
              "size": [2, 3, 1],
              "pivot": [0, 20.55994, 5.64495],
              "rotation": [34.5, 0, 0],
              "uv": [50, 30]
            },
            {
              "origin": [-1.25, 37.23756, 5.15478],
              "size": [1, 1, 6],
              "pivot": [0, 20.55994, 5.64495],
              "rotation": [34.5, 0, 0],
              "uv": [9, 43]
            },
            {
              "origin": [-0.25, 37.43508, -1.09789],
              "size": [1, 1, 1],
              "pivot": [0, 23.29064, 2.1987],
              "rotation": [17.5, 0, 0],
              "uv": [18, 12]
            },
            {
              "origin": [-0.75, 37.43508, -1.09789],
              "size": [1, 1, 1],
              "pivot": [0, 23.29064, 2.1987],
              "rotation": [17.5, 0, 0],
              "uv": [0, 24]
            },
            {
              "origin": [-0.5, 36.93508, -1.14789],
              "size": [1, 2, 1],
              "pivot": [0, 23.29064, 2.1987],
              "rotation": [17.5, 0, 0],
              "uv": [0, 0]
            },
            {
              "origin": [0.25, 37.23756, 5.15478],
              "size": [1, 1, 6],
              "pivot": [0, 20.55994, 5.64495],
              "rotation": [34.5, 0, 0],
              "uv": [38, 0]
            },
            {
              "origin": [-0.5, 34.78756, 5.21974],
              "size": [1, 1, 0],
              "pivot": [0, 20.55994, 5.64495],
              "rotation": [34.5, 0, 0],
              "uv": [21, 4]
            },
            {
              "origin": [-2.5, 33.88756, 5.15478],
              "size": [5, 1, 1],
              "pivot": [0, 20.55994, 5.64495],
              "rotation": [34.5, 0, 0],
              "uv": [43, 8]
            },
            {
              "origin": [-2.5, 34.88756, 5.15478],
              "size": [2, 1, 1],
              "pivot": [0, 20.55994, 5.64495],
              "rotation": [34.5, 0, 0],
              "uv": [48, 17]
            },
            {
              "origin": [0.5, 34.88756, 5.15478],
              "size": [2, 1, 1],
              "pivot": [0, 20.55994, 5.64495],
              "rotation": [34.5, 0, 0],
              "uv": [27, 43]
            },
            {
              "origin": [-3, 36.90759, -5.79514],
              "size": [6, 3, 5],
              "pivot": [0, 24.60453, 4.69713],
              "rotation": [-5, 0, 0],
              "uv": [0, 22]
            },
            {
              "origin": [-2.5, 35.94268, -8.96201],
              "size": [5, 3, 4],
              "pivot": [0, 26.06126, 5.43829],
              "rotation": [-22.5, 0, 0],
              "uv": [17, 35]
            },
            {
              "origin": [-3, 33.80439, 5.43543],
              "size": [6, 5, 5],
              "pivot": [0, 20.55994, 5.64495],
              "rotation": [34.5, 0, 0],
              "uv": [0, 10]
            }
          ]
        },
        {
          "name": "Mouth",
          "parent": "Head",
          "pivot": [0, 31.87836, -2.74094],
          "cubes": [
            {
              "origin": [-1, 34.13756, 5.14474],
              "size": [2, 1, 0],
              "pivot": [0, 20.55994, 5.64495],
              "rotation": [34.5, 0, 0],
              "uv": [0, 4]
            }
          ]
        },
        {
          "name": "EyeLeft",
          "parent": "Head",
          "pivot": [1.625, 33.89217, -3.83442],
          "cubes": [
            {
              "origin": [1.35, 36.00186, 5.37497],
              "size": [1, 1, 0],
              "pivot": [0, 20.55994, 5.64495],
              "rotation": [34.5, 0, 0],
              "uv": [18, 10]
            },
            {
              "origin": [1.2, 36.57901, 5.37024],
              "size": [1, 1, 0],
              "pivot": [0, 20.55994, 5.64495],
              "rotation": [34.5, 0, 0],
              "uv": [46, 52]
            },
            {
              "origin": [0.875, 35.60524, 5.38886],
              "size": [2, 3, 0],
              "pivot": [0, 20.55994, 5.64495],
              "rotation": [34.5, 0, 0],
              "uv": [0, 21]
            },
            {
              "origin": [0.6, 35.75574, 5.3762],
              "size": [2, 2, 0],
              "pivot": [0, 20.55994, 5.64495],
              "rotation": [34.5, 0, 0],
              "uv": [18, 43]
            },
            {
              "origin": [0.35, 35.76358, 5.35151],
              "size": [1, 2, 0],
              "pivot": [0, 20.55994, 5.64495],
              "rotation": [34.5, 0, 0],
              "uv": [15, 52]
            }
          ]
        },
        {
          "name": "EyeLidLeft",
          "parent": "EyeLeft",
          "pivot": [1.875, 33.99806, -3.87497],
          "cubes": [
            {
              "origin": [0.875, 35.52678, 5.41077],
              "size": [2, 3, 0],
              "inflate": 0.01,
              "pivot": [0, 20.55994, 5.64495],
              "rotation": [34.5, 0, 0],
              "uv": [32, 57]
            }
          ]
        },
        {
          "name": "EyeRight",
          "parent": "Head",
          "pivot": [-1.605, 33.82326, -3.80145],
          "cubes": [
            {
              "origin": [-2.4, 36.00186, 5.37497],
              "size": [1, 1, 0],
              "pivot": [0, 20.55994, 5.64495],
              "rotation": [34.5, 0, 0],
              "uv": [0, 13]
            },
            {
              "origin": [-2.225, 36.57901, 5.37024],
              "size": [1, 1, 0],
              "pivot": [0, 20.55994, 5.64495],
              "rotation": [34.5, 0, 0],
              "uv": [28, 55]
            },
            {
              "origin": [-2.625, 35.75574, 5.3762],
              "size": [2, 2, 0],
              "pivot": [0, 20.55994, 5.64495],
              "rotation": [34.5, 0, 0],
              "uv": [32, 35]
            },
            {
              "origin": [-2.875, 35.60524, 5.38886],
              "size": [2, 3, 0],
              "pivot": [0, 20.55994, 5.64495],
              "rotation": [34.5, 0, 0],
              "uv": [0, 10]
            },
            {
              "origin": [-1.4, 35.76358, 5.35151],
              "size": [1, 2, 0],
              "pivot": [0, 20.55994, 5.64495],
              "rotation": [34.5, 0, 0],
              "uv": [15, 52]
            }
          ]
        },
        {
          "name": "EyeLidRight",
          "parent": "EyeRight",
          "pivot": [-1.875, 33.99806, -3.87497],
          "cubes": [
            {
              "origin": [-2.875, 35.52678, 5.41077],
              "size": [2, 3, 0],
              "inflate": 0.01,
              "pivot": [0, 20.55994, 5.64495],
              "rotation": [34.5, 0, 0],
              "uv": [32, 53],
              "mirror": true
            }
          ]
        },
        {
          "name": "EarRight",
          "parent": "Head",
          "pivot": [-2.96841, 38.15008, -1.27517],
          "cubes": [
            {
              "origin": [4.87198, 34.3288, -2.20777],
              "size": [5, 2, 5],
              "pivot": [0, 20.9418, 5.53888],
              "rotation": [-1.82047, 20.39488, -34.40461],
              "uv": [22, 5]
            },
            {
              "origin": [11.24124, 31.34594, -1.59716],
              "size": [5, 2, 4],
              "pivot": [0, 20.9418, 5.53888],
              "rotation": [-1.50659, 11.03737, -58.0696],
              "uv": [35, 23]
            },
            {
              "origin": [3.87198, 34.3288, -1.20777],
              "size": [1, 2, 3],
              "pivot": [0, 20.9418, 5.53888],
              "rotation": [-1.82047, 20.39488, -34.40461],
              "uv": [41, 46]
            }
          ]
        },
        {
          "name": "EarLeft",
          "parent": "Head",
          "pivot": [2.76841, 37.97508, -1.27517],
          "cubes": [
            {
              "origin": [-9.87198, 34.3288, -2.20777],
              "size": [5, 2, 5],
              "pivot": [0, 20.9418, 5.53888],
              "rotation": [-1.82047, -20.39488, 34.40461],
              "uv": [18, 27]
            },
            {
              "origin": [-16.24124, 31.34594, -1.59716],
              "size": [5, 2, 4],
              "pivot": [0, 20.9418, 5.53888],
              "rotation": [-1.50659, -11.03737, 58.0696],
              "uv": [35, 31]
            },
            {
              "origin": [-4.87198, 34.3288, -1.20777],
              "size": [1, 2, 3],
              "pivot": [0, 20.9418, 5.53888],
              "rotation": [-1.82047, -20.39488, 34.40461],
              "uv": [47, 0]
            }
          ]
        },
        {
          "name": "ArmRight",
          "parent": "Body",
          "pivot": [-1.76961, 30.7572, 0.19417],
          "cubes": [
            {
              "origin": [-5.2, 30.34735, -0.43608],
              "size": [4, 1, 2],
              "pivot": [-3, 31.37235, 0.56392],
              "rotation": [-23, 0, 0],
              "uv": [31, 0]
            }
          ]
        },
        {
          "name": "HandRight",
          "parent": "ArmRight",
          "pivot": [-5.21961, 30.7572, 0.19417],
          "cubes": [
            {
              "origin": [-10.2, 30.34735, -0.43608],
              "size": [5, 1, 2],
              "pivot": [-3, 31.37235, 0.56392],
              "rotation": [-23, 0, 0],
              "uv": [21, 0]
            },
            {
              "origin": [-9.59532, 30.02908, -0.60267],
              "size": [2, 1, 1],
              "pivot": [-9.09532, 30.32908, -0.17767],
              "rotation": [-21.83805, -7.40143, -17.82025],
              "uv": [23, 13]
            }
          ]
        },
        {
          "name": "ArmLeft",
          "parent": "Body",
          "pivot": [1.76961, 30.7572, 0.19417],
          "cubes": [
            {
              "origin": [1.2, 30.34735, -0.43608],
              "size": [4, 1, 2],
              "pivot": [3, 31.37235, 0.56392],
              "rotation": [-23, 0, 0],
              "uv": [31, 0],
              "mirror": true
            }
          ]
        },
        {
          "name": "HandLeft",
          "parent": "ArmLeft",
          "pivot": [5.19461, 31.0072, 0.19417],
          "cubes": [
            {
              "origin": [5.2, 30.34735, -0.43608],
              "size": [5, 1, 2],
              "pivot": [3, 31.37235, 0.56392],
              "rotation": [-23, 0, 0],
              "uv": [21, 0],
              "mirror": true
            },
            {
              "origin": [7.59532, 30.02908, -0.60267],
              "size": [2, 1, 1],
              "pivot": [9.09532, 30.32908, -0.17767],
              "rotation": [-21.83805, 7.40143, 17.82025],
              "uv": [23, 13],
              "mirror": true
            }
          ]
        },
        {
          "name": "TailLeft",
          "parent": "Body",
          "pivot": [0.75, 25.32545, 4.53887],
          "rotation": [-2.49762, 0.10901, 2.49762],
          "cubes": [
            {
              "origin": [0.25, 18.18298, 9.01072],
              "size": [1, 8, 0],
              "inflate": 0.01,
              "pivot": [0, 14.18298, 9.01072],
              "rotation": [22, 0, 0],
              "uv": [9, 51]
            }
          ]
        },
        {
          "name": "TailLeft2",
          "parent": "TailLeft",
          "pivot": [0.7, 17.88298, 7.53572],
          "rotation": [-19.71975, -3.40487, -9.40804],
          "cubes": [
            {
              "origin": [0.25, 10.18298, 9.01072],
              "size": [1, 8, 0],
              "inflate": 0.01,
              "pivot": [0, 14.18298, 9.01072],
              "rotation": [22, 0, 0],
              "uv": [50, 46]
            }
          ]
        },
        {
          "name": "TailLeft3",
          "parent": "TailLeft2",
          "pivot": [0.7, 10.46551, 10.50757],
          "rotation": [-12.35932, -2.24944, -7.15656],
          "cubes": [
            {
              "origin": [0.25, 3.91114, 12.78179],
              "size": [1, 2, 0],
              "pivot": [0.75, 4.91114, 12.83179],
              "rotation": [18.31242, 12.40764, -32.99248],
              "uv": [13, 31]
            },
            {
              "origin": [0.25, 3.91114, 12.80679],
              "size": [1, 2, 0],
              "pivot": [0.75, 4.91114, 12.83179],
              "rotation": [18.81666, -11.61158, 30.56955],
              "uv": [17, 35]
            },
            {
              "origin": [0.25, 2.18298, 9.01072],
              "size": [1, 8, 0],
              "inflate": 0.01,
              "pivot": [0, 14.18298, 9.01072],
              "rotation": [22, 0, 0],
              "uv": [24, 49]
            },
            {
              "origin": [-2.75, -4.81702, 9.01072],
              "size": [7, 7, 0],
              "pivot": [0, 14.18298, 9.01072],
              "rotation": [22, 0, 0],
              "uv": [0, 41]
            }
          ]
        },
        {
          "name": "TailRight",
          "parent": "Body",
          "pivot": [-0.75, 25.47545, 4.61387],
          "rotation": [-2.49762, 0.10901, 2.49762],
          "cubes": [
            {
              "origin": [-1.25, 18.33298, 9.08572],
              "size": [1, 8, 0],
              "inflate": 0.01,
              "pivot": [0, 14.33298, 9.08572],
              "rotation": [22, 0, 0],
              "uv": [6, 49]
            }
          ]
        },
        {
          "name": "TailRight2",
          "parent": "TailRight",
          "pivot": [-0.7, 18.03298, 7.61072],
          "rotation": [-20, 0, 0],
          "cubes": [
            {
              "origin": [-1.25, 10.33298, 9.08572],
              "size": [1, 8, 0],
              "inflate": 0.01,
              "pivot": [0, 14.33298, 9.08572],
              "rotation": [22, 0, 0],
              "uv": [3, 49]
            }
          ]
        },
        {
          "name": "TailRight3",
          "parent": "TailRight2",
          "pivot": [-0.7, 10.61551, 10.58257],
          "rotation": [-17.43745, 1.50179, 4.76968],
          "cubes": [
            {
              "origin": [-1.25, 4.06114, 12.85679],
              "size": [1, 2, 0],
              "pivot": [-0.75, 5.06114, 12.90679],
              "rotation": [18.31242, -12.40764, 32.99248],
              "uv": [0, 31]
            },
            {
              "origin": [-1.25, 4.06114, 12.88179],
              "size": [1, 2, 0],
              "pivot": [-0.75, 5.06114, 12.90679],
              "rotation": [18.81666, 11.61158, -30.56955],
              "uv": [30, 13]
            },
            {
              "origin": [-1.25, 2.33298, 9.08572],
              "size": [1, 8, 0],
              "inflate": 0.01,
              "pivot": [0, 14.33298, 9.08572],
              "rotation": [22, 0, 0],
              "uv": [0, 49]
            },
            {
              "origin": [-4.25, -4.66702, 9.08572],
              "size": [7, 7, 0],
              "pivot": [0, 14.33298, 9.08572],
              "rotation": [22, 0, 0],
              "uv": [36, 38]
            }
          ]
        }
      ]
    }
  ]
}
