{
  "format_version": "1.12.0",
  "minecraft:geometry": [
    {
      "description": {
        "identifier": "geometry.unknown",
        "texture_width": 128,
        "texture_height": 128,
        "visible_bounds_width": 4,
        "visible_bounds_height": 4.5,
        "visible_bounds_offset": [0, 1.75, 0]
      },
      "bones": [
        {
          "name": "Darmanitan",
          "pivot": [0, 0, 0],
          "cubes": [
            { "origin": [-11.5, 0, -10.5], "size": [23, 23, 21], "uv": [0, 0] },
            { "origin": [-2, 3.5, -10.51], "size": [4, 1, 0], "uv": [7, 1] },
            { "origin": [-2, 0.5, -10.51], "size": [4, 1, 0], "uv": [8, 1] },
            {
              "origin": [3, 16.5, -10.51],
              "size": [3, 3, 0],
              "uv": [0, 8],
              "mirror": true
            },
            { "origin": [-6, 16.5, -10.51], "size": [3, 3, 0], "uv": [0, 8] },
            {
              "origin": [-7.5, 0.01, 4.8],
              "size": [15, 9, 5],
              "pivot": [0, -1, 11],
              "rotation": [-42.5, 0, 0],
              "uv": [54, 44]
            }
          ]
        },
        {
          "name": "LHand",
          "parent": "Darmanitan",
          "pivot": [11, 9, 4],
          "rotation": [0, -45, 0],
          "cubes": [
            {
              "origin": [9.08579, 9, -8.41421],
              "size": [2, 9, 11],
              "uv": [61, 69]
            }
          ]
        },
        {
          "name": "LThumb",
          "parent": "LHand",
          "pivot": [11, 14, 0],
          "cubes": [
            {
              "origin": [9.07579, 16.67681, 4.99376],
              "size": [2, 5, 3],
              "pivot": [11, 8, 3],
              "rotation": [32.5, 0, 0],
              "uv": [7, 5]
            }
          ]
        },
        {
          "name": "RHand",
          "parent": "Darmanitan",
          "pivot": [-11, 9, 4],
          "rotation": [0, 45, 0],
          "cubes": [
            {
              "origin": [-11.08579, 9, -8.41421],
              "size": [2, 9, 11],
              "uv": [67, 0]
            }
          ]
        },
        {
          "name": "LThumb2",
          "parent": "RHand",
          "pivot": [-12, 14, 0],
          "cubes": [
            {
              "origin": [-11.07579, 16.67681, 4.99376],
              "size": [2, 5, 3],
              "pivot": [-12, 8, 3],
              "rotation": [32.5, 0, 0],
              "uv": [0, 0]
            }
          ]
        },
        {
          "name": "SnowmanHead",
          "parent": "Darmanitan",
          "pivot": [0, 25, -6],
          "cubes": [
            { "origin": [-9, 22.5, -9], "size": [18, 18, 18], "uv": [0, 44] },
            {
              "origin": [-2, 28.5, -18.5],
              "size": [4, 4, 10],
              "pivot": [0, 30.5, -9],
              "rotation": [0, 0, 45],
              "uv": [100, 16]
            },
            { "origin": [-1.5, 29, -21], "size": [3, 3, 12], "uv": [98, 0] },
            { "origin": [-7.5, 29, -9.01], "size": [3, 3, 0], "uv": [0, 8] },
            {
              "origin": [4.5, 29, -9.01],
              "size": [3, 3, 0],
              "uv": [0, 8],
              "mirror": true
            }
          ]
        }
      ]
    }
  ]
}
