{
  "format_version": "1.12.0",
  "minecraft:geometry": [
    {
      "description": {
        "identifier": "geometry.liepard",
        "texture_width": 128,
        "texture_height": 128,
        "visible_bounds_width": 8,
        "visible_bounds_height": 4.5,
        "visible_bounds_offset": [0, 1.75, 0]
      },
      "bones": [
        {
          "name": "body",
          "pivot": [0, 0, 0],
          "cubes": [
            {
              "origin": [0, 14, -16],
              "size": [0, 4, 4],
              "pivot": [0, 16, -13],
              "rotation": [25, 0, 0],
              "uv": [26, 21]
            },
            {
              "origin": [-3.5, 12, -13],
              "size": [7, 8, 9],
              "pivot": [0, 15, -8.5],
              "rotation": [-10, 0, 0],
              "uv": [29, 21]
            },
            { "origin": [-3, 12.5, -4.5], "size": [6, 6, 14], "uv": [0, 0] }
          ]
        },
        {
          "name": "neck",
          "parent": "body",
          "pivot": [0, 19, -12.5],
          "cubes": [
            { "origin": [-2, 16, -13.5], "size": [4, 9, 4], "uv": [0, 48] }
          ]
        },
        {
          "name": "head",
          "parent": "neck",
          "pivot": [0, 23.5, -13.5],
          "rotation": [5, 0, 0],
          "cubes": [
            {
              "origin": [-3.5, 23.51, -13.75],
              "size": [7, 5, 5],
              "uv": [27, 0]
            },
            {
              "origin": [-1.5, 23.26, -18],
              "size": [3, 2, 3],
              "pivot": [0, 25.5, -16.5],
              "rotation": [10, 0, 0],
              "uv": [62, 60]
            }
          ]
        },
        {
          "name": "ear_l",
          "parent": "head",
          "pivot": [3.5, 29.5, -13.75],
          "rotation": [-40, 25, 22.5],
          "cubes": [
            {
              "origin": [1.5, 25.51, -13.75],
              "size": [2, 5, 5],
              "uv": [57, 34]
            },
            {
              "origin": [1.5, 30.51, -13.75],
              "size": [2, 2, 4],
              "uv": [62, 45]
            },
            { "origin": [1.5, 32.51, -13.75], "size": [2, 1, 3], "uv": [47, 0] }
          ]
        },
        {
          "name": "ear_r",
          "parent": "head",
          "pivot": [-3.5, 29.5, -13.75],
          "rotation": [-40, -25, -22.5],
          "cubes": [
            {
              "origin": [-3.5, 25.5, -13.75],
              "size": [2, 5, 5],
              "uv": [53, 19]
            },
            {
              "origin": [-3.5, 30.5, -13.75],
              "size": [2, 2, 4],
              "uv": [0, 62]
            },
            {
              "origin": [-3.5, 32.5, -13.75],
              "size": [2, 1, 3],
              "uv": [45, 39]
            }
          ]
        },
        {
          "name": "face",
          "parent": "head",
          "pivot": [0, 23.5, -13.5],
          "rotation": [0, 45, 0],
          "cubes": [
            {
              "origin": [-2.25, 23.5, -16.25],
              "size": [5, 5, 5],
              "uv": [29, 39]
            }
          ]
        },
        {
          "name": "face_r",
          "parent": "face",
          "pivot": [0, 29.5, -13.5],
          "cubes": [
            {
              "origin": [-3.25, 24.5, -16.26],
              "size": [5, 2, 0],
              "pivot": [1.75, 26.5, -16.25],
              "rotation": [0, 0, 30],
              "uv": [15, 32]
            },
            { "origin": [0.75, 27, -16.26], "size": [1, 1, 0], "uv": [11, 0] },
            {
              "origin": [-4.25, 22.5, -16.25],
              "size": [2, 3, 0],
              "uv": [31, 21]
            }
          ]
        },
        {
          "name": "eye_r",
          "parent": "face_r",
          "pivot": [0.25, 26.5, -17.5],
          "rotation": [15, -90, 0],
          "cubes": [
            {
              "origin": [1.48, 25.5, -18],
              "size": [0, 1, 2],
              "pivot": [0.25, 26.5, -17.5],
              "rotation": [5, 0, 0],
              "uv": [9, 10]
            },
            { "origin": [1.47, 25.5, -17.75], "size": [0, 1, 1], "uv": [8, 0] }
          ]
        },
        {
          "name": "eye_r_closed",
          "parent": "eye_r",
          "pivot": [0.25, 26.5, -17.5],
          "cubes": [
            {
              "origin": [1.5, 25.5, -18],
              "size": [0, 1, 2],
              "pivot": [0.25, 26.5, -17.5],
              "rotation": [5, 0, 0],
              "uv": [9, 31]
            }
          ]
        },
        {
          "name": "face_l",
          "parent": "face",
          "pivot": [0, 29.5, -13.5],
          "rotation": [0, -90, 0],
          "cubes": [
            {
              "origin": [-1.75, 24.5, -16.26],
              "size": [5, 2, 0],
              "pivot": [-1.75, 26.5, -16.25],
              "rotation": [0, 0, -30],
              "uv": [27, 11]
            },
            { "origin": [-1.75, 27, -16.26], "size": [1, 1, 0], "uv": [11, 0] },
            { "origin": [2.25, 22.5, -16.25], "size": [2, 3, 0], "uv": [27, 0] }
          ]
        },
        {
          "name": "eye_l",
          "parent": "face_l",
          "pivot": [-0.25, 26.5, -17.5],
          "rotation": [15, 90, 0],
          "cubes": [
            {
              "origin": [-1.48, 25.5, -18],
              "size": [0, 1, 2],
              "pivot": [-0.25, 26.5, -17.5],
              "rotation": [5, 0, 0],
              "uv": [9, 10]
            },
            { "origin": [-1.47, 25.5, -17.75], "size": [0, 1, 1], "uv": [0, 0] }
          ]
        },
        {
          "name": "eye_l_closed",
          "parent": "eye_l",
          "pivot": [-0.25, 26.5, -17.5],
          "cubes": [
            {
              "origin": [-1.5, 25.5, -18],
              "size": [0, 1, 2],
              "pivot": [-0.25, 26.5, -17.5],
              "rotation": [5, 0, 0],
              "uv": [8, 71]
            }
          ]
        },
        {
          "name": "shoulder_l",
          "parent": "body",
          "pivot": [3.5, 17, -8],
          "cubes": [
            { "origin": [2, 9, -10], "size": [3, 9, 4], "uv": [17, 49] }
          ]
        },
        {
          "name": "forearm_l",
          "parent": "shoulder_l",
          "pivot": [3.5, 9, -7],
          "cubes": [
            {
              "origin": [2.5, 0, -8.5],
              "size": [2, 9, 2],
              "pivot": [3.5, 8, -6],
              "rotation": [-7.5, 0, 0],
              "uv": [1, 1]
            },
            { "origin": [3.5, 6, -6.75], "size": [0, 3, 2], "uv": [41, 11] }
          ]
        },
        {
          "name": "shoulder_r",
          "parent": "body",
          "pivot": [-3.5, 17, -8],
          "cubes": [
            { "origin": [-5, 9, -10], "size": [3, 9, 4], "uv": [32, 54] }
          ]
        },
        {
          "name": "forearm_r",
          "parent": "shoulder_r",
          "pivot": [-3.5, 9, -7],
          "cubes": [
            {
              "origin": [-4.5, 0, -8.5],
              "size": [2, 9, 2],
              "pivot": [-3.5, 8, -6],
              "rotation": [-7.5, 0, 0],
              "uv": [1, 22]
            },
            { "origin": [-3.5, 6, -6.75], "size": [0, 3, 2], "uv": [41, 11] }
          ]
        },
        {
          "name": "thigh_r",
          "parent": "body",
          "pivot": [-3, 15, 6],
          "cubes": [
            { "origin": [-5, 10, 3.5], "size": [3, 7, 5], "uv": [47, 6] }
          ]
        },
        {
          "name": "knee_r",
          "parent": "thigh_r",
          "pivot": [-3, 10, 3.5],
          "rotation": [30, 0, 0],
          "cubes": [
            { "origin": [-4.99, 5, 3.5], "size": [3, 5, 4], "uv": [47, 58] }
          ]
        },
        {
          "name": "calf_r",
          "parent": "knee_r",
          "pivot": [-3.5, 5, 7.5],
          "rotation": [-35, 0, 0],
          "cubes": [
            { "origin": [-4.98, -3, 5.5], "size": [3, 8, 2], "uv": [59, 0] }
          ]
        },
        {
          "name": "thigh_l",
          "parent": "body",
          "pivot": [3, 15, 6],
          "cubes": [
            { "origin": [2, 10, 3.5], "size": [3, 7, 5], "uv": [45, 45] }
          ]
        },
        {
          "name": "knee_l",
          "parent": "thigh_l",
          "pivot": [3, 10, 3.5],
          "rotation": [30, 0, 0],
          "cubes": [
            { "origin": [1.99, 5, 3.5], "size": [3, 5, 4], "uv": [47, 58] }
          ]
        },
        {
          "name": "calf_l",
          "parent": "knee_l",
          "pivot": [3.5, 5, 7.5],
          "rotation": [-35, 0, 0],
          "cubes": [
            { "origin": [1.98, -3, 5.5], "size": [3, 8, 2], "uv": [15, 21] }
          ]
        },
        {
          "name": "tail",
          "parent": "body",
          "pivot": [0, 18, 9.5],
          "cubes": [
            { "origin": [-0.5, 17.5, 9.5], "size": [1, 1, 5], "uv": [58, 53] }
          ]
        },
        {
          "name": "tail_seg2",
          "parent": "tail",
          "pivot": [-0.5, 18, 14.5],
          "cubes": [
            { "origin": [-0.5, 17.5, 14.5], "size": [1, 1, 5], "uv": [71, 53] }
          ]
        },
        {
          "name": "tail_seg3",
          "parent": "tail_seg2",
          "pivot": [-0.5, 18, 19.5],
          "cubes": [
            { "origin": [-0.5, 17.5, 19.5], "size": [1, 1, 5], "uv": [34, 91] }
          ]
        },
        {
          "name": "tail_seg4",
          "parent": "tail_seg3",
          "pivot": [-0.5, 18, 24.5],
          "cubes": [
            { "origin": [-0.5, 17.5, 24.5], "size": [1, 1, 5], "uv": [89, 83] }
          ]
        },
        {
          "name": "tail_seg5",
          "parent": "tail_seg4",
          "pivot": [-0.5, 18, 29.5],
          "cubes": [
            { "origin": [-0.5, 17.5, 29.5], "size": [1, 1, 5], "uv": [61, 72] }
          ]
        },
        {
          "name": "tail_seg6",
          "parent": "tail_seg5",
          "pivot": [-0.5, 18, 34.5],
          "cubes": [
            { "origin": [-0.5, 17.5, 34.5], "size": [1, 1, 5], "uv": [110, 44] }
          ]
        },
        {
          "name": "tail_seg_end",
          "parent": "tail_seg6",
          "pivot": [-0.5, 18, 39.5],
          "cubes": [
            { "origin": [-0.5, 17.5, 39.5], "size": [1, 1, 5], "uv": [26, 69] },
            { "origin": [0, 10, 38.5], "size": [0, 14, 14], "uv": [0, 21] }
          ]
        }
      ]
    }
  ]
}
