{
  "format_version": "1.12.0",
  "minecraft:geometry": [
    {
      "description": {
        "identifier": "geometry.litleo",
        "texture_width": 64,
        "texture_height": 64,
        "visible_bounds_width": 4,
        "visible_bounds_height": 2.5,
        "visible_bounds_offset": [0, 0.75, 0]
      },
      "bones": [
        {
          "name": "body",
          "pivot": [0, 0, 0],
          "cubes": [
            { "origin": [-2.5, 5, -5], "size": [5, 5, 11], "uv": [0, 0] }
          ]
        },
        {
          "name": "head",
          "parent": "body",
          "pivot": [0, 10, -2],
          "cubes": [
            { "origin": [-4, 10, -8], "size": [8, 7, 7], "uv": [0, 17] },
            {
              "origin": [1.75, 15, -5],
              "size": [4, 4, 2],
              "pivot": [3.5, 17, -4],
              "rotation": [0, 0, 45],
              "uv": [32, 23]
            },
            {
              "origin": [-5.75, 15, -5],
              "size": [4, 4, 2],
              "pivot": [-3.5, 17, -4],
              "rotation": [0, 0, -45],
              "uv": [0, 32]
            },
            {
              "origin": [0, 15, -8.5],
              "size": [0, 4, 8],
              "pivot": [0, 17, -5],
              "rotation": [-10, 0, 0],
              "uv": [23, 24]
            }
          ]
        },
        {
          "name": "eye_r",
          "parent": "head",
          "pivot": [-2.25, 13.5, -8.015],
          "rotation": [0, 0, 2.5],
          "cubes": [
            {
              "origin": [-3.25, 12.5, -8.01],
              "size": [2, 2, 0],
              "uv": [24, 20]
            },
            { "origin": [-2.5, 13.25, -8.02], "size": [1, 1, 0], "uv": [0, 9] }
          ]
        },
        {
          "name": "closed_r",
          "parent": "eye_r",
          "pivot": [-2.25, 13.5, -8.015],
          "cubes": [
            {
              "origin": [-3.25, 12.5, -7.765],
              "size": [2, 2, 0],
              "uv": [0, 56]
            }
          ]
        },
        {
          "name": "eye_l",
          "parent": "head",
          "pivot": [2.25, 13.5, -8.015],
          "rotation": [0, 0, -2.5],
          "cubes": [
            {
              "origin": [1.25, 12.5, -8.01],
              "size": [2, 2, 0],
              "uv": [24, 17]
            },
            { "origin": [1.5, 13.25, -8.02], "size": [1, 1, 0], "uv": [8, 0] }
          ]
        },
        {
          "name": "closed_l",
          "parent": "eye_l",
          "pivot": [2.25, 13.5, -8.015],
          "cubes": [
            { "origin": [1.25, 12.5, -7.765], "size": [2, 2, 0], "uv": [0, 53] }
          ]
        },
        {
          "name": "snout",
          "parent": "head",
          "pivot": [0.5, 13, -8],
          "cubes": [
            {
              "origin": [-2, 11, -9],
              "size": [2, 2, 2],
              "pivot": [0, 12.75, -8],
              "rotation": [0, 0, -5],
              "uv": [41, 18]
            },
            {
              "origin": [0, 11, -9],
              "size": [2, 2, 2],
              "pivot": [0, 12.75, -8],
              "rotation": [0, 0, 5],
              "uv": [22, 43]
            },
            {
              "origin": [-1, 12.25, -9],
              "size": [2, 1, 1],
              "pivot": [0, 12.75, -8.5],
              "rotation": [27.5, 0, 0],
              "uv": [0, 17]
            }
          ],
          "locators": {
            "fire": [0, 14, -13]
          }
        },
        {
          "name": "mouth",
          "parent": "head",
          "pivot": [0, 11, -8],
          "cubes": [
            { "origin": [-1, 10.25, -7.76], "size": [2, 1, 0], "uv": [1, 51] }
          ]
        },
        {
          "name": "shoulder_r",
          "parent": "body",
          "pivot": [-2.5, 7, -3.25],
          "cubes": [
            { "origin": [-3.5, 2, -4.24], "size": [2, 7, 2], "uv": [13, 40] }
          ]
        },
        {
          "name": "paw_r",
          "parent": "shoulder_r",
          "pivot": [-2.5, 2, -2.25],
          "cubes": [
            { "origin": [-4, 0, -5.25], "size": [3, 2, 3], "uv": [0, 39] }
          ]
        },
        {
          "name": "shoulder_l",
          "parent": "body",
          "pivot": [2.5, 7, -3.25],
          "cubes": [
            { "origin": [1.5, 2, -4.24], "size": [2, 7, 2], "uv": [36, 37] }
          ]
        },
        {
          "name": "paw_l",
          "parent": "shoulder_l",
          "pivot": [2.5, 2, -2.25],
          "cubes": [
            { "origin": [1, 0, -5.25], "size": [3, 2, 3], "uv": [23, 37] }
          ]
        },
        {
          "name": "thigh_r",
          "parent": "body",
          "pivot": [-2.5, 7, 4.5],
          "rotation": [5, 0, 0],
          "cubes": [
            { "origin": [-3.5, 4, 2.51], "size": [2, 5, 3], "uv": [30, 14] }
          ]
        },
        {
          "name": "calf_r",
          "parent": "thigh_r",
          "pivot": [-3.25, 4, 5.5],
          "rotation": [-10, 0, 0],
          "cubes": [
            { "origin": [-3.49, 1, 3.51], "size": [2, 3, 2], "uv": [41, 12] }
          ]
        },
        {
          "name": "foot_r",
          "parent": "calf_r",
          "pivot": [-2.5, 2, 5.5],
          "rotation": [5, 0, 0],
          "cubes": [
            { "origin": [-4, 0, 2.5], "size": [3, 2, 3], "uv": [36, 6] }
          ]
        },
        {
          "name": "thigh_l",
          "parent": "body",
          "pivot": [2.5, 7, 4.5],
          "rotation": [5, 0, 0],
          "cubes": [
            { "origin": [1.5, 4, 2.51], "size": [2, 5, 3], "uv": [0, 0] }
          ]
        },
        {
          "name": "calf_l",
          "parent": "thigh_l",
          "pivot": [1.75, 4, 5.5],
          "rotation": [-10, 0, 0],
          "cubes": [
            { "origin": [1.49, 1, 3.51], "size": [2, 3, 2], "uv": [40, 30] }
          ]
        },
        {
          "name": "foot_l",
          "parent": "calf_l",
          "pivot": [2.5, 2, 5.5],
          "rotation": [5, 0, 0],
          "cubes": [
            { "origin": [1, 0, 2.5], "size": [3, 2, 3], "uv": [13, 34] }
          ]
        },
        {
          "name": "tail",
          "parent": "body",
          "pivot": [0, 10, 6],
          "cubes": [
            { "origin": [-0.5, 9, 6], "size": [1, 1, 4], "uv": [39, 0] }
          ]
        },
        {
          "name": "tail2",
          "parent": "tail",
          "pivot": [0, 10, 10],
          "cubes": [
            { "origin": [-0.5, 9, 10], "size": [1, 1, 3], "uv": [45, 23] }
          ]
        },
        {
          "name": "tail3",
          "parent": "tail2",
          "pivot": [0, 10, 13],
          "cubes": [
            { "origin": [-0.5, 9, 13], "size": [1, 1, 3], "uv": [42, 44] }
          ]
        },
        {
          "name": "tail_fluff",
          "parent": "tail3",
          "pivot": [0, 10, 16],
          "cubes": [
            { "origin": [-1, 8.5, 16], "size": [2, 2, 2], "uv": [0, 45] }
          ]
        },
        {
          "name": "tail_fluff_point",
          "parent": "tail_fluff",
          "pivot": [0, 8.5, 18],
          "rotation": [10, 0, 0],
          "cubes": [
            { "origin": [-0.5, 8.5, 18], "size": [1, 1, 1], "uv": [0, 20] },
            {
              "origin": [0, 8.5, 19],
              "size": [0, 1, 1],
              "pivot": [0, 8.5, 19],
              "rotation": [15, 0, 0],
              "uv": [0, 0]
            }
          ]
        }
      ]
    }
  ]
}
