{
  "format_version": "1.12.0",
  "minecraft:geometry": [
    {
      "description": {
        "identifier": "geometry.Mewtwo",
        "texture_width": 128,
        "texture_height": 128,
        "visible_bounds_width": 9,
        "visible_bounds_height": 4.5,
        "visible_bounds_offset": [0, 1.75, 0]
      },
      "bones": [
        {
          "name": "mewtwo",
          "pivot": [0, 0, 0]
        },
        {
          "name": "body",
          "parent": "mewtwo",
          "pivot": [0, 0, 0]
        },
        {
          "name": "torso_lower",
          "parent": "body",
          "pivot": [0, 18, 7],
          "cubes": [
            {
              "origin": [-4, 12, 1],
              "size": [8, 9, 9],
              "pivot": [0, 0, 0],
              "rotation": [-5, 0, 0],
              "uv": [0, 0]
            }
          ]
        },
        {
          "name": "torso_middle",
          "parent": "torso_lower",
          "pivot": [0, 20, 7],
          "cubes": [
            { "origin": [-3, 16, 3.5], "size": [6, 8, 6], "uv": [26, 35] }
          ]
        },
        {
          "name": "torso_upper",
          "parent": "torso_middle",
          "pivot": [0, 23, 7],
          "cubes": [
            {
              "origin": [-3, 24, -1.5],
              "size": [6, 6, 7],
              "inflate": 0.01,
              "pivot": [0, -1, 0],
              "rotation": [-10, 0, 0],
              "uv": [0, 18]
            },
            {
              "origin": [-2, 25, -1.5],
              "size": [4, 5, 1],
              "inflate": 0.14,
              "pivot": [0, -1, 0],
              "rotation": [-10, 0, 0],
              "uv": [68, 54]
            },
            {
              "origin": [-3, 26, -1.5],
              "size": [6, 4, 7],
              "inflate": 0.15,
              "pivot": [0, -1, 0],
              "rotation": [-10, 0, 0],
              "uv": [23, 24]
            },
            {
              "origin": [-0.5, 24.5, -6.5],
              "size": [1, 3, 1],
              "pivot": [0, -1, 0],
              "rotation": [-20, 0, 0],
              "uv": [25, 0]
            }
          ]
        },
        {
          "name": "neck",
          "parent": "torso_upper",
          "pivot": [0, 30, 5],
          "cubes": [
            { "origin": [-1, 28, 4.5], "size": [2, 4, 2], "uv": [12, 74] }
          ]
        },
        {
          "name": "head",
          "parent": "neck",
          "pivot": [0, 32, 6],
          "cubes": [
            { "origin": [-3.5, 32, 4.25], "size": [7, 6, 6], "uv": [0, 31] },
            {
              "origin": [-1, 32, 4],
              "size": [2, 2, 3],
              "inflate": -0.15,
              "pivot": [0, -1, 0],
              "rotation": [7.5, 0, 0],
              "uv": [14, 55]
            },
            {
              "origin": [-0.5, 31.75, 4.5],
              "size": [1, 1, 3],
              "inflate": 0.1,
              "pivot": [0, -1, 0],
              "rotation": [7.5, 0, 0],
              "uv": [28, 76]
            },
            {
              "origin": [-5.5, 32, 0.5],
              "size": [5, 6, 5],
              "inflate": -0.01,
              "pivot": [0, -1, 0],
              "rotation": [0, 45, 0],
              "uv": [24, 49]
            }
          ]
        },
        {
          "name": "handle",
          "parent": "head",
          "pivot": [0, 30.45313, 9.65462],
          "rotation": [-20, 0, 0],
          "cubes": [
            {
              "origin": [-1, 11.3764, 39.29124],
              "size": [2, 5, 2],
              "inflate": 0.001,
              "pivot": [0, -3.1236, 8.04124],
              "rotation": [60, 0, 0],
              "uv": [94, 0]
            },
            {
              "origin": [-1, 27.6764, 19.28662],
              "size": [2, 3, 2],
              "inflate": 0.01,
              "pivot": [0, -3.1236, 8.04124],
              "rotation": [15, 0, 0],
              "uv": [82, 0]
            },
            {
              "origin": [-1, 25.17327, 2.13662],
              "size": [2, 5, 2],
              "inflate": 0.001,
              "pivot": [0, -3.1236, 8.04124],
              "rotation": [-15, 0, 0],
              "uv": [83, 13]
            }
          ]
        },
        {
          "name": "bone24",
          "parent": "head",
          "pivot": [0, 2, -10],
          "rotation": [-15, 0, 0],
          "cubes": [
            {
              "origin": [7.5, 37, -4.75],
              "size": [1, 6, 2],
              "pivot": [0, 2, -10],
              "rotation": [0, 0, -15],
              "uv": [0, 73]
            },
            {
              "origin": [8, 41.5, -4.75],
              "size": [0, 2, 4],
              "pivot": [0, 2, -10],
              "rotation": [0, 0, -15],
              "uv": [20, 31]
            }
          ]
        },
        {
          "name": "bone25",
          "parent": "head",
          "pivot": [0, 2, -10],
          "rotation": [-15, 0, 0],
          "cubes": [
            {
              "origin": [-8.5, 37, -4.75],
              "size": [1, 6, 2],
              "pivot": [0, 2, -10],
              "rotation": [0, 0, 15],
              "uv": [0, 73],
              "mirror": true
            },
            {
              "origin": [-8, 41.5, -4.75],
              "size": [0, 2, 4],
              "pivot": [0, 2, -10],
              "rotation": [0, 0, 15],
              "uv": [20, 31],
              "mirror": true
            }
          ]
        },
        {
          "name": "bone7",
          "parent": "head",
          "pivot": [0, -1, 0],
          "cubes": [
            {
              "origin": [-5, 34, 0.5],
              "size": [2, 2, 0],
              "inflate": 0.01,
              "pivot": [0, -1, 0],
              "rotation": [0, 45, 0],
              "uv": [0, 20]
            },
            {
              "origin": [-4, 34, 0.5],
              "size": [2, 2, 0],
              "inflate": 0.01,
              "pivot": [0, -1, 0],
              "rotation": [0, 45, 0],
              "uv": [0, 20]
            },
            {
              "origin": [-13.25, 34, 0.5],
              "size": [4, 1, 0],
              "inflate": 0.03,
              "pivot": [0, -1, 0],
              "rotation": [12.2127, 43.65747, 17.40744],
              "uv": [23, 23]
            },
            {
              "origin": [-13.25, 34.25, 0.5],
              "size": [4, 1, 0],
              "inflate": 0.03,
              "pivot": [0, -1, 0],
              "rotation": [12.2127, 43.65747, 17.40744],
              "uv": [23, 23]
            }
          ]
        },
        {
          "name": "bone22",
          "parent": "bone7",
          "pivot": [0, -1, 0]
        },
        {
          "name": "bone20",
          "parent": "bone22",
          "pivot": [0, -1, 0],
          "cubes": [
            {
              "origin": [-4, 34, 0.5],
              "size": [2, 2, 0],
              "inflate": 0.015,
              "pivot": [0, -1, 0],
              "rotation": [0, 45, 0],
              "uv": [4, 31]
            }
          ]
        },
        {
          "name": "bone21",
          "parent": "bone20",
          "pivot": [0, -1, 0],
          "cubes": [
            {
              "origin": [-3.25, 34.25, 0.375],
              "size": [1, 2, 1],
              "inflate": -0.1,
              "pivot": [0, -1, 0],
              "rotation": [0, 45, 0],
              "uv": [22, 19]
            }
          ]
        },
        {
          "name": "bone23",
          "parent": "bone22",
          "pivot": [0, -1, 0],
          "cubes": [
            {
              "origin": [-4.3, 35, 0.5],
              "size": [1, 1, 0],
              "inflate": 0.025,
              "pivot": [0, -1, 0],
              "rotation": [0, 45, 0],
              "uv": [5, 2]
            }
          ]
        },
        {
          "name": "bone8",
          "parent": "head",
          "pivot": [0, -1, 0],
          "cubes": [
            {
              "origin": [3, 34, 0.5],
              "size": [2, 2, 0],
              "inflate": 0.01,
              "pivot": [0, -1, 0],
              "rotation": [0, -45, 0],
              "uv": [0, 20],
              "mirror": true
            },
            {
              "origin": [2, 34, 0.5],
              "size": [2, 2, 0],
              "inflate": 0.01,
              "pivot": [0, -1, 0],
              "rotation": [0, -45, 0],
              "uv": [0, 20],
              "mirror": true
            },
            {
              "origin": [3.3, 35, 0.5],
              "size": [1, 1, 0],
              "inflate": 0.025,
              "pivot": [0, -1, 0],
              "rotation": [0, -45, 0],
              "uv": [5, 2],
              "mirror": true
            },
            {
              "origin": [9.25, 34, 0.5],
              "size": [4, 1, 0],
              "inflate": 0.03,
              "pivot": [0, -1, 0],
              "rotation": [12.2127, -43.65747, -17.40744],
              "uv": [23, 23],
              "mirror": true
            },
            {
              "origin": [9.25, 34.25, 0.5],
              "size": [4, 1, 0],
              "inflate": 0.03,
              "pivot": [0, -1, 0],
              "rotation": [12.2127, -43.65747, -17.40744],
              "uv": [23, 23],
              "mirror": true
            }
          ]
        },
        {
          "name": "bone19",
          "parent": "bone8",
          "pivot": [0, -1, 0],
          "cubes": [
            {
              "origin": [2.25, 34.25, 0.375],
              "size": [1, 2, 1],
              "inflate": -0.1,
              "pivot": [0, -1, 0],
              "rotation": [0, -45, 0],
              "uv": [22, 19],
              "mirror": true
            },
            {
              "origin": [2, 34, 0.5],
              "size": [2, 2, 0],
              "inflate": 0.015,
              "pivot": [0, -1, 0],
              "rotation": [0, -45, 0],
              "uv": [4, 31],
              "mirror": true
            }
          ]
        },
        {
          "name": "arm_left",
          "parent": "torso_upper",
          "pivot": [3, 29, 7],
          "cubes": [
            {
              "origin": [2.5, 25.5, 5],
              "size": [2, 3, 3],
              "uv": [16, 68],
              "mirror": true
            }
          ]
        },
        {
          "name": "arm_left2",
          "parent": "arm_left",
          "pivot": [4, 28, 7],
          "cubes": [
            {
              "origin": [4, 26, 5.5],
              "size": [7, 2, 2],
              "uv": [58, 0],
              "mirror": true
            }
          ]
        },
        {
          "name": "arm_left3",
          "parent": "arm_left2",
          "pivot": [11, 28, 6],
          "cubes": [
            {
              "origin": [11, 26, 5.5],
              "size": [6, 2, 2],
              "uv": [62, 17],
              "mirror": true
            }
          ]
        },
        {
          "name": "hand_left",
          "parent": "arm_left3",
          "pivot": [17, 28, 7],
          "cubes": [
            {
              "origin": [17, 26, 5],
              "size": [4, 2, 3],
              "uv": [52, 66],
              "mirror": true
            }
          ]
        },
        {
          "name": "finger_middle_left",
          "parent": "hand_left",
          "pivot": [21, 27, 5],
          "rotation": [0, -90, 0],
          "cubes": [
            {
              "origin": [21, 26.5, 3.5],
              "size": [1, 1, 2],
              "uv": [73, 38],
              "mirror": true
            }
          ]
        },
        {
          "name": "bone2",
          "parent": "finger_middle_left",
          "pivot": [21, 27, 4],
          "cubes": [
            {
              "origin": [21, 26.5, 2.5],
              "size": [1, 1, 1],
              "inflate": 0.2,
              "uv": [3, 23],
              "mirror": true
            }
          ]
        },
        {
          "name": "finger_outer_left",
          "parent": "hand_left",
          "pivot": [21, 27, 7],
          "rotation": [0, -90, 0],
          "cubes": [
            {
              "origin": [21, 26.5, 5.5],
              "size": [1, 1, 2],
              "uv": [27, 61],
              "mirror": true
            }
          ]
        },
        {
          "name": "bone3",
          "parent": "finger_outer_left",
          "pivot": [21, 27, 6],
          "cubes": [
            {
              "origin": [21, 26.5, 4.5],
              "size": [1, 1, 1],
              "inflate": 0.2,
              "uv": [0, 22],
              "mirror": true
            }
          ]
        },
        {
          "name": "thumb_left",
          "parent": "hand_left",
          "pivot": [19, 27, 5],
          "cubes": [
            {
              "origin": [19, 26.5, 3],
              "size": [1, 1, 2],
              "uv": [45, 15],
              "mirror": true
            }
          ]
        },
        {
          "name": "bone",
          "parent": "thumb_left",
          "pivot": [20, 27, 4],
          "cubes": [
            {
              "origin": [19, 26.5, 2.5],
              "size": [1, 1, 1],
              "inflate": 0.2,
              "uv": [5, 0],
              "mirror": true
            }
          ]
        },
        {
          "name": "arm_right",
          "parent": "torso_upper",
          "pivot": [-3, 29, 7],
          "cubes": [
            { "origin": [-4.5, 25.5, 5], "size": [2, 3, 3], "uv": [16, 68] }
          ]
        },
        {
          "name": "arm_right2",
          "parent": "arm_right",
          "pivot": [-4, 28, 7],
          "cubes": [
            { "origin": [-11, 26, 5.5], "size": [7, 2, 2], "uv": [58, 0] }
          ]
        },
        {
          "name": "arm_right3",
          "parent": "arm_right2",
          "pivot": [-11, 28, 6],
          "cubes": [
            { "origin": [-17, 26, 5.5], "size": [6, 2, 2], "uv": [62, 17] }
          ]
        },
        {
          "name": "hand_right",
          "parent": "arm_right3",
          "pivot": [-17, 28, 7],
          "cubes": [
            { "origin": [-21, 26, 5], "size": [4, 2, 3], "uv": [52, 66] }
          ]
        },
        {
          "name": "finger_middle_right",
          "parent": "hand_right",
          "pivot": [-21, 27, 5],
          "rotation": [0, 90, 0],
          "cubes": [
            { "origin": [-22, 26.5, 3.5], "size": [1, 1, 2], "uv": [73, 38] }
          ]
        },
        {
          "name": "bone4",
          "parent": "finger_middle_right",
          "pivot": [-21, 27, 4],
          "cubes": [
            {
              "origin": [-22, 26.5, 2.5],
              "size": [1, 1, 1],
              "inflate": 0.2,
              "uv": [3, 23]
            }
          ]
        },
        {
          "name": "finger_outer_right",
          "parent": "hand_right",
          "pivot": [-21, 27, 7],
          "rotation": [0, 90, 0],
          "cubes": [
            { "origin": [-22, 26.5, 5.5], "size": [1, 1, 2], "uv": [27, 61] }
          ]
        },
        {
          "name": "bone5",
          "parent": "finger_outer_right",
          "pivot": [-21, 27, 6],
          "cubes": [
            {
              "origin": [-22, 26.5, 4.5],
              "size": [1, 1, 1],
              "inflate": 0.2,
              "uv": [0, 22]
            }
          ]
        },
        {
          "name": "thumb_right",
          "parent": "hand_right",
          "pivot": [-19, 27, 5],
          "cubes": [
            { "origin": [-20, 26.5, 3], "size": [1, 1, 2], "uv": [45, 15] }
          ]
        },
        {
          "name": "bone6",
          "parent": "thumb_right",
          "pivot": [-20, 27, 4],
          "cubes": [
            {
              "origin": [-20, 26.5, 2.5],
              "size": [1, 1, 1],
              "inflate": 0.2,
              "uv": [5, 0]
            }
          ]
        },
        {
          "name": "tail",
          "parent": "torso_lower",
          "pivot": [0, 16, 11],
          "cubes": [
            {
              "origin": [-3.5, 12.5, 9.5],
              "size": [7, 7, 4],
              "inflate": -0.01,
              "uv": [50, 31]
            }
          ]
        },
        {
          "name": "tail2",
          "parent": "tail",
          "pivot": [0, 16, 14],
          "cubes": [
            { "origin": [-3, 13, 13.5], "size": [6, 6, 6], "uv": [0, 43] }
          ]
        },
        {
          "name": "tail3",
          "parent": "tail2",
          "pivot": [0, 16, 19],
          "cubes": [
            { "origin": [-2.5, 13.5, 19.5], "size": [5, 5, 6], "uv": [46, 17] }
          ]
        },
        {
          "name": "tail4",
          "parent": "tail3",
          "pivot": [0, 16, 25],
          "cubes": [
            { "origin": [-2, 14, 25.5], "size": [4, 4, 6], "uv": [0, 55] }
          ]
        },
        {
          "name": "tail5",
          "parent": "tail4",
          "pivot": [0, 16, 31],
          "cubes": [
            { "origin": [-1.5, 14.5, 31.5], "size": [3, 3, 6], "uv": [56, 57] }
          ]
        },
        {
          "name": "tail6",
          "parent": "tail5",
          "pivot": [0, 16, 38],
          "cubes": [
            { "origin": [-1.5, 14.5, 37.5], "size": [3, 3, 5], "uv": [59, 9] }
          ]
        },
        {
          "name": "tail7",
          "parent": "tail6",
          "pivot": [0, 16, 43],
          "cubes": [
            { "origin": [-1.5, 14.5, 42.5], "size": [3, 3, 6], "uv": [38, 57] }
          ]
        },
        {
          "name": "tail8",
          "parent": "tail7",
          "pivot": [0, 16, 49],
          "cubes": [
            { "origin": [-2, 14, 48.5], "size": [4, 4, 5], "uv": [25, 0] }
          ]
        },
        {
          "name": "tail9",
          "parent": "tail8",
          "pivot": [0, 16, 54],
          "cubes": [
            { "origin": [-2.5, 13.5, 53.5], "size": [5, 5, 8], "uv": [26, 10] }
          ]
        },
        {
          "name": "leg_left",
          "parent": "body",
          "pivot": [4, 17, 7],
          "cubes": [
            {
              "origin": [3.5, 12, 1],
              "size": [4, 8, 6],
              "pivot": [2, 0, 0],
              "rotation": [-10, 0, 0],
              "uv": [44, 43],
              "mirror": true
            }
          ]
        },
        {
          "name": "leg_left2",
          "parent": "leg_left",
          "pivot": [6, 11, 4],
          "cubes": [
            {
              "origin": [4, 3, 6.5],
              "size": [3, 8, 3],
              "pivot": [2, 0, 0],
              "rotation": [15, 0, 0],
              "uv": [40, 66],
              "mirror": true
            }
          ]
        },
        {
          "name": "foot_left",
          "parent": "leg_left2",
          "pivot": [6, 6, 6],
          "cubes": [
            {
              "origin": [3.5, -2, 6.5],
              "size": [4, 4, 4],
              "pivot": [2, 0, 0],
              "rotation": [30, 0, 0],
              "uv": [0, 65],
              "mirror": true
            },
            {
              "origin": [2.5, -1, 7.5],
              "size": [1, 2, 2],
              "inflate": -0.01,
              "pivot": [2, 0, 0],
              "rotation": [30, 0, 0],
              "uv": [19, 44],
              "mirror": true
            }
          ]
        },
        {
          "name": "footseg2",
          "parent": "foot_left",
          "pivot": [2, 0, 0],
          "cubes": [
            {
              "origin": [4, -1.5, 2.5],
              "size": [3, 3, 5],
              "pivot": [2, 0, 0],
              "rotation": [30, 0, 0],
              "uv": [63, 23],
              "mirror": true
            }
          ]
        },
        {
          "name": "foot_left2",
          "parent": "foot_left",
          "pivot": [6, 3, 3],
          "cubes": [
            {
              "origin": [3.5, 0, 1],
              "size": [4, 3, 2],
              "inflate": 0.01,
              "uv": [50, 57],
              "mirror": true
            }
          ]
        },
        {
          "name": "toe_outer_left",
          "parent": "foot_left2",
          "pivot": [7, 3, 1],
          "cubes": [
            {
              "origin": [6, 0, -1],
              "size": [2, 3, 3],
              "pivot": [7, 0, 0],
              "rotation": [0, -15, 0],
              "uv": [72, 71],
              "mirror": true
            }
          ]
        },
        {
          "name": "toe_inner_left",
          "parent": "foot_left2",
          "pivot": [4, 3, 1],
          "cubes": [
            {
              "origin": [3, 0, -1.75],
              "size": [2, 3, 3],
              "pivot": [7, 0, 0],
              "rotation": [0, 15, 0],
              "uv": [72, 31],
              "mirror": true
            }
          ]
        },
        {
          "name": "leg_right",
          "parent": "body",
          "pivot": [-4, 17, 7],
          "cubes": [
            {
              "origin": [-7.5, 12, 1],
              "size": [4, 8, 6],
              "pivot": [-2, 0, 0],
              "rotation": [-10, 0, 0],
              "uv": [44, 43]
            }
          ]
        },
        {
          "name": "leg_right2",
          "parent": "leg_right",
          "pivot": [-6, 11, 4],
          "cubes": [
            {
              "origin": [-7, 3, 6.5],
              "size": [3, 8, 3],
              "pivot": [-2, 0, 0],
              "rotation": [15, 0, 0],
              "uv": [40, 66]
            }
          ]
        },
        {
          "name": "foot_right",
          "parent": "leg_right2",
          "pivot": [-6, 6, 6],
          "cubes": [
            {
              "origin": [-7.5, -2, 6.5],
              "size": [4, 4, 4],
              "pivot": [-2, 0, 0],
              "rotation": [30, 0, 0],
              "uv": [0, 65]
            },
            {
              "origin": [-3.5, -1, 7.5],
              "size": [1, 2, 2],
              "inflate": -0.01,
              "pivot": [-2, 0, 0],
              "rotation": [30, 0, 0],
              "uv": [19, 44]
            }
          ]
        },
        {
          "name": "footseg",
          "parent": "foot_right",
          "pivot": [-2, 0, 0],
          "cubes": [
            {
              "origin": [-7, -1.5, 2.5],
              "size": [3, 3, 5],
              "pivot": [-2, 0, 0],
              "rotation": [30, 0, 0],
              "uv": [63, 23]
            }
          ]
        },
        {
          "name": "foot_right2",
          "parent": "foot_right",
          "pivot": [-6, 3, 3],
          "cubes": [
            {
              "origin": [-7.5, 0, 1],
              "size": [4, 3, 2],
              "inflate": 0.01,
              "uv": [50, 57]
            }
          ]
        },
        {
          "name": "toe_outer_right",
          "parent": "foot_right2",
          "pivot": [-7, 3, 1],
          "cubes": [
            {
              "origin": [-8, 0, -1],
              "size": [2, 3, 3],
              "pivot": [-7, 0, 0],
              "rotation": [0, 15, 0],
              "uv": [72, 71]
            }
          ]
        },
        {
          "name": "toe_inner_right",
          "parent": "foot_right2",
          "pivot": [-4, 3, 1],
          "cubes": [
            {
              "origin": [-5, 0, -1.75],
              "size": [2, 3, 3],
              "pivot": [-7, 0, 0],
              "rotation": [0, -15, 0],
              "uv": [72, 31]
            }
          ]
        }
      ]
    }
  ]
}
