{
  "format_version": "1.12.0",
  "minecraft:geometry": [
    {
      "description": {
        "identifier": "geometry.unknown",
        "texture_width": 64,
        "texture_height": 64,
        "visible_bounds_width": 3,
        "visible_bounds_height": 2.5,
        "visible_bounds_offset": [0, 0.75, 0]
      },
      "bones": [
        {
          "name": "pawmot",
          "pivot": [0, 0, 0]
        },
        {
          "name": "body",
          "parent": "pawmot",
          "pivot": [0, 6.6, 0]
        },
        {
          "name": "rightleg",
          "parent": "body",
          "pivot": [1.9, 2.97676, 1.0394],
          "cubes": [
            { "origin": [0.4, 1.3, -0.5], "size": [3, 3, 3], "uv": [20, 12] }
          ]
        },
        {
          "name": "righfoot",
          "parent": "rightleg",
          "pivot": [1.9, 1.56514, 1.2591],
          "cubes": [
            { "origin": [0.9, 0, -0.6], "size": [2, 1, 3], "uv": [20, 10] },
            {
              "origin": [1.2, 0.7, 0.8],
              "size": [1.4, 2, 1.4],
              "pivot": [1.9, 1, 1.9],
              "rotation": [28, 0, 0],
              "uv": [26, 9]
            }
          ]
        },
        {
          "name": "leftleg",
          "parent": "body",
          "pivot": [-1.9, 2.97676, 1.0394],
          "cubes": [
            {
              "origin": [-3.4, 1.3, -0.5],
              "size": [3, 3, 3],
              "uv": [20, 12],
              "mirror": true
            }
          ]
        },
        {
          "name": "righfoot2",
          "parent": "leftleg",
          "pivot": [-1.9, 1.56514, 1.2591],
          "cubes": [
            {
              "origin": [-2.9, 0, -0.6],
              "size": [2, 1, 3],
              "uv": [18, 10],
              "mirror": true
            },
            {
              "origin": [-2.6, 0.7, 0.8],
              "size": [1.4, 2, 1.4],
              "pivot": [-1.9, 1, 1.9],
              "rotation": [28, 0, 0],
              "uv": [26, 9],
              "mirror": true
            }
          ]
        },
        {
          "name": "torso",
          "parent": "body",
          "pivot": [0, 1.6, 2],
          "cubes": [
            { "origin": [-3, 5.6, -2], "size": [6, 4, 6], "uv": [8, 10] },
            {
              "origin": [-3.2, 1.6, -2.3],
              "size": [6.4, 4, 6.4],
              "uv": [14, 14]
            },
            { "origin": [-2.5, 5.6, -2.3], "size": [5, 2, 2], "uv": [12, 14] }
          ]
        },
        {
          "name": "tail",
          "parent": "torso",
          "pivot": [-0.1, 3.69676, 3.75408],
          "cubes": [
            {
              "origin": [-0.6, 3.4, 3.2],
              "size": [1, 1, 4],
              "pivot": [-0.1, 3.4, 4.9],
              "rotation": [12, 0, 0],
              "uv": [10, 39]
            },
            {
              "origin": [-1.1, 4.83945, 5.32362],
              "size": [2, 3, 6],
              "pivot": [-0.1, 5.68945, 6.62362],
              "rotation": [43, 0, 0],
              "uv": [5, 35]
            },
            {
              "origin": [-1.1, 4.33945, 4.82362],
              "size": [2, 1, 5],
              "pivot": [-0.1, 5.38945, 6.62362],
              "rotation": [28, 0, 0],
              "uv": [6, 36]
            },
            {
              "origin": [-1.1, 4.46033, 6.82988],
              "size": [2, 1, 3],
              "pivot": [-0.1, 4.56033, 8.62988],
              "rotation": [9, 0, 0],
              "uv": [8, 38]
            },
            {
              "origin": [-0.8, 4.1, 5],
              "size": [1.4, 1, 2],
              "pivot": [-0.1, 3.7, 5.8],
              "rotation": [19, 0, 0],
              "uv": [9, 38]
            }
          ]
        },
        {
          "name": "rightarm2",
          "parent": "torso",
          "pivot": [2.8, 8.6, 1],
          "cubes": [
            { "origin": [2.1, 7.6, 0], "size": [3, 2, 2], "uv": [16, 10] }
          ]
        },
        {
          "name": "righthand",
          "parent": "rightarm2",
          "pivot": [4.1, 8.63, 1.08],
          "cubes": [
            { "origin": [7, 7.7, 0], "size": [2, 2, 2], "uv": [5, 37] },
            {
              "origin": [8.01, 8.4, 0.7],
              "size": [1, 0.6, 0.6],
              "uv": [20, 60]
            },
            {
              "origin": [7.3, 8.3, 1.5],
              "size": [2, 0.3, 0.2],
              "uv": [42, 56]
            },
            {
              "origin": [7.3, 9.3, 1.4],
              "size": [2, 0.3, 0.2],
              "pivot": [8.3, 9.25, 1.7],
              "rotation": [16, 0, 0],
              "uv": [42, 56]
            },
            {
              "origin": [7.3, 8.8, 1.5],
              "size": [2, 0.3, 0.2],
              "uv": [42, 56]
            },
            {
              "origin": [7.3, 9.3, 0.8],
              "size": [2, 0.3, 0.2],
              "pivot": [8.3, 9.35, 0.7],
              "rotation": [137, 0, 0],
              "uv": [42, 56]
            },
            {
              "origin": [7.3, 8.1, 1.4],
              "size": [2, 0.3, 0.2],
              "pivot": [8.3, 8.15, 1.3],
              "rotation": [-50, 0, 0],
              "uv": [42, 56]
            },
            { "origin": [7, 7.7, 0], "size": [2, 2, 2], "uv": [5, 37] },
            { "origin": [4.1, 7.1, -0.5], "size": [4, 3, 3], "uv": [44, 23] }
          ]
        },
        {
          "name": "leftarm2",
          "parent": "torso",
          "pivot": [-2.9, 8.6, 1],
          "cubes": [
            {
              "origin": [-5.1, 7.6, 0],
              "size": [3, 2, 2],
              "uv": [16, 10],
              "mirror": true
            }
          ]
        },
        {
          "name": "lefthand",
          "parent": "leftarm2",
          "pivot": [-4.1, 8.63, 1.08],
          "cubes": [
            {
              "origin": [-9, 7.7, 0],
              "size": [2, 2, 2],
              "uv": [5, 37],
              "mirror": true
            },
            {
              "origin": [-9.3, 8.3, 1.5],
              "size": [2, 0.3, 0.2],
              "uv": [42, 56],
              "mirror": true
            },
            {
              "origin": [-9.3, 9.3, 1.4],
              "size": [2, 0.3, 0.2],
              "pivot": [-8.3, 9.25, 1.7],
              "rotation": [16, 0, 0],
              "uv": [42, 56],
              "mirror": true
            },
            {
              "origin": [-9.3, 8.1, 1.4],
              "size": [2, 0.3, 0.2],
              "pivot": [-8.3, 8.15, 1.3],
              "rotation": [-50, 0, 0],
              "uv": [42, 56],
              "mirror": true
            },
            {
              "origin": [-9, 7.7, 0],
              "size": [2, 2, 2],
              "uv": [5, 37],
              "mirror": true
            },
            {
              "origin": [-9.3, 9.3, 0.8],
              "size": [2, 0.3, 0.2],
              "pivot": [-8.3, 9.35, 0.7],
              "rotation": [137, 0, 0],
              "uv": [42, 56],
              "mirror": true
            },
            {
              "origin": [-9.3, 8.8, 1.5],
              "size": [2, 0.3, 0.2],
              "uv": [42, 56],
              "mirror": true
            },
            {
              "origin": [-9.01, 8.4, 0.7],
              "size": [1, 0.6, 0.6],
              "uv": [20, 60],
              "mirror": true
            },
            {
              "origin": [-8.1, 7.1, -0.5],
              "size": [4, 3, 3],
              "uv": [44, 23],
              "mirror": true
            }
          ]
        },
        {
          "name": "neck",
          "parent": "torso",
          "pivot": [0, 9.8, 1],
          "cubes": [
            {
              "origin": [-2.8, 9.6, -1.8],
              "size": [5.6, 1, 5.6],
              "uv": [17, 9]
            },
            {
              "origin": [-0.8, 9.3, -3.1],
              "size": [1.6, 0.5, 2],
              "pivot": [0.1, 9.95, -2.5],
              "rotation": [39, 0, 0],
              "uv": [17, 9]
            },
            {
              "origin": [1, 9.3, -3.5],
              "size": [1.3, 0.5, 2],
              "pivot": [0.1, 9.95, -2.5],
              "rotation": [42.52509, -21.39822, -18.50104],
              "uv": [17, 9]
            },
            {
              "origin": [1.84265, 9.83238, -2.02682],
              "size": [1.3, 0.5, 2],
              "pivot": [2.74265, 10.08238, -1.02682],
              "rotation": [32.34726, -56.49578, -9.58486],
              "uv": [17, 9]
            },
            {
              "origin": [2.06973, 9.90154, -0.93086],
              "size": [1.3, 0.5, 2],
              "pivot": [2.76973, 10.15154, 0.06914],
              "rotation": [-155.28069, -87.85419, 176.00472],
              "uv": [17, 9]
            },
            {
              "origin": [-1.77881, 10.45823, -2.31962],
              "size": [1.3, 0.5, 2],
              "pivot": [-1.8736, 10.29471, -0.78162],
              "rotation": [42.52509, 21.39822, 18.50104],
              "uv": [17, 9],
              "mirror": true
            },
            {
              "origin": [-1.77881, 10.45823, 2.31962],
              "size": [1.3, 0.5, 2],
              "pivot": [-1.8736, 10.29471, 2.88162],
              "rotation": [-42.52509, -21.39822, 18.50104],
              "uv": [17, 9],
              "mirror": true
            },
            {
              "origin": [-0.67915, 9.91998, 2.48392],
              "size": [1.2, 0.5, 2],
              "pivot": [0.02085, 9.66998, 3.48392],
              "rotation": [-42.52509, 0, 0],
              "uv": [17, 9],
              "mirror": true
            },
            {
              "origin": [2.40482, 10.08013, 2.31877],
              "size": [1.3, 0.5, 2],
              "pivot": [2.2736, 9.99471, 2.88162],
              "rotation": [155.28069, 87.85419, 176.00472],
              "uv": [17, 9]
            },
            {
              "origin": [1.4325, 10.03703, 2.3276],
              "size": [1.3, 0.5, 2],
              "pivot": [2.2736, 9.99471, 2.88162],
              "rotation": [-32.34726, 56.49578, -9.58486],
              "uv": [17, 9]
            },
            {
              "origin": [-3.14265, 9.83238, -2.02682],
              "size": [1.3, 0.5, 2],
              "pivot": [-2.74265, 10.08238, -1.02682],
              "rotation": [32.34726, 56.49578, 9.58486],
              "uv": [17, 9],
              "mirror": true
            },
            {
              "origin": [-3.36973, 9.90154, -0.93086],
              "size": [1.3, 0.5, 2],
              "pivot": [-2.76973, 10.15154, 0.06914],
              "rotation": [-155.28069, 87.85419, -176.00472],
              "uv": [17, 9],
              "mirror": true
            },
            {
              "origin": [-3.70482, 10.08013, 2.31877],
              "size": [1.3, 0.5, 2],
              "pivot": [-2.2736, 9.99471, 2.88162],
              "rotation": [155.28069, -87.85419, -176.00472],
              "uv": [17, 9],
              "mirror": true
            },
            {
              "origin": [-2.7325, 10.03703, 2.3276],
              "size": [1.3, 0.5, 2],
              "pivot": [-2.2736, 9.99471, 2.88162],
              "rotation": [-32.34726, -56.49578, 9.58486],
              "uv": [17, 9],
              "mirror": true
            },
            {
              "origin": [0.37881, 10.45823, 2.31962],
              "size": [1.3, 0.5, 2],
              "pivot": [1.8736, 10.29471, 2.88162],
              "rotation": [-42.52509, 21.39822, -18.50104],
              "uv": [17, 9]
            }
          ]
        },
        {
          "name": "head",
          "parent": "neck",
          "pivot": [0, 10.3, 1],
          "cubes": [
            { "origin": [-3, 10.3, -2], "size": [6, 5, 6], "uv": [3, 13] }
          ]
        },
        {
          "name": "hair",
          "parent": "head",
          "pivot": [0.32472, 15.47604, -1.5],
          "rotation": [-7, 0, 0],
          "cubes": [
            {
              "origin": [-0.8, 14.2, -2.5],
              "size": [1.3, 3, 1.2],
              "pivot": [0.35, 15.55, -1.5],
              "rotation": [0, 0, 29],
              "uv": [58, 9]
            },
            {
              "origin": [-0.12635, 14.43025, -2.5],
              "size": [3, 1, 1],
              "pivot": [1.27365, 15.73025, -1.5],
              "rotation": [0, 0, 4],
              "uv": [49, 7]
            },
            {
              "origin": [-0.56458, 15.01548, -2.5],
              "size": [4, 1, 1.2],
              "pivot": [1.13542, 15.01548, -1.5],
              "rotation": [0, 0, -19],
              "uv": [49, 7]
            },
            {
              "origin": [1.03542, 15.71548, -2.5],
              "size": [3.5, 1.4, 1.2],
              "pivot": [1.13542, 15.01548, -0.5],
              "rotation": [0, 0, -35],
              "uv": [49, 5]
            },
            {
              "origin": [0.07007, 16.78661, -2.2],
              "size": [1, 2, 0.8],
              "pivot": [0.87007, 17.08661, -1.5],
              "rotation": [-14, 0, 1],
              "uv": [53, 11]
            },
            {
              "origin": [-1.0916, 15.13583, -2.3],
              "size": [1, 3, 1],
              "pivot": [-0.5916, 16.43583, -1.4],
              "rotation": [-9, 0, -10],
              "uv": [51, 9]
            },
            {
              "origin": [0.77365, 13.63025, -2.5],
              "size": [1.2, 0.7, 1],
              "pivot": [1.27365, 15.73025, -1.5],
              "rotation": [0, 0, 40],
              "uv": [49, 7]
            }
          ]
        },
        {
          "name": "rightear",
          "parent": "head",
          "pivot": [1.81192, 15.08462, 0.432],
          "cubes": [
            {
              "origin": [1.48362, 14.31907, -0.3],
              "size": [1, 4, 1],
              "pivot": [2.18362, 16.26907, 0.2],
              "rotation": [0, 0, 15],
              "uv": [52, 6]
            },
            {
              "origin": [2.28362, 14.21907, -0.3],
              "size": [1, 3, 0.4],
              "pivot": [2.18362, 16.26907, 0.2],
              "rotation": [0, 0, 39],
              "uv": [55, 7]
            },
            {
              "origin": [2.1, 15.2, -0.02],
              "size": [1.2, 2, 1],
              "pivot": [2.1, 17.95, 0.4],
              "rotation": [0, 0, 19],
              "uv": [3, 55]
            },
            {
              "origin": [1.84, 16.9, -0.02],
              "size": [1.2, 1.9, 1],
              "pivot": [2.1, 17.95, 0.4],
              "rotation": [0, 0, 3],
              "uv": [2, 56]
            },
            {
              "origin": [1.44, 16.6, 0],
              "size": [2, 3, 1],
              "pivot": [2.6, 17.65, 0.5],
              "rotation": [0, 0, 3],
              "uv": [9, 14]
            },
            {
              "origin": [1.7, 14.9, 0],
              "size": [2, 2, 1],
              "pivot": [2.6, 17.65, 0.5],
              "rotation": [0, 0, 19],
              "uv": [27, 14]
            }
          ]
        },
        {
          "name": "leftear",
          "parent": "head",
          "pivot": [-1.81192, 15.08462, 0.432],
          "cubes": [
            {
              "origin": [-2.38362, 14.31907, -0.3],
              "size": [1, 4, 1],
              "pivot": [-2.08362, 16.26907, 0.2],
              "rotation": [0, 0, -15],
              "uv": [52, 6],
              "mirror": true
            },
            {
              "origin": [-3.18362, 14.21907, -0.3],
              "size": [1, 3, 0.4],
              "pivot": [-2.08362, 16.26907, 0.2],
              "rotation": [0, 0, -39],
              "uv": [56, 10],
              "mirror": true
            },
            {
              "origin": [-3.3, 15.2, -0.02],
              "size": [1.2, 2, 1],
              "pivot": [-2.1, 17.95, 0.4],
              "rotation": [0, 0, -19],
              "uv": [3, 55],
              "mirror": true
            },
            {
              "origin": [-3.04, 16.9, -0.02],
              "size": [1.2, 1.9, 1],
              "pivot": [-2.1, 17.95, 0.4],
              "rotation": [0, 0, -3],
              "uv": [2, 56],
              "mirror": true
            },
            {
              "origin": [-3.44, 16.6, 0],
              "size": [2, 3, 1],
              "pivot": [-2.6, 17.65, 0.5],
              "rotation": [0, 0, -3],
              "uv": [9, 14],
              "mirror": true
            },
            {
              "origin": [-3.7, 14.9, 0],
              "size": [2, 2, 1],
              "pivot": [-2.6, 17.65, 0.5],
              "rotation": [0, 0, -19],
              "uv": [27, 14],
              "mirror": true
            }
          ]
        },
        {
          "name": "face",
          "parent": "head",
          "pivot": [0, 2.9, 2],
          "cubes": [
            {
              "origin": [2.417, 10.7, -2.017],
              "size": [0.6, 2.2, 2],
              "uv": [56, 54]
            },
            {
              "origin": [-3.017, 10.7, -2.017],
              "size": [0.6, 2.2, 2],
              "uv": [52, 54]
            },
            {
              "origin": [-1.2, 10.9, -2.017],
              "size": [2.4, 1.8, 1],
              "uv": [39, 55]
            },
            {
              "origin": [-0.31416, 11.1, -2.34],
              "size": [1.2, 0.8, 1],
              "inflate": -0.3,
              "pivot": [0.23584, 12.4, -2.08995],
              "rotation": [0, 0, 32.5],
              "uv": [40, 41]
            },
            {
              "origin": [-0.81416, 11.35, -2.34],
              "size": [1.2, 0.8, 1],
              "inflate": -0.3,
              "pivot": [0.23584, 12.4, -2.08995],
              "rotation": [0, 0, -32.5],
              "uv": [40, 42]
            },
            {
              "origin": [-0.35, 12.05, -2.36],
              "size": [0.7, 0.7, 1],
              "inflate": -0.3,
              "uv": [41, 40]
            },
            { "origin": [-2, 12.4, -2.021], "size": [1, 1, 1], "uv": [57, 40] },
            {
              "origin": [-1.6, 12.9, -2.0231],
              "size": [0.4, 0.4, 1],
              "uv": [48, 44]
            },
            {
              "origin": [-1.9, 12.5, -2.0231],
              "size": [0.3, 0.3, 1],
              "uv": [47, 37]
            },
            {
              "origin": [1.6, 12.5, -2.0231],
              "size": [0.3, 0.3, 1],
              "uv": [47, 37]
            },
            { "origin": [1, 12.4, -2.021], "size": [1, 1, 1], "uv": [58, 40] },
            {
              "origin": [1.2, 12.9, -2.0231],
              "size": [0.4, 0.4, 1],
              "uv": [48, 44]
            }
          ]
        },
        {
          "name": "mouth",
          "parent": "face",
          "pivot": [0.23584, 11.4, -1.78995]
        }
      ]
    }
  ]
}
