{
  "format_version": "1.12.0",
  "minecraft:geometry": [
    {
      "description": {
        "identifier": "geometry.unknown",
        "texture_width": 64,
        "texture_height": 64,
        "visible_bounds_width": 3,
        "visible_bounds_height": 2.5,
        "visible_bounds_offset": [0, 0.75, 0]
      },
      "bones": [
        {
          "name": "pawmi",
          "pivot": [0, 0, 0]
        },
        {
          "name": "body",
          "parent": "pawmi",
          "pivot": [0, 7, 0]
        },
        {
          "name": "rightleg",
          "parent": "body",
          "pivot": [1.9, 3.37676, 1.0394],
          "cubes": [
            { "origin": [0.4, 1.7, -0.5], "size": [3, 3, 3], "uv": [29, 14] }
          ]
        },
        {
          "name": "righfoot",
          "parent": "rightleg",
          "pivot": [1.9, 1.96514, 1.2591],
          "cubes": [
            { "origin": [0.9, 0.4, -0.6], "size": [2, 1, 3], "uv": [35, 12] },
            {
              "origin": [1.2, 1.1, 0.8],
              "size": [1.4, 2, 1.4],
              "pivot": [1.9, 1.4, 1.9],
              "rotation": [28, 0, 0],
              "uv": [35, 11]
            }
          ]
        },
        {
          "name": "leftleg",
          "parent": "body",
          "pivot": [-1.9, 3.37676, 1.0394],
          "cubes": [
            {
              "origin": [-3.4, 1.7, -0.5],
              "size": [3, 3, 3],
              "uv": [29, 14],
              "mirror": true
            }
          ]
        },
        {
          "name": "righfoot2",
          "parent": "leftleg",
          "pivot": [-1.9, 1.96514, 1.2591],
          "cubes": [
            {
              "origin": [-2.9, 0.4, -0.6],
              "size": [2, 1, 3],
              "uv": [35, 12],
              "mirror": true
            },
            {
              "origin": [-2.6, 1.1, 0.8],
              "size": [1.4, 2, 1.4],
              "pivot": [-1.9, 1.4, 1.9],
              "rotation": [28, 0, 0],
              "uv": [35, 11],
              "mirror": true
            }
          ]
        },
        {
          "name": "torso",
          "parent": "body",
          "pivot": [0, 1, 2],
          "cubes": [
            { "origin": [-3, 2, -2], "size": [6, 6, 6], "uv": [17, 12] }
          ]
        },
        {
          "name": "tail",
          "parent": "torso",
          "pivot": [-0.1, 3.09676, 3.75408],
          "cubes": [
            {
              "origin": [-0.6, 2.8, 3.3],
              "size": [1, 1, 3],
              "pivot": [-0.1, 2.8, 4.9],
              "rotation": [12, 0, 0],
              "uv": [11, 40]
            },
            {
              "origin": [-1.1, 4.33945, 4.22362],
              "size": [2, 2, 4],
              "pivot": [-0.1, 5.38945, 6.02362],
              "rotation": [13, 0, 0],
              "uv": [7, 37]
            },
            {
              "origin": [-0.8, 3.2, 5.1],
              "size": [1.4, 1, 1],
              "pivot": [-0.1, 2.8, 4.8],
              "rotation": [19, 0, 0],
              "uv": [10, 39]
            }
          ]
        },
        {
          "name": "rightarm2",
          "parent": "torso",
          "pivot": [2.8, 7, 1],
          "cubes": [
            { "origin": [2.1, 6, 0], "size": [3, 2, 2], "uv": [25, 12] }
          ]
        },
        {
          "name": "righthand",
          "parent": "rightarm2",
          "pivot": [4.1, 7.03, 1.08],
          "cubes": [
            { "origin": [4.1, 5.5, -0.5], "size": [4, 3, 3], "uv": [24, 11] },
            { "origin": [7, 6.1, 0], "size": [2, 2, 2], "uv": [5, 37] },
            { "origin": [7.3, 6.5, 1], "size": [2, 0.3, 0.2], "uv": [42, 56] },
            { "origin": [7.3, 7.3, 1], "size": [2, 0.3, 0.2], "uv": [42, 56] },
            {
              "origin": [7.3, 6.9, 0.6],
              "size": [2, 0.3, 0.2],
              "uv": [42, 56]
            },
            { "origin": [7, 6.1, 0], "size": [2, 2, 2], "uv": [5, 37] },
            { "origin": [4.1, 5.5, -0.5], "size": [4, 3, 3], "uv": [24, 11] }
          ]
        },
        {
          "name": "leftarm2",
          "parent": "torso",
          "pivot": [-2.9, 7, 1],
          "cubes": [
            {
              "origin": [-5.1, 6, 0],
              "size": [3, 2, 2],
              "uv": [25, 12],
              "mirror": true
            }
          ]
        },
        {
          "name": "lefthand",
          "parent": "leftarm2",
          "pivot": [-4.1, 7.03, 1.08],
          "cubes": [
            {
              "origin": [-8.1, 5.5, -0.5],
              "size": [4, 3, 3],
              "uv": [24, 11],
              "mirror": true
            },
            {
              "origin": [-9, 6.1, 0],
              "size": [2, 2, 2],
              "uv": [5, 37],
              "mirror": true
            },
            {
              "origin": [-9.3, 6.5, 1],
              "size": [2, 0.3, 0.2],
              "uv": [42, 56],
              "mirror": true
            },
            {
              "origin": [-9.3, 7.3, 1],
              "size": [2, 0.3, 0.2],
              "uv": [42, 56],
              "mirror": true
            },
            {
              "origin": [-9.3, 6.9, 0.6],
              "size": [2, 0.3, 0.2],
              "uv": [42, 56],
              "mirror": true
            },
            {
              "origin": [-9, 6.1, 0],
              "size": [2, 2, 2],
              "uv": [5, 37],
              "mirror": true
            },
            {
              "origin": [-8.1, 5.5, -0.5],
              "size": [4, 3, 3],
              "uv": [24, 11],
              "mirror": true
            }
          ]
        },
        {
          "name": "neck",
          "parent": "torso",
          "pivot": [0, 8.2, 1],
          "cubes": [
            { "origin": [-2.5, 6, -1.5], "size": [5, 3, 5], "uv": [23, 8] }
          ]
        },
        {
          "name": "head",
          "parent": "neck",
          "pivot": [0, 8.4, 1],
          "cubes": [
            { "origin": [-3, 8.4, -2], "size": [6, 5, 6], "uv": [18, 10] }
          ]
        },
        {
          "name": "hair",
          "parent": "head",
          "pivot": [0.02472, 13.47604, -1.5],
          "cubes": [
            {
              "origin": [-0.8, 11.9, -2.5],
              "size": [2, 2, 2],
              "pivot": [0.25, 13.25, -1.5],
              "rotation": [0, 0, 19],
              "uv": [39, 11]
            },
            {
              "origin": [-0.6, 13.9, -2.5],
              "size": [1, 1, 2],
              "pivot": [0.25, 13.25, -1.5],
              "rotation": [0, 0, 3],
              "uv": [18, 13]
            }
          ]
        },
        {
          "name": "rightear",
          "parent": "head",
          "pivot": [1.81192, 13.18462, 0.432],
          "cubes": [
            {
              "origin": [2.2, 13.2, -0.3],
              "size": [1, 1.5, 1],
              "pivot": [2.1, 16.05, 0.4],
              "rotation": [0, 0, 19],
              "uv": [35, 17]
            },
            {
              "origin": [2.1, 13.3, -0.02],
              "size": [1.2, 2, 1],
              "pivot": [2.1, 16.05, 0.4],
              "rotation": [0, 0, 19],
              "uv": [4, 55]
            },
            {
              "origin": [1.84, 15, -0.02],
              "size": [1.2, 1.2, 1],
              "pivot": [2.1, 16.05, 0.4],
              "rotation": [0, 0, 3],
              "uv": [12, 55]
            },
            {
              "origin": [1.44, 14.7, 0],
              "size": [2, 2, 1],
              "pivot": [2.6, 15.75, 0.5],
              "rotation": [0, 0, 3],
              "uv": [18, 16]
            },
            {
              "origin": [1.7, 13, 0],
              "size": [2, 2, 1],
              "pivot": [2.6, 15.75, 0.5],
              "rotation": [0, 0, 19],
              "uv": [36, 16]
            }
          ]
        },
        {
          "name": "leftear",
          "parent": "head",
          "pivot": [-1.81192, 13.18462, 0.432],
          "cubes": [
            {
              "origin": [-3.2, 13.2, -0.3],
              "size": [1, 1.5, 1],
              "pivot": [-2.1, 16.05, 0.4],
              "rotation": [0, 0, -19],
              "uv": [35, 17],
              "mirror": true
            },
            {
              "origin": [-3.3, 13.3, -0.02],
              "size": [1.2, 2, 1],
              "pivot": [-2.1, 16.05, 0.4],
              "rotation": [0, 0, -19],
              "uv": [4, 55],
              "mirror": true
            },
            {
              "origin": [-3.04, 15, -0.02],
              "size": [1.2, 1.2, 1],
              "pivot": [-2.1, 16.05, 0.4],
              "rotation": [0, 0, -3],
              "uv": [12, 55],
              "mirror": true
            },
            {
              "origin": [-3.44, 14.7, 0],
              "size": [2, 2, 1],
              "pivot": [-2.6, 15.75, 0.5],
              "rotation": [0, 0, -3],
              "uv": [18, 16],
              "mirror": true
            },
            {
              "origin": [-3.7, 13, 0],
              "size": [2, 2, 1],
              "pivot": [-2.6, 15.75, 0.5],
              "rotation": [0, 0, -19],
              "uv": [36, 16],
              "mirror": true
            }
          ]
        },
        {
          "name": "face",
          "parent": "head",
          "pivot": [0, 1, 2],
          "cubes": [
            {
              "origin": [1.817, 8.8, -2.017],
              "size": [1.2, 2.2, 1],
              "uv": [57, 55]
            },
            {
              "origin": [-3.017, 8.8, -2.017],
              "size": [1.2, 2.2, 1],
              "uv": [53, 55]
            },
            {
              "origin": [-1, 8.9, -2.017],
              "size": [2, 1.8, 1],
              "uv": [39, 55]
            },
            {
              "origin": [-0.31416, 9.2, -2.34],
              "size": [1.2, 0.8, 1],
              "inflate": -0.3,
              "pivot": [0.23584, 10.5, -2.08995],
              "rotation": [0, 0, 32.5],
              "uv": [40, 41]
            },
            {
              "origin": [-0.81416, 9.45, -2.34],
              "size": [1.2, 0.8, 1],
              "inflate": -0.3,
              "pivot": [0.23584, 10.5, -2.08995],
              "rotation": [0, 0, -32.5],
              "uv": [40, 42]
            },
            {
              "origin": [-0.35, 10.05, -2.36],
              "size": [0.7, 0.7, 1],
              "inflate": -0.3,
              "uv": [41, 40]
            },
            {
              "origin": [-1.6, 10.3, -2.021],
              "size": [1, 1, 1],
              "uv": [57, 40]
            },
            {
              "origin": [-1.1, 10.8, -2.0231],
              "size": [0.4, 0.4, 1],
              "uv": [48, 44]
            },
            {
              "origin": [-1.5, 10.4, -2.0231],
              "size": [0.4, 0.4, 1],
              "uv": [47, 37]
            },
            {
              "origin": [1.1, 10.4, -2.0231],
              "size": [0.4, 0.4, 1],
              "uv": [47, 37]
            },
            {
              "origin": [0.6, 10.3, -2.021],
              "size": [1, 1, 1],
              "uv": [58, 40]
            },
            {
              "origin": [0.7, 10.8, -2.0231],
              "size": [0.4, 0.4, 1],
              "uv": [48, 44]
            }
          ]
        },
        {
          "name": "mouth",
          "parent": "face",
          "pivot": [0.23584, 9.5, -1.78995]
        }
      ]
    }
  ]
}
