{
  "format_version": "1.12.0",
  "minecraft:geometry": [
    {
      "description": {
        "identifier": "geometry.purrloin",
        "texture_width": 64,
        "texture_height": 64,
        "visible_bounds_width": 4,
        "visible_bounds_height": 2.5,
        "visible_bounds_offset": [0, 0.75, 0]
      },
      "bones": [
        {
          "name": "body",
          "pivot": [0, 0, 0],
          "cubes": [
            { "origin": [-2.5, 4.75, -1], "size": [5, 5, 4], "uv": [0, 12] }
          ]
        },
        {
          "name": "head",
          "parent": "body",
          "pivot": [0, 13.75, 1],
          "cubes": [
            {
              "origin": [0.5, 17.25, -2.51],
              "size": [0.5, 1, 0],
              "pivot": [0.75, 17.75, -2.51],
              "rotation": [0, 0, 17.5],
              "uv": [63, 5]
            },
            {
              "origin": [-1, 17.25, -2.51],
              "size": [0.5, 1, 0],
              "pivot": [-0.75, 17.75, -2.51],
              "rotation": [0, 0, -17.5],
              "uv": [63, 5]
            },
            { "origin": [-3.5, 13.75, -2.5], "size": [7, 6, 6], "uv": [0, 0] },
            { "origin": [-4.5, 14, -1.5], "size": [1, 3, 4], "uv": [23, 21] },
            {
              "origin": [3.75, 14, 0],
              "size": [2, 3, 0],
              "pivot": [3.5, 15.25, 0.5],
              "rotation": [0, -15, 0],
              "uv": [0, 31]
            },
            {
              "origin": [-5.75, 14, 0],
              "size": [2, 4, 0],
              "pivot": [-3.5, 15.25, 0.5],
              "rotation": [0, 15, 0],
              "uv": [14, 12]
            },
            { "origin": [3.5, 14, -1.5], "size": [1, 3, 4], "uv": [8, 22] }
          ]
        },
        {
          "name": "eye_r",
          "parent": "head",
          "pivot": [-2.5, 17.25, -2.515],
          "rotation": [0, 0, 20],
          "cubes": [
            {
              "origin": [-2.25, 15.25, -2.51],
              "size": [2, 4, 0],
              "pivot": [-2, 16.25, -2.515],
              "rotation": [0, 0, -42.5],
              "uv": [26, 6]
            }
          ]
        },
        {
          "name": "eye_r_open",
          "parent": "eye_r",
          "pivot": [-2, 16.25, -2.515],
          "cubes": [
            {
              "origin": [-2.38456, 16.02825, -2.515],
              "size": [2, 1, 0],
              "uv": [12, 21]
            },
            {
              "origin": [-1.88456, 16.02825, -2.52],
              "size": [1, 1, 0],
              "uv": [0, 0]
            }
          ]
        },
        {
          "name": "eye_r_closed",
          "parent": "eye_r",
          "pivot": [-2.5, 17.25, -2.515],
          "cubes": [
            {
              "origin": [-2.38456, 16.02825, -2.5],
              "size": [2, 1, 0],
              "uv": [59, 9]
            }
          ]
        },
        {
          "name": "eye_l",
          "parent": "head",
          "pivot": [2.5, 17.25, -2.515],
          "rotation": [0, 0, -20],
          "cubes": [
            {
              "origin": [0.25, 15.25, -2.51],
              "size": [2, 4, 0],
              "pivot": [2, 16.25, -2.5],
              "rotation": [0, 0, 42.5],
              "uv": [0, 26]
            }
          ]
        },
        {
          "name": "eye_l_open",
          "parent": "eye_l",
          "pivot": [0, 16.5, -0.5],
          "cubes": [
            {
              "origin": [0.38456, 16.02825, -2.515],
              "size": [2, 1, 0],
              "uv": [24, 19]
            },
            {
              "origin": [0.88456, 16.02825, -2.52],
              "size": [1, 1, 0],
              "uv": [0, 1]
            }
          ]
        },
        {
          "name": "eye_l_closed",
          "parent": "eye_l",
          "pivot": [2.5, 17.25, -2.515],
          "cubes": [
            {
              "origin": [0.38456, 16.02825, -2.5],
              "size": [2, 1, 0],
              "uv": [59, 9]
            }
          ]
        },
        {
          "name": "snout",
          "parent": "head",
          "pivot": [0, 14.75, -2.5],
          "rotation": [25, 0, 0],
          "cubes": [
            { "origin": [-1.5, 13.75, -3], "size": [3, 2, 2], "uv": [8, 34] },
            {
              "origin": [-0.25, 15.49, -3.01],
              "size": [0.5, 0.25, 0],
              "uv": [63, 1]
            }
          ]
        },
        {
          "name": "ear_l",
          "parent": "head",
          "pivot": [3.5, 19.75, 0.5],
          "rotation": [-10, -20, 40],
          "cubes": [
            { "origin": [1.5, 17.75, -0.5], "size": [3, 3, 3], "uv": [15, 19] },
            { "origin": [2, 20.75, 0], "size": [2, 1, 2], "uv": [29, 0] },
            { "origin": [2, 21.75, 0], "size": [1, 1, 2], "uv": [0, 0] }
          ]
        },
        {
          "name": "ear_r",
          "parent": "head",
          "pivot": [-3.5, 19.75, 0.5],
          "rotation": [-10, 20, -40],
          "cubes": [
            { "origin": [-4.5, 17.75, -0.5], "size": [3, 3, 3], "uv": [20, 0] },
            { "origin": [-4, 20.75, 0], "size": [2, 1, 2], "uv": [29, 19] },
            { "origin": [-3, 21.75, 0], "size": [1, 1, 2], "uv": [0, 3] }
          ]
        },
        {
          "name": "chest",
          "parent": "body",
          "pivot": [0, 7.75, -1],
          "cubes": [
            { "origin": [-1, 12.75, 0], "size": [2, 2, 2], "uv": [29, 11] },
            { "origin": [-2, 8.75, -0.5], "size": [4, 4, 3], "uv": [18, 12] }
          ]
        },
        {
          "name": "shoulder_r",
          "parent": "chest",
          "pivot": [-2, 11.75, 1],
          "cubes": [
            { "origin": [-4.5, 11.25, 0.5], "size": [3, 1, 1], "uv": [30, 30] },
            { "origin": [-7.5, 11.25, 0.5], "size": [3, 1, 1], "uv": [28, 28] }
          ]
        },
        {
          "name": "shoulder_l",
          "parent": "chest",
          "pivot": [2, 11.75, 1],
          "cubes": [
            { "origin": [1.5, 11.25, 0.5], "size": [3, 1, 1], "uv": [29, 22] },
            { "origin": [4.5, 11.25, 0.5], "size": [3, 1, 1], "uv": [36, 28] }
          ]
        },
        {
          "name": "tail",
          "parent": "body",
          "pivot": [0, 5.75, 3],
          "cubes": [
            { "origin": [-0.5, 5.25, 3], "size": [1, 1, 4], "uv": [26, 6] }
          ]
        },
        {
          "name": "tail_2",
          "parent": "tail",
          "pivot": [0, 5.75, 7],
          "cubes": [
            { "origin": [-0.5, 5.25, 7], "size": [1, 1, 4], "uv": [0, 26] }
          ]
        },
        {
          "name": "tail_3",
          "parent": "tail_2",
          "pivot": [0, 5.75, 11],
          "cubes": [
            { "origin": [-0.5, 5.25, 11], "size": [1, 1, 4], "uv": [14, 25] }
          ]
        },
        {
          "name": "tail_end",
          "parent": "tail_3",
          "pivot": [0, 5.75, 15],
          "cubes": [
            {
              "origin": [0, 3.75, 13],
              "size": [0, 5, 6],
              "pivot": [0, 6.75, 16],
              "rotation": [-20, 0, 0],
              "uv": [0, 15]
            }
          ]
        },
        {
          "name": "thigh_r",
          "parent": "body",
          "pivot": [-1.5, 4.75, 1],
          "cubes": [
            { "origin": [-2.49, 3.75, 0.03], "size": [2, 2, 2], "uv": [22, 32] }
          ]
        },
        {
          "name": "leg_r",
          "parent": "thigh_r",
          "pivot": [-1.5, 4.75, 1],
          "rotation": [15, 0, 0],
          "cubes": [
            { "origin": [-2, 2.75, 0.5], "size": [1, 2, 1], "uv": [0, 40] }
          ]
        },
        {
          "name": "calf_r",
          "parent": "leg_r",
          "pivot": [-1.5, 2.75, 1.5],
          "rotation": [-30, 0, 0],
          "cubes": [
            { "origin": [-2, -0.25, 0.5], "size": [1, 3, 1], "uv": [0, 12] }
          ]
        },
        {
          "name": "foot_r",
          "parent": "calf_r",
          "pivot": [-1.5, -0.25, 1.5],
          "rotation": [-75, 0, 0],
          "cubes": [
            { "origin": [-2.01, -2.25, 0.5], "size": [1, 2, 1], "uv": [0, 43] }
          ]
        },
        {
          "name": "thigh_l",
          "parent": "body",
          "pivot": [1.5, 4.75, 1],
          "cubes": [
            { "origin": [0.49, 3.75, 0.03], "size": [2, 2, 2], "uv": [22, 28] }
          ]
        },
        {
          "name": "leg_l",
          "parent": "thigh_l",
          "pivot": [1.5, 4.75, 1],
          "rotation": [15, 0, 0],
          "cubes": [
            { "origin": [1, 2.75, 0.5], "size": [1, 2, 1], "uv": [16, 30] }
          ]
        },
        {
          "name": "calf_l",
          "parent": "leg_l",
          "pivot": [1.5, 2.75, 1.5],
          "rotation": [-30, 0, 0],
          "cubes": [
            { "origin": [1, -0.25, 0.5], "size": [1, 3, 1], "uv": [0, 36] }
          ]
        },
        {
          "name": "foot_l",
          "parent": "calf_l",
          "pivot": [1.5, -0.25, 1.5],
          "rotation": [-75, 0, 0],
          "cubes": [
            { "origin": [1.01, -2.25, 0.5], "size": [1, 2, 1], "uv": [0, 46] }
          ]
        }
      ]
    }
  ]
}
