{
  "name": "Charjabug",
  "nationalPokedexNumber": 737,
  "primaryType": "bug",
  "secondaryType": "electric",
  "abilities": [
    "battery"
  ],
  "baseStats": {
    "hp": 57,
    "attack": 82,
    "defence": 95,
    "special_attack": 55,
    "special_defence": 75,
    "speed": 36
  },
  "catchRate": 120,
  "maleRatio": 0.5,
  "shoulderMountable": false,
  "baseExperienceYield": 140,
  "experienceGroup": "medium_fast",
  "eggCycles": 15,
  "eggGroups": [
    "bug"
  ],
  "moves": [
    "1:bugbite",
    "1:charge",
    "1:mudslap",
    "1:stringshot",
    "1:visegrip",
    "15:bite",
    "19:acrobatics",
    "23:spark",
    "29:stickyweb",
    "36:xscissor",
    "43:crunch",
    "50:dig",
    "57:irondefense",
    "64:discharge",
    "tm:acrobatics",
    "tm:attract",
    "tm:chargebeam",
    "tm:confide",
    "tm:crunch",
    "tm:dig",
    "tm:doubleteam",
    "tm:eerieimpulse",
    "tm:electroball",
    "tm:electroweb",
    "tm:endure",
    "tm:facade",
    "tm:frustration",
    "tm:hiddenpower",
    "tm:irondefense",
    "tm:lightscreen",
    "tm:mudshot",
    "tm:poisonjab",
    "tm:protect",
    "tm:raindance",
    "tm:rest",
    "tm:return",
    "tm:round",
    "tm:screech",
    "tm:sleeptalk",
    "tm:snore",
    "tm:substitute",
    "tm:swagger",
    "tm:thunderbolt",
    "tm:thunderwave",
    "tm:toxic",
    "tm:voltswitch",
    "tm:wildcharge",
    "tm:xscissor",
    "tutor:bugbite",
    "tutor:electroweb",
    "tutor:irondefense",
    "tutor:magnetrise",
    "tutor:risingvoltage",
    "tutor:shockwave",
    "tutor:skittersmack",
    "tutor:snore"
  ],
  "labels": [
    "gen7"
  ],
  "pokedex": [
    "cobblemon.species.charjabug.desc"
  ],
  "preEvolution": "grubbin",
  "evolutions": [
    {
      "id": "charjabug_vikavolt",
      "variant": "item_interact",
      "result": "vikavolt",
      "consumeHeldItem": false,
      "learnableMoves": [
        "thunderbolt"
      ],
      "requirements": [],
      "requiredContext": "cobblemon:thunder_stone"
    }
  ],
  "baseScale": 0.6,
  "hitbox": {
    "width": 1,
    "height": 0.4,
    "fixed": false
  },
  "baseFriendship": 50,
  "evYield": {
    "hp": 0,
    "attack": 0,
    "defence": 2,
    "special_attack": 0,
    "special_defence": 0,
    "speed": 0
  },
  "height": 5,
  "weight": 105,
  "aspects": [],
  "cannotDynamax": false,
  "implemented": true
}