{
  "implemented": true,
  "name": "Cosmoem",
  "nationalPokedexNumber": 790,
  "primaryType": "psychic",
  "abilities": [
    "sturdy"
  ],
  "baseStats": {
    "hp": 43,
    "attack": 29,
    "defence": 131,
    "special_attack": 29,
    "special_defence": 131,
    "speed": 37
  },
  "catchRate": 45,
  "maleRatio": -1,
  "shoulderMountable": true,
  "baseExperienceYield": 140,
  "experienceGroup": "slow",
  "eggCycles": 120,
  "eggGroups": [
    "undiscovered"
  ],
  "moves": [
    "1:cosmicpower",
    "1:teleport",
    "tm:cosmicpower"
  ],
  "labels": [
    "gen7",
    "legendary"
  ],
  "pokedex": [
    "cobblemon.species.cosmoem.desc"
  ],
  "preEvolution": "cosmog",
  "evolutions": [
    {
      "id": "cosmoem_solgaleo",
      "variant": "level_up",
      "result": "solgaleo",
      "consumeHeldItem": false,
      "learnableMoves": [
        "sunsteelstrike"
      ],
      "requirements": [
        {
          "variant": "level",
          "minLevel": 53
        }
      ]
    },
    {
      "id": "cosmoem_lunala",
      "variant": "level_up",
      "result": "lunala",
      "consumeHeldItem": false,
      "learnableMoves": [
        "moongeistbeam"
      ],
      "requirements": [
        {
          "variant": "level",
          "minLevel": 53
        }
      ]
    }
  ],
  "baseScale": 0.15,
  "hitbox": {
    "width": 1,
    "height": 0.5,
    "fixed": false
  },
  "baseFriendship": 0,
  "evYield": {
    "hp": 0,
    "attack": 0,
    "defence": 1,
    "special_attack": 0,
    "special_defence": 1,
    "speed": 0
  },
  "height": 1,
  "weight": 200,
  "aspects": [],
  "cannotDynamax": false
}