{
  "implemented": true,
  "name": "Necrozma",
  "nationalPokedexNumber": 800,
  "primaryType": "psychic",
  "abilities": [
    "prismarmor"
  ],
  "baseStats": {
    "hp": 97,
    "attack": 107,
    "defence": 101,
    "special_attack": 127,
    "special_defence": 89,
    "speed": 79
  },
  "catchRate": 255,
  "maleRatio": -1,
  "shoulderMountable": false,
  "forms": [
    {
      "name": "Dusk-Mane",
      "primaryType": "psychic",
      "secondaryType": "steel",
      "abilities": [
        "prismarmor"
      ],
      "baseStats": {
        "hp": 97,
        "attack": 157,
        "defence": 127,
        "special_attack": 113,
        "special_defence": 109,
        "speed": 77
      },
      "catchRate": 255,
      "maleRatio": -1,
      "baseExperienceYield": 300,
      "baseFriendship": 0,
      "evYield": {
        "hp": 0,
        "attack": 3,
        "defence": 0,
        "special_attack": 0,
        "special_defence": 0,
        "speed": 0
      },
      "experienceGroup": "slow",
      "eggCycles": 120,
      "eggGroups": [
        "undiscovered"
      ],
      "moves": [
        "form_change:sunsteelstrike"
      ],
      "labels": [
        "gen7",
        "legendary"
      ],
      "aspects": [
        "dusk-mane"
      ],
      "height": 38,
      "weight": 4600,
      "evolutions": [],
      "cannotDynamax": false,
      "battleOnly": false
    },
    {
      "name": "Dawn-Wings",
      "primaryType": "psychic",
      "secondaryType": "ghost",
      "abilities": [
        "prismarmor"
      ],
      "baseStats": {
        "hp": 97,
        "attack": 113,
        "defence": 109,
        "special_attack": 157,
        "special_defence": 127,
        "speed": 77
      },
      "catchRate": 255,
      "maleRatio": -1,
      "baseExperienceYield": 300,
      "baseFriendship": 0,
      "evYield": {
        "hp": 0,
        "attack": 0,
        "defence": 0,
        "special_attack": 3,
        "special_defence": 0,
        "speed": 0
      },
      "experienceGroup": "slow",
      "eggCycles": 120,
      "eggGroups": [
        "undiscovered"
      ],
      "moves": [
        "form_change:moongeistbeam"
      ],
      "labels": [
        "gen7",
        "legendary"
      ],
      "aspects": [
        "dawn-wings"
      ],
      "height": 42,
      "weight": 3500,
      "evolutions": [],
      "cannotDynamax": false,
      "battleOnly": false
    },
    {
      "name": "Ultra",
      "primaryType": "psychic",
      "secondaryType": "dragon",
      "abilities": [
        "neuroforce"
      ],
      "baseStats": {
        "hp": 97,
        "attack": 167,
        "defence": 97,
        "special_attack": 167,
        "special_defence": 97,
        "speed": 129
      },
      "catchRate": 255,
      "maleRatio": -1,
      "baseExperienceYield": 300,
      "baseFriendship": 0,
      "evYield": {
        "hp": 0,
        "attack": 1,
        "defence": 0,
        "special_attack": 1,
        "special_defence": 0,
        "speed": 1
      },
      "experienceGroup": "slow",
      "eggCycles": 120,
      "eggGroups": [
        "undiscovered"
      ],
      "moves": [
        "form_change:moongeistbeam",
        "form_change:sunsteelstrike"
      ],
      "labels": [
        "gen7",
        "legendary"
      ],
      "aspects": [
        "ultra"
      ],
      "height": 75,
      "weight": 2300,
      "cannotDynamax": false,
      "battleOnly": true
    }
  ],
  "baseExperienceYield": 300,
  "experienceGroup": "slow",
  "eggCycles": 120,
  "eggGroups": [
    "undiscovered"
  ],
  "moves": [
    "1:chargebeam",
    "1:confusion",
    "1:gravity",
    "1:metalclaw",
    "1:mirrorshot",
    "1:moonlight",
    "1:morningsun",
    "8:stealthrock",
    "16:slash",
    "24:nightslash",
    "32:psychocut",
    "40:storedpower",
    "48:rockblast",
    "56:irondefense",
    "64:powergem",
    "67:wringout",
    "72:photongeyser",
    "80:autotomize",
    "88:prismaticlaser",
    "tm:aerialace",
    "tm:allyswitch",
    "tm:breakingswipe",
    "tm:brickbreak",
    "tm:brutalswing",
    "tm:bulldoze",
    "tm:calmmind",
    "tm:chargebeam",
    "tm:confide",
    "tm:cosmicpower",
    "tm:darkpulse",
    "tm:doubleteam",
    "tm:dragondance",
    "tm:dragonpulse",
    "tm:earthpower",
    "tm:earthquake",
    "tm:embargo",
    "tm:endure",
    "tm:facade",
    "tm:flashcannon",
    "tm:fling",
    "tm:frustration",
    "tm:futuresight",
    "tm:gigaimpact",
    "tm:gyroball",
    "tm:heatwave",
    "tm:hiddenpower",
    "tm:hyperbeam",
    "tm:hypervoice",
    "tm:imprison",
    "tm:irondefense",
    "tm:ironhead",
    "tm:lightscreen",
    "tm:outrage",
    "tm:powergem",
    "tm:protect",
    "tm:psychic",
    "tm:psychicfangs",
    "tm:psychocut",
    "tm:psyshock",
    "tm:reflect",
    "tm:rest",
    "tm:return",
    "tm:rockblast",
    "tm:rockpolish",
    "tm:rockslide",
    "tm:rocktomb",
    "tm:round",
    "tm:scaryface",
    "tm:shadowclaw",
    "tm:sleeptalk",
    "tm:smartstrike",
    "tm:snore",
    "tm:solarbeam",
    "tm:stealthrock",
    "tm:stoneedge",
    "tm:storedpower",
    "tm:substitute",
    "tm:swagger",
    "tm:swordsdance",
    "tm:thief",
    "tm:thunderwave",
    "tm:toxic",
    "tm:trickroom",
    "tm:xscissor",
    "tutor:allyswitch",
    "tutor:autotomize",
    "tutor:chargebeam",
    "tutor:dragonpulse",
    "tutor:earthpower",
    "tutor:expandingforce",
    "tutor:gravity",
    "tutor:heatwave",
    "tutor:hypervoice",
    "tutor:irondefense",
    "tutor:ironhead",
    "tutor:knockoff",
    "tutor:lightscreen",
    "tutor:magnetrise",
    "tutor:meteorbeam",
    "tutor:moonlight",
    "tutor:nightslash",
    "tutor:outrage",
    "tutor:photongeyser",
    "tutor:powergem",
    "tutor:prismaticlaser",
    "tutor:psychocut",
    "tutor:recycle",
    "tutor:shockwave",
    "tutor:signalbeam",
    "tutor:snore",
    "tutor:stealthrock",
    "tutor:substitute",
    "tutor:telekinesis",
    "tutor:wringout"
  ],
  "labels": [
    "gen7",
    "legendary"
  ],
  "pokedex": [
    "cobblemon.species.necrozma.desc"
  ],
  "evolutions": [
    {
      "id": "necrozma_ultranecrozma",
      "variant": "level_up",
      "result": "ultranecrozma",
      "consumeHeldItem": false,
      "learnableMoves": [],
      "requirements": [
        {
          "variant": "level",
          "minLevel": 80
        }
      ]
    }
  ],
  "baseScale": 1.5,
  "hitbox": {
    "width": 1,
    "height": 1.7,
    "fixed": false
  },
  "baseFriendship": 0,
  "evYield": {
    "hp": 0,
    "attack": 1,
    "defence": 0,
    "special_attack": 2,
    "special_defence": 0,
    "speed": 0
  },
  "height": 24,
  "weight": 2300,
  "aspects": [],
  "cannotDynamax": false
}