{
  "implemented": true,
  "name": "Tapu Koko",
  "nationalPokedexNumber": 785,
  "primaryType": "electric",
  "secondaryType": "fairy",
  "abilities": [
    "electricsurge",
    "h:telepathy"
  ],
  "baseStats": {
    "hp": 70,
    "attack": 115,
    "defence": 85,
    "special_attack": 95,
    "special_defence": 75,
    "speed": 130
  },
  "catchRate": 45,
  "maleRatio": -1,
  "shoulderMountable": false,
  "baseExperienceYield": 285,
  "experienceGroup": "slow",
  "eggCycles": 120,
  "eggGroups": [
    "undiscovered"
  ],
  "moves": [
    "1:electricterrain",
    "1:bravebird",
    "1:powerswap",
    "1:meanlook",
    "1:quickattack",
    "1:falseswipe",
    "1:withdraw",
    "1:thundershock",
    "32:spark",
    "36:shockwave",
    "40:screech",
    "46:charge",
    "50:wildcharge",
    "54:mirrormove",
    "43:naturesmadness",
    "48:discharge",
    "53:agility",
    "58:electroball",
    "tm:workup",
    "tm:calmmind",
    "tm:roar",
    "tm:toxic",
    "tm:hiddenpower",
    "tm:taunt",
    "tm:hyperbeam",
    "tm:protect",
    "tm:raindance",
    "tm:roost",
    "tm:safeguard",
    "tm:frustration",
    "tm:thunderbolt",
    "tm:thundershock",
    "tm:thunder",
    "tm:return",
    "tm:doubleteam"
  ],
  "labels": [
    "gen7"
  ],
  "pokedex": [
    "cobblemon.species.tapukoko.desc"
  ],
  "preEvolution": null,
  "evolutions": [],
  "baseScale": 1,
  "hitbox": {
    "width": 1.7,
    "height": 1,
    "fixed": false
  },
  "baseFriendship": 70,
  "evYield": {
    "hp": 0,
    "attack": 0,
    "defence": 0,
    "special_attack": 0,
    "special_defence": 0,
    "speed": 3
  },
  "height": 19,
  "weight": 447,
  "aspects": [],
  "cannotDynamax": false
}