{
  "implemented": true,
  "name": "Tapu Bulu",
  "nationalPokedexNumber": 787,
  "primaryType": "grass",
  "secondaryType": "fairy",
  "abilities": [
    "grassysurge",
    "h:telepathy"
  ],
  "baseStats": {
    "hp": 70,
    "attack": 130,
    "defence": 115,
    "special_attack": 85,
    "special_defence": 95,
    "speed": 75
  },
  "catchRate": 45,
  "maleRatio": -1,
  "shoulderMountable": false,
  "baseExperienceYield": 285,
  "experienceGroup": "slow",
  "eggCycles": 120,
  "eggGroups": [
    "undiscovered"
  ],
  "moves": [
    "1:grassyterrain",
    "1:woodhammer",
    "1:superpower",
    "1:meanlook",
    "1:disable",
    "1:whirlwind",
    "1:withdraw",
    "1:leafage",
    "8:hornattack",
    "14:gigadrain",
    "20:scaryface",
    "26:leechseed",
    "32:hornleech",
    "38:rototiller",
    "43:naturesmadeness",
    "48:zenheadbutt",
    "53:megahorn",
    "58:skullbash",
    "tm:workup",
    "tm:calmmind",
    "tm:roar",
    "tm:toxic",
    "tm:hiddenpower",
    "tm:taunt",
    "tm:hyperbeam",
    "tm:protect",
    "tm:sunnyday",
    "tm:safeguard",
    "tm:frustration",
    "tm:return"
  ],
  "labels": [
    "gen7"
  ],
  "pokedex": [
    "cobblemon.species.tapubulu.desc"
  ],
  "preEvolution": null,
  "evolutions": [],
  "baseScale": 1,
  "hitbox": {
    "width": 1.7,
    "height": 1,
    "fixed": false
  },
  "baseFriendship": 70,
  "evYield": {
    "hp": 0,
    "attack": 3,
    "defence": 0,
    "special_attack": 0,
    "special_defence": 0,
    "speed": 0
  },
  "height": 19,
  "weight": 447,
  "aspects": [],
  "cannotDynamax": false
}