{
  "format_version": "1.12.0",
  "minecraft:geometry": [
    {
      "description": {
        "identifier": "geometry.unknown",
        "texture_width": 128,
        "texture_height": 128,
        "visible_bounds_width": 9,
        "visible_bounds_height": 6.5,
        "visible_bounds_offset": [0, 2.75, 0]
      },
      "bones": [
        {
          "name": "lunala",
          "pivot": [0, 0, 0]
        },
        {
          "name": "full_body",
          "parent": "lunala",
          "pivot": [0, 22, 0]
        },
        {
          "name": "bone7",
          "parent": "full_body",
          "pivot": [3, 30.5, -6.1],
          "cubes": [
            {
              "origin": [1, 27, -8.5],
              "size": [2, 4, 5],
              "pivot": [3, 30.5, -6.1],
              "rotation": [0, 0, -30],
              "uv": [109, 111]
            },
            { "origin": [-1, 27, -8.6], "size": [2, 3, 5], "uv": [83, 112] },
            { "origin": [-4, 38, -6.6], "size": [8, 1, 7], "uv": [27, 91] },
            {
              "origin": [1, 30, -8.6],
              "size": [2, 10, 5],
              "pivot": [2, 29, -6.1],
              "rotation": [0, 0, 15],
              "uv": [16, 94]
            },
            {
              "origin": [-3, 27, -8.5],
              "size": [2, 4, 5],
              "pivot": [-3, 30.5, -6.1],
              "rotation": [0, 0, 30],
              "uv": [107, 73]
            },
            { "origin": [-2, 30, -8.6], "size": [4, 10, 5], "uv": [98, 13] },
            {
              "origin": [-3, 30, -8.6],
              "size": [2, 10, 5],
              "pivot": [-2, 29, -6.1],
              "rotation": [0, 0, -15],
              "uv": [30, 99]
            },
            {
              "origin": [-3.68232, 34.77852, -8.5],
              "size": [2, 1, 5],
              "uv": [50, 91]
            },
            {
              "origin": [1.31768, 34.77852, -8.5],
              "size": [2, 1, 5],
              "uv": [41, 0]
            }
          ]
        },
        {
          "name": "head",
          "parent": "full_body",
          "pivot": [0, 38.7, -1.2],
          "cubes": [
            { "origin": [-4, 44, -8.6], "size": [8, 8, 10], "uv": [66, 39] },
            { "origin": [-2, 38, -4.6], "size": [4, 6, 3], "uv": [41, 113] },
            { "origin": [-4, 43, -7.6], "size": [8, 1, 9], "uv": [0, 82] },
            { "origin": [-4, 43, 1.4], "size": [8, 9, 1], "uv": [102, 46] },
            { "origin": [-4, 52, 1.9], "size": [8, 3, 0], "uv": [92, 73] }
          ]
        },
        {
          "name": "bone3",
          "parent": "head",
          "pivot": [-4.5, 44, -2.1],
          "cubes": [
            {
              "origin": [-5, 43, -7.6],
              "size": [2, 5, 6],
              "pivot": [-4.5, 44, -2.1],
              "rotation": [0, 0, -27.5],
              "uv": [109, 96]
            },
            { "origin": [-7, 47, -6.6], "size": [2, 9, 5], "uv": [58, 105] },
            {
              "origin": [-6, 56, -6.6],
              "size": [1, 4, 5],
              "pivot": [-6, 56.5, -4.1],
              "rotation": [0, 0, 35],
              "uv": [116, 13]
            }
          ]
        },
        {
          "name": "bone4",
          "parent": "head",
          "pivot": [-4.37456, 48.5307, -0.35],
          "rotation": [0, 32.5, 0],
          "cubes": [
            {
              "origin": [-4, 43, -3.6],
              "size": [2, 5, 6],
              "pivot": [-3.5, 44, 1.9],
              "rotation": [0, 0, -27.5],
              "uv": [72, 106]
            },
            { "origin": [-6, 47, -2.6], "size": [2, 9, 5], "uv": [44, 99] },
            {
              "origin": [-5, 56, -2.6],
              "size": [1, 4, 5],
              "pivot": [-4.5, 56, -0.1],
              "rotation": [0, 0, 37.5],
              "uv": [26, 114]
            }
          ]
        },
        {
          "name": "bone",
          "parent": "head",
          "pivot": [4.5, 43, -2.1],
          "cubes": [
            { "origin": [5, 47, -6.6], "size": [2, 9, 5], "uv": [100, 102] },
            {
              "origin": [3, 43, -7.6],
              "size": [2, 5, 6],
              "pivot": [4.5, 43, -2.1],
              "rotation": [0, 0, 27.5],
              "uv": [109, 82]
            },
            {
              "origin": [5, 56, -6.6],
              "size": [1, 4, 5],
              "pivot": [6, 56.5, -4.1],
              "rotation": [0, 0, -35],
              "uv": [92, 115]
            }
          ]
        },
        {
          "name": "bone2",
          "parent": "head",
          "pivot": [4.60543, 48.4742, -0.35],
          "rotation": [0, -32.5, 0],
          "cubes": [
            { "origin": [4, 47, -2.6], "size": [2, 9, 5], "uv": [100, 88] },
            {
              "origin": [4, 56, -2.6],
              "size": [1, 4, 5],
              "pivot": [4.5, 56, -0.1],
              "rotation": [0, 0, -37.5],
              "uv": [114, 23]
            },
            {
              "origin": [2, 43, -3.6],
              "size": [2, 5, 6],
              "pivot": [3.5, 43, 1.9],
              "rotation": [0, 0, 27.5],
              "uv": [10, 109]
            }
          ]
        },
        {
          "name": "body",
          "parent": "full_body",
          "pivot": [0, 22, 0],
          "cubes": [
            { "origin": [-8, 24, -7.6], "size": [16, 14, 9], "uv": [0, 0] },
            { "origin": [-7, 14, -6.6], "size": [14, 10, 7], "uv": [50, 0] },
            { "origin": [-1, 15, -7.9], "size": [2, 7, 10], "uv": [60, 88] }
          ]
        },
        {
          "name": "wingleft",
          "parent": "body",
          "pivot": [8.88573, 36.60441, -2.375],
          "rotation": [-180, 0, -162.5],
          "cubes": [
            {
              "origin": [1.74882, 36.10942, -4.5],
              "size": [13, 2, 4],
              "uv": [85, 0]
            },
            {
              "origin": [11.97331, 36.45462, -3.5],
              "size": [2, 5, 2],
              "pivot": [25.81161, 62.75662, -3],
              "rotation": [0, 0, 5],
              "uv": [0, 0]
            },
            {
              "origin": [-3.31469, 70.67172, -2.5],
              "size": [2, 5, 0],
              "pivot": [27.81161, 67.75662, -3],
              "rotation": [0, 0, -62.5],
              "uv": [41, 0]
            },
            {
              "origin": [1.74882, 15.10942, -3],
              "size": [11, 21, 2],
              "uv": [66, 57]
            }
          ]
        },
        {
          "name": "wingright2",
          "parent": "wingleft",
          "pivot": [21.81161, 55.75662, -3],
          "rotation": [0, 0, 35],
          "cubes": [
            {
              "origin": [6.0417, 28.07261, -4],
              "size": [11, 2, 3],
              "uv": [92, 68]
            },
            {
              "origin": [6.0417, 17.07261, -2.5],
              "size": [19, 11, 0],
              "uv": [32, 80]
            }
          ]
        },
        {
          "name": "handright",
          "parent": "wingright2",
          "pivot": [8.33912, 60.76996, -3],
          "cubes": [
            {
              "origin": [3.0417, 27.07261, -3.3],
              "size": [4, 4, 2],
              "uv": [50, 17]
            },
            {
              "origin": [4.0417, 34.0424, -16.69588],
              "size": [2, 4, 1],
              "pivot": [7.33912, 62.76996, -2],
              "rotation": [25, 0, 0],
              "uv": [0, 81]
            },
            {
              "origin": [26.02806, 43.26784, -18.15111],
              "size": [0, 4, 1],
              "pivot": [7.33912, 65.76996, -4],
              "rotation": [18.2489, -17.3877, 42.1863],
              "uv": [54, 48]
            },
            {
              "origin": [4.0417, 35.93898, 14.38085],
              "size": [2, 4, 1],
              "pivot": [7.33912, 61.90393, -2.5],
              "rotation": [-35, 0, 0],
              "uv": [50, 0]
            },
            {
              "origin": [24.07459, 44.58732, 16.5237],
              "size": [0, 4, 1],
              "pivot": [7.33912, 65.13598, -0.90192],
              "rotation": [-26.341, 23.9275, 39.3227],
              "uv": [54, 42]
            }
          ]
        },
        {
          "name": "wingright3",
          "parent": "handright",
          "pivot": [11.33912, 54.76996, -3],
          "rotation": [0, 0, -17.5],
          "cubes": [
            {
              "origin": [-4.38355, 6.23051, -2.6],
              "size": [8, 20, 0],
              "uv": [0, 92]
            },
            {
              "origin": [-19.8376, 20.17159, -3],
              "size": [4, 4, 1],
              "pivot": [11.33912, 34.76996, -3],
              "rotation": [0, 0, -45],
              "uv": [74, 88]
            },
            {
              "origin": [-3.41921, 25.15522, -3],
              "size": [1, 6, 0],
              "pivot": [-1.91921, 29.65522, -3],
              "rotation": [0, 0, -15],
              "uv": [84, 88]
            },
            {
              "origin": [-3.41921, 25.15522, -2],
              "size": [1, 6, 0],
              "pivot": [-1.91921, 29.65522, -3],
              "rotation": [0, 0, -15],
              "uv": [84, 88]
            }
          ]
        },
        {
          "name": "wingright4",
          "parent": "handright",
          "pivot": [5.33912, 56.76996, -3],
          "rotation": [0, 0, 10],
          "cubes": [
            {
              "origin": [4.58079, 6.15522, -2.7],
              "size": [8, 24, 0],
              "pivot": [8.58079, 18.15522, -2.7],
              "rotation": [2.5, 0, 0],
              "uv": [84, 88]
            },
            {
              "origin": [8.58079, 22.15522, -3],
              "size": [1, 5, 0],
              "uv": [84, 88]
            },
            {
              "origin": [8.58079, 22.15522, -2],
              "size": [1, 5, 0],
              "uv": [84, 88]
            },
            {
              "origin": [-16.72367, 10.12275, -3],
              "size": [4, 4, 1],
              "pivot": [5.33912, 36.76996, -3],
              "rotation": [0, 0, -45],
              "uv": [66, 39]
            }
          ]
        },
        {
          "name": "bone5",
          "parent": "wingright4",
          "pivot": [5.33912, 56.76996, -3]
        },
        {
          "name": "wingright5",
          "parent": "handright",
          "pivot": [5.33912, 61.76996, -3],
          "rotation": [0, 0, 100],
          "cubes": [
            {
              "origin": [26.91065, 45.45222, -2.9],
              "size": [17, 26, 0],
              "pivot": [5.33912, 59.76996, -3],
              "rotation": [0, 0, 10],
              "uv": [32, 53]
            },
            {
              "origin": [13.87485, 39.00338, -5.27871],
              "size": [28, 7, 3],
              "pivot": [5.33912, 30.76996, -3],
              "rotation": [-2.5, 0, 10],
              "uv": [0, 33]
            },
            {
              "origin": [3.87485, 39.00338, -3.87871],
              "size": [18, 22, 0],
              "pivot": [5.33912, 30.76996, -3],
              "rotation": [-2.5, 0, 10],
              "uv": [62, 17]
            },
            {
              "origin": [41.21763, 18.82297, -3.89839],
              "size": [28, 7, 3],
              "pivot": [11.33912, 29.76996, -3],
              "rotation": [-4.52078, 0.33401, -25.1389],
              "uv": [0, 23]
            },
            {
              "origin": [45.61457, 54.7217, -3.23573],
              "size": [4, 4, 2],
              "pivot": [22.33912, 39.76996, -3],
              "rotation": [-2.96376, 3.43154, 19.78548],
              "uv": [116, 62]
            },
            {
              "origin": [10.42681, 68.9131, -2.99839],
              "size": [4, 4, 2],
              "pivot": [0.33912, 39.76996, -3],
              "rotation": [0.13713, 4.53101, 62.37971],
              "uv": [116, 56]
            },
            {
              "origin": [52.00953, 13.37344, -3.49221],
              "size": [17, 5, 3],
              "pivot": [37.33912, 40.76996, -3],
              "rotation": [-3.55755, -0.31066, -67.69372],
              "uv": [70, 80]
            },
            {
              "origin": [57.00953, 13.37344, -1.84259],
              "size": [27, 10, 0],
              "pivot": [37.33912, 40.76996, -3],
              "rotation": [-3.55755, -0.31066, -67.69372],
              "uv": [0, 43]
            },
            {
              "origin": [39.16477, 39.96992, -2.8],
              "size": [16, 28, 0],
              "pivot": [47.16477, 53.96992, -2.8],
              "rotation": [0, -2.5, -35],
              "uv": [0, 53]
            },
            {
              "origin": [40.67409, 61.0009, -3],
              "size": [1, 5, 0],
              "pivot": [41.17409, 63.5009, -3],
              "rotation": [0, 0, -32.5],
              "uv": [84, 88]
            },
            {
              "origin": [40.67409, 61.0009, -2],
              "size": [1, 5, 0],
              "pivot": [41.17409, 63.5009, -3],
              "rotation": [0, 0, -32.5],
              "uv": [84, 88]
            }
          ]
        },
        {
          "name": "wingright",
          "parent": "body",
          "pivot": [-8.77233, 36.41134, -2.375],
          "rotation": [0, 0, -17.5],
          "cubes": [
            {
              "origin": [-15.90924, 35.91634, -4.5],
              "size": [13, 2, 4],
              "uv": [85, 0]
            },
            {
              "origin": [-5.68475, 36.26155, -3.5],
              "size": [2, 5, 2],
              "pivot": [8.15355, 62.56355, -3],
              "rotation": [0, 0, 5],
              "uv": [0, 0]
            },
            {
              "origin": [-20.97275, 70.47865, -2.5],
              "size": [2, 5, 0],
              "pivot": [10.15355, 67.56355, -3],
              "rotation": [0, 0, -62.5],
              "uv": [41, 0]
            },
            {
              "origin": [-15.90924, 14.91634, -3],
              "size": [11, 21, 2],
              "uv": [66, 57]
            }
          ]
        },
        {
          "name": "wingright7",
          "parent": "wingright",
          "pivot": [4.15355, 55.56355, -3],
          "rotation": [0, 0, 35],
          "cubes": [
            {
              "origin": [-11.61636, 27.87953, -4],
              "size": [11, 2, 3],
              "uv": [92, 68]
            },
            {
              "origin": [-11.61636, 16.87953, -2.5],
              "size": [19, 11, 0],
              "uv": [32, 80]
            }
          ]
        },
        {
          "name": "handright2",
          "parent": "wingright7",
          "pivot": [-9.31894, 60.57688, -3],
          "cubes": [
            {
              "origin": [-14.61636, 26.87953, -3.3],
              "size": [4, 4, 2],
              "uv": [50, 17]
            },
            {
              "origin": [-13.61636, 33.84933, -16.69588],
              "size": [2, 4, 1],
              "pivot": [-10.31894, 62.57688, -2],
              "rotation": [25, 0, 0],
              "uv": [0, 81]
            },
            {
              "origin": [8.37001, 43.07476, -18.15111],
              "size": [0, 4, 1],
              "pivot": [-10.31894, 65.57688, -4],
              "rotation": [18.2489, -17.3877, 42.1863],
              "uv": [54, 48]
            },
            {
              "origin": [-13.61636, 35.74591, 14.38085],
              "size": [2, 4, 1],
              "pivot": [-10.31894, 61.71086, -2.5],
              "rotation": [-35, 0, 0],
              "uv": [50, 0]
            },
            {
              "origin": [6.41653, 44.39424, 16.5237],
              "size": [0, 4, 1],
              "pivot": [-10.31894, 64.94291, -0.90192],
              "rotation": [-26.341, 23.9275, 39.3227],
              "uv": [54, 42]
            }
          ]
        },
        {
          "name": "wingright8",
          "parent": "handright2",
          "pivot": [-6.31894, 54.57688, -3],
          "rotation": [0, 0, -17.5],
          "cubes": [
            {
              "origin": [-22.0416, 6.03743, -2.6],
              "size": [8, 20, 0],
              "uv": [0, 92]
            },
            {
              "origin": [-37.49566, 19.97851, -3],
              "size": [4, 4, 1],
              "pivot": [-6.31894, 34.57688, -3],
              "rotation": [0, 0, -45],
              "uv": [74, 88]
            },
            {
              "origin": [-21.07727, 24.96214, -3],
              "size": [1, 6, 0],
              "pivot": [-19.57727, 29.46214, -3],
              "rotation": [0, 0, -15],
              "uv": [84, 88]
            }
          ]
        },
        {
          "name": "wingright9",
          "parent": "handright2",
          "pivot": [-12.31894, 56.57688, -3],
          "rotation": [0, 0, 10],
          "cubes": [
            {
              "origin": [-13.07727, 5.96214, -2.7],
              "size": [8, 24, 0],
              "uv": [84, 88]
            },
            {
              "origin": [-9.07727, 21.96214, -3],
              "size": [1, 5, 0],
              "uv": [84, 88]
            },
            {
              "origin": [-34.38173, 9.92968, -3],
              "size": [4, 4, 1],
              "pivot": [-12.31894, 36.57688, -3],
              "rotation": [0, 0, -45],
              "uv": [66, 39]
            }
          ]
        },
        {
          "name": "bone6",
          "parent": "wingright9",
          "pivot": [-12.31894, 56.57688, -3]
        },
        {
          "name": "wingright10",
          "parent": "handright2",
          "pivot": [-12.31894, 61.57688, -3],
          "rotation": [0, 0, 100],
          "cubes": [
            {
              "origin": [9.25259, 45.25914, -2.9],
              "size": [17, 26, 0],
              "pivot": [-12.31894, 59.57688, -3],
              "rotation": [0, 0, 10],
              "uv": [32, 53]
            },
            {
              "origin": [-3.78321, 38.81031, -5.27871],
              "size": [28, 7, 3],
              "pivot": [-12.31894, 30.57688, -3],
              "rotation": [-2.5, 0, 10],
              "uv": [0, 33]
            },
            {
              "origin": [-13.78321, 38.81031, -3.87871],
              "size": [18, 22, 0],
              "pivot": [-12.31894, 30.57688, -3],
              "rotation": [-2.5, 0, 10],
              "uv": [62, 17]
            },
            {
              "origin": [23.55957, 18.6299, -3.89839],
              "size": [28, 7, 3],
              "pivot": [-6.31894, 29.57688, -3],
              "rotation": [-4.52078, 0.33401, -25.1389],
              "uv": [0, 23]
            },
            {
              "origin": [27.95652, 54.52863, -3.23573],
              "size": [4, 4, 2],
              "pivot": [4.68106, 39.57688, -3],
              "rotation": [-2.96376, 3.43154, 19.78548],
              "uv": [116, 62]
            },
            {
              "origin": [-7.23124, 68.72003, -2.99839],
              "size": [4, 4, 2],
              "pivot": [-17.31894, 39.57688, -3],
              "rotation": [0.13713, 4.53101, 62.37971],
              "uv": [116, 56]
            },
            {
              "origin": [34.35148, 13.18036, -3.49221],
              "size": [17, 5, 3],
              "pivot": [19.68106, 40.57688, -3],
              "rotation": [-3.55755, -0.31066, -67.69372],
              "uv": [70, 80]
            },
            {
              "origin": [39.35148, 13.18036, -1.84259],
              "size": [27, 10, 0],
              "pivot": [19.68106, 40.57688, -3],
              "rotation": [-3.55755, -0.31066, -67.69372],
              "uv": [0, 43]
            },
            {
              "origin": [9.43768, 19.09883, -2.8],
              "size": [16, 28, 0],
              "pivot": [-9.31894, 62.57688, -3],
              "rotation": [0, 0, -35],
              "uv": [0, 53]
            },
            {
              "origin": [23.01603, 60.80782, -3],
              "size": [1, 5, 0],
              "pivot": [23.51603, 63.30782, -3],
              "rotation": [0, 0, -32.5],
              "uv": [84, 88]
            }
          ]
        },
        {
          "name": "tail",
          "parent": "body",
          "pivot": [0, 14, -3],
          "cubes": [
            { "origin": [-6, 3, -2.9], "size": [12, 11, 0], "uv": [92, 57] },
            { "origin": [-3, 0, -4.9], "size": [6, 5, 4], "uv": [98, 28] },
            {
              "origin": [2, 0, -4.9],
              "size": [11, 3, 4],
              "pivot": [3, 1.5, -2.9],
              "rotation": [0, 0, -27.5],
              "uv": [92, 39]
            },
            {
              "origin": [-13, 0, -4.9],
              "size": [11, 3, 4],
              "pivot": [-3, 1.5, -2.9],
              "rotation": [0, 0, 27.5],
              "uv": [92, 6]
            },
            { "origin": [-1, 4, -3.9], "size": [2, 11, 2], "uv": [0, 112] },
            { "origin": [-1, 13, -6.9], "size": [2, 2, 8], "uv": [54, 39] }
          ]
        }
      ]
    }
  ]
}
