{
  "format_version": "1.12.0",
  "minecraft:geometry": [
    {
      "description": {
        "identifier": "geometry.duosion",
        "texture_width": 128,
        "texture_height": 128,
        "visible_bounds_width": 3,
        "visible_bounds_height": 3.5,
        "visible_bounds_offset": [0, 1.25, 0]
      },
      "bones": [
        {
          "name": "duosion",
          "pivot": [0, 0, 0]
        },
        {
          "name": "body",
          "parent": "duosion",
          "pivot": [0.01667, 16, 0]
        },
        {
          "name": "torso",
          "parent": "body",
          "pivot": [0, 9.5, 0],
          "cubes": [
            { "origin": [-1.5, 9.5, -1.5], "size": [3, 2, 3], "uv": [0, 13] },
            { "origin": [-2, 11.5, -2], "size": [4, 3, 4], "uv": [0, 0] }
          ]
        },
        {
          "name": "head",
          "parent": "torso",
          "pivot": [0, 14.45, 1.8675],
          "cubes": [
            {
              "origin": [-1, 16.5, -3.51],
              "size": [2, 2, 0],
              "pivot": [0, 17.5, -0.51],
              "rotation": [0, 0, 45],
              "uv": [9, 13]
            },
            { "origin": [-4.5, 14.5, -3.5], "size": [9, 7, 7], "uv": [32, 35] },
            {
              "origin": [1.9, 16.25, -3.51],
              "size": [2, 3, 0],
              "pivot": [2.9, 17.75, -3.51],
              "rotation": [0, 0, 7.5],
              "uv": [0, 0]
            },
            {
              "origin": [-3.9, 16.25, -3.51],
              "size": [2, 3, 0],
              "pivot": [-2.9, 17.75, -3.51],
              "rotation": [0, 0, -7.5],
              "uv": [0, 7]
            }
          ]
        },
        {
          "name": "eyelids",
          "parent": "head",
          "pivot": [2.9, 17.75, -2.51]
        },
        {
          "name": "eyelid_right",
          "parent": "eyelids",
          "pivot": [-2.9, 17.75, -2.51],
          "cubes": [
            {
              "origin": [-3.9, 16.25, -2.52],
              "size": [2, 3, 0],
              "pivot": [-2.9, 17.75, -2.51],
              "rotation": [0, 0, -7.5],
              "uv": [17, 10],
              "mirror": true
            }
          ]
        },
        {
          "name": "eyelid_left",
          "parent": "eyelids",
          "pivot": [2.9, 17.75, -2.51],
          "cubes": [
            {
              "origin": [1.9, 16.25, -2.52],
              "size": [2, 3, 0],
              "pivot": [2.9, 17.75, -2.51],
              "rotation": [0, 0, 7.5],
              "uv": [17, 10]
            }
          ]
        },
        {
          "name": "hat",
          "parent": "head",
          "pivot": [0, 21.625, 0],
          "cubes": [
            { "origin": [-2, 23.25, -2], "size": [4, 2, 4], "uv": [0, 7] }
          ]
        },
        {
          "name": "arm_left",
          "parent": "torso",
          "pivot": [-1.25, 13, -2],
          "cubes": [
            { "origin": [-1.75, 12.5, -3.5], "size": [1, 1, 2], "uv": [12, 7] }
          ]
        },
        {
          "name": "arm_right",
          "parent": "torso",
          "pivot": [1.25, 13, -2],
          "cubes": [
            { "origin": [0.75, 12.5, -3.5], "size": [1, 1, 2], "uv": [12, 0] }
          ]
        },
        {
          "name": "shell",
          "parent": "body",
          "pivot": [0, 14.31875, -0.0625],
          "cubes": [
            {
              "origin": [-9.5, 5.5, -10.5],
              "size": [19, 19, 21],
              "inflate": -17,
              "uv": [37, 68]
            },
            {
              "origin": [-4.5, 18.275, -5],
              "size": [9, 12, 10],
              "inflate": -8,
              "uv": [7, 56]
            }
          ]
        },
        {
          "name": "shell_left",
          "parent": "shell",
          "pivot": [8.15, 6.5, 3.875],
          "cubes": [
            {
              "origin": [0.825, 3.6, -4.125],
              "size": [12, 11, 7],
              "inflate": -8,
              "uv": [73, 24]
            }
          ]
        },
        {
          "name": "shell_right",
          "parent": "shell",
          "pivot": [-8.15, 6.5, 3.875],
          "cubes": [
            {
              "origin": [-12.825, 3.6, -4.125],
              "size": [12, 11, 7],
              "inflate": -8,
              "uv": [73, 24],
              "mirror": true
            }
          ]
        }
      ]
    }
  ]
}
