{
  "species": "cobblemon:ogerponfire",
  "order": 1,
  "variations": [
    {
      "aspects": [],
      "poser": "cobblemon:ogerpon_fire",
      "model": "cobblemon:ogerpon_fire.geo",
      "texture": "cobblemon:textures/pokemon/ogerpon/ogerpon_fire.png",
      "layers": [
	  {
			"name": "glow",
			"texture": "cobblemon:textures/pokemon/ogerpon/ogerpon_emissive_fire.png",
			"emissive": true
	  }
	  ]
    },
    {
      "aspects": ["shiny"],
      "texture": "cobblemon:textures/pokemon/ogerpon/ogerpon_fire_shiny.png"
    }
  ]
}