{
  "format_version": "1.12.0",
  "minecraft:geometry": [
    {
      "description": {
        "identifier": "geometry.Bisharp",
        "texture_width": 64,
        "texture_height": 64,
        "visible_bounds_width": 3,
        "visible_bounds_height": 3.5,
        "visible_bounds_offset": [0, 1.25, 0]
      },
      "bones": [
        {
          "name": "bisharp",
          "pivot": [0, 0, 0]
        },
        {
          "name": "body",
          "parent": "bisharp",
          "pivot": [0, 14, 0]
        },
        {
          "name": "torso",
          "parent": "body",
          "pivot": [0, 14, 0],
          "cubes": [
            {
              "origin": [-2, 10, -1.5],
              "size": [4, 10, 3],
              "inflate": 0.005,
              "uv": [20, 24]
            },
            {
              "origin": [-1.5, 10, -1.5],
              "size": [1, 10, 3],
              "inflate": 0.01,
              "uv": [4, 51]
            },
            {
              "origin": [0.5, 10, -1.5],
              "size": [1, 10, 3],
              "inflate": 0.01,
              "uv": [12, 51]
            },
            { "origin": [-4, 17, -5.5], "size": [8, 0, 8], "uv": [26, 30] },
            { "origin": [-4, 13.5, -5.5], "size": [8, 0, 8], "uv": [0, 0] }
          ]
        },
        {
          "name": "neck",
          "parent": "torso",
          "pivot": [0, 20, 0],
          "cubes": [
            { "origin": [-1, 20, -1], "size": [2, 1, 2], "uv": [36, 0] }
          ]
        },
        {
          "name": "head",
          "parent": "neck",
          "pivot": [0, 21, 0],
          "cubes": [
            { "origin": [-2.5, 21, -2.5], "size": [5, 5, 5], "uv": [13, 14] }
          ]
        },
        {
          "name": "eyes",
          "parent": "head",
          "pivot": [0, 21, 0]
        },
        {
          "name": "eye_left",
          "parent": "eyes",
          "pivot": [1.5, 23.25, -2.5],
          "rotation": [0, 0, 10],
          "cubes": [
            { "origin": [0.75, 22.75, -2.51], "size": [2, 1, 0], "uv": [0, 54] }
          ]
        },
        {
          "name": "eyelid_left",
          "parent": "eye_left",
          "pivot": [1.5, 23.25, -2.5],
          "rotation": [0, 0, 10],
          "cubes": [
            { "origin": [0.75, 22.75, -2.49], "size": [2, 1, 0], "uv": [0, 55] }
          ]
        },
        {
          "name": "eye_right",
          "parent": "eyes",
          "pivot": [-1.5, 23.25, -2.5],
          "cubes": [
            {
              "origin": [-2.75, 22.75, -2.51],
              "size": [2, 1, 0],
              "pivot": [-1.5, 23.25, -2.5],
              "rotation": [0, 0, -10],
              "uv": [0, 52]
            }
          ]
        },
        {
          "name": "eyelid_right",
          "parent": "eye_right",
          "pivot": [-1.5, 23.25, -2.5],
          "rotation": [0, 0, -10],
          "cubes": [
            {
              "origin": [-2.75, 22.75, -2.49],
              "size": [2, 1, 0],
              "uv": [0, 53]
            }
          ]
        },
        {
          "name": "helmet",
          "parent": "head",
          "pivot": [0, 21, 0],
          "cubes": [
            { "origin": [-3, 26.5, -3], "size": [6, 0, 6], "uv": [12, 8] },
            { "origin": [-3, 22.5, -3], "size": [6, 4, 0], "uv": [34, 26] },
            { "origin": [-3, 21.5, 3], "size": [6, 5, 0], "uv": [0, 32] },
            { "origin": [-3, 21.5, -3], "size": [0, 5, 6], "uv": [0, 11] },
            { "origin": [3, 21.5, -3], "size": [0, 5, 6], "uv": [44, -6] },
            { "origin": [0, 22.5, -6.5], "size": [0, 8, 9], "uv": [0, 0] }
          ]
        },
        {
          "name": "shoulders",
          "parent": "torso",
          "pivot": [-2, 20, 0],
          "cubes": [
            {
              "origin": [-4.75, 18, -1.5],
              "size": [4, 2, 3],
              "pivot": [-2, 20, 0],
              "rotation": [0, 0, 30],
              "uv": [31, 21]
            },
            {
              "origin": [0.75, 18, -1.5],
              "size": [4, 2, 3],
              "pivot": [2, 20, 0],
              "rotation": [0, 0, -30],
              "uv": [45, 21]
            }
          ]
        },
        {
          "name": "arm_right",
          "parent": "torso",
          "pivot": [-3.52452, 18.85946, 0],
          "rotation": [0, 0, 20],
          "cubes": [
            {
              "origin": [-4.02452, 13.85946, -0.5],
              "size": [1, 6, 1],
              "uv": [0, 22]
            }
          ]
        },
        {
          "name": "forearm_right",
          "parent": "arm_right",
          "pivot": [-3.52452, 15.10946, 0],
          "cubes": [
            {
              "origin": [-4.77452, 12.10946, -1.5],
              "size": [2, 3, 3],
              "inflate": 0.01,
              "uv": [30, 6]
            },
            {
              "origin": [-6.77452, 12.10946, 0],
              "size": [2, 4, 0],
              "uv": [15, 24]
            }
          ]
        },
        {
          "name": "hand_right",
          "parent": "forearm_right",
          "pivot": [-4.78378, 11.99068, 0],
          "cubes": [
            {
              "origin": [-4.77366, 9.18328, -1],
              "size": [2, 3, 2],
              "uv": [40, 16]
            }
          ]
        },
        {
          "name": "thumb_right",
          "parent": "hand_right",
          "pivot": [-2.77452, 12.10946, -0.5],
          "rotation": [0, 0, -15],
          "cubes": [
            {
              "origin": [-2.77452, 10.10946, -1],
              "size": [0, 2, 1],
              "uv": [24, 5]
            }
          ]
        },
        {
          "name": "arm_left",
          "parent": "torso",
          "pivot": [3.52452, 18.85946, 0],
          "rotation": [0, 0, -20],
          "cubes": [
            {
              "origin": [3.02452, 13.85946, -0.5],
              "size": [1, 6, 1],
              "inflate": 0.01,
              "uv": [12, 32]
            }
          ]
        },
        {
          "name": "forearm_left",
          "parent": "arm_left",
          "pivot": [3.52452, 15.10946, 0],
          "cubes": [
            {
              "origin": [2.77452, 12.10946, -1.5],
              "size": [2, 3, 3],
              "inflate": 0.01,
              "uv": [41, 5]
            },
            {
              "origin": [4.77452, 12.10946, 0],
              "size": [2, 4, 0],
              "uv": [16, 32]
            }
          ]
        },
        {
          "name": "hand_left",
          "parent": "forearm_left",
          "pivot": [4.81798, 12.08465, 0],
          "cubes": [
            {
              "origin": [2.77366, 9.18328, -1],
              "size": [2, 3, 2],
              "uv": [48, 16]
            }
          ]
        },
        {
          "name": "thumb_left",
          "parent": "hand_left",
          "pivot": [2.77452, 12.10946, -0.5],
          "rotation": [0, 0, 15],
          "cubes": [
            {
              "origin": [2.77452, 10.10946, -1],
              "size": [0, 2, 1],
              "uv": [26, 5]
            }
          ]
        },
        {
          "name": "leg_left",
          "parent": "body",
          "pivot": [1.25, 11, 0],
          "cubes": [
            { "origin": [0.5, 11, -2], "size": [4, 2, 4], "uv": [48, 10] },
            { "origin": [0.5, 8, -2.5], "size": [5, 3, 5], "uv": [11, 37] },
            { "origin": [1.25, 7, -1.5], "size": [3, 1, 3], "uv": [26, 38] }
          ]
        },
        {
          "name": "knee_left",
          "parent": "leg_left",
          "pivot": [2.75, 7.25, 0],
          "rotation": [20, 0, 0],
          "cubes": [
            { "origin": [2.25, 5.5, -0.5], "size": [1, 2, 1], "uv": [24, 0] }
          ]
        },
        {
          "name": "shin_left",
          "parent": "knee_left",
          "pivot": [2.75, 5.5, 0],
          "rotation": [-30, 0, 0],
          "cubes": [
            { "origin": [1.75, 0.25, -0.25], "size": [2, 6, 2], "uv": [0, 37] },
            { "origin": [2.25, 0.5, -0.26], "size": [1, 5, 0], "uv": [42, 3] }
          ]
        },
        {
          "name": "foot_left",
          "parent": "shin_left",
          "pivot": [2.75, 1, 0.75],
          "rotation": [10, 0, 0],
          "cubes": [
            { "origin": [1.25, 0, -2.25], "size": [3, 1, 4], "uv": [14, 45] }
          ]
        },
        {
          "name": "leg_right",
          "parent": "body",
          "pivot": [-1.25, 11, 0],
          "cubes": [
            { "origin": [-4.5, 11, -2], "size": [4, 2, 4], "uv": [24, 0] },
            { "origin": [-5.5, 8, -2.5], "size": [5, 3, 5], "uv": [0, 24] },
            { "origin": [-4.25, 7, -1.5], "size": [3, 1, 3], "uv": [28, 15] }
          ]
        },
        {
          "name": "knee_right",
          "parent": "leg_right",
          "pivot": [-2.75, 7.25, 0],
          "rotation": [20, 0, 0],
          "cubes": [
            { "origin": [-3.25, 5.5, -0.5], "size": [1, 2, 1], "uv": [19, 24] }
          ]
        },
        {
          "name": "shin_right",
          "parent": "knee_right",
          "pivot": [-2.75, 5.5, 0],
          "rotation": [-30, 0, 0],
          "cubes": [
            { "origin": [-3.75, 0.25, -0.25], "size": [2, 6, 2], "uv": [0, 0] },
            { "origin": [-3.25, 0.5, -0.26], "size": [1, 5, 0], "uv": [40, 3] }
          ]
        },
        {
          "name": "foot_right",
          "parent": "shin_right",
          "pivot": [-2.75, 1, 0.75],
          "rotation": [10, 0, 0],
          "cubes": [
            { "origin": [-4.25, 0, -2.25], "size": [3, 1, 4], "uv": [0, 45] }
          ]
        }
      ]
    }
  ]
}
