{
  "format_version": "1.12.0",
  "minecraft:geometry": [
    {
      "description": {
        "identifier": "geometry.unknown",
        "texture_width": 64,
        "texture_height": 64,
        "visible_bounds_width": 3,
        "visible_bounds_height": 3.5,
        "visible_bounds_offset": [0, 1.25, 0]
      },
      "bones": [
        {
          "name": "celebi",
          "pivot": [0, 0, 0]
        },
        {
          "name": "body",
          "parent": "celebi",
          "pivot": [-0.68604, 8.96653, 0.46533]
        },
        {
          "name": "torso",
          "parent": "body",
          "pivot": [-0.16635, 7.99042, 0.47013],
          "cubes": [
            {
              "origin": [-0.66635, 7.13417, -1.37987],
              "size": [1, 1, 0],
              "uv": [2, 2]
            },
            {
              "origin": [-0.66635, 7.10917, 2.29513],
              "size": [1, 1, 0],
              "uv": [2, 2]
            },
            {
              "origin": [-2.16635, 5.18417, -1.52987],
              "size": [4, 4, 4],
              "inflate": -0.175,
              "uv": [22, 21]
            },
            {
              "origin": [-1.66635, 8.03417, -1.00487],
              "size": [3, 3, 3],
              "uv": [0, 28]
            }
          ]
        },
        {
          "name": "neck",
          "parent": "torso",
          "pivot": [-0.16635, 15.03417, -0.52987],
          "cubes": [
            {
              "origin": [-1.16635, 10.03417, -0.52987],
              "size": [2, 4, 2],
              "uv": [20, 33]
            }
          ]
        },
        {
          "name": "head",
          "parent": "neck",
          "pivot": [-0.16635, 11.66019, 0.35709],
          "cubes": [
            {
              "origin": [-3.16635, 11.33417, -3.02987],
              "size": [6, 6, 7],
              "pivot": [-0.16635, 14.33417, -0.02987],
              "rotation": [7.5, 0, 0],
              "uv": [0, 0]
            },
            {
              "origin": [-2.66635, 11.42762, -1.60567],
              "size": [5, 4, 8],
              "pivot": [-0.66635, 13.95917, -0.85487],
              "rotation": [32.75, 0, 0],
              "uv": [0, 13]
            },
            {
              "origin": [-1.66635, 15.1684, 1.40725],
              "size": [3, 3, 6],
              "pivot": [-1.66635, 16.95917, 3.14513],
              "rotation": [57.75, 0, 0],
              "uv": [20, 7]
            },
            {
              "origin": [-0.16635, 15.1684, 7.40725],
              "size": [0, 3, 4],
              "pivot": [-2.16635, 16.95917, 3.14513],
              "rotation": [57.75, 0, 0],
              "uv": [0, 9]
            }
          ]
        },
        {
          "name": "mouth",
          "parent": "head",
          "pivot": [-0.16635, 14.33417, -0.02987],
          "cubes": [
            {
              "origin": [-1.16635, 12.83417, -3.08487],
              "size": [2, 1, 0],
              "pivot": [-0.16635, 14.33417, -0.02987],
              "rotation": [7.5, 0, 0],
              "uv": [8, 39]
            },
            {
              "origin": [-1.16635, 12.35917, -3.07987],
              "size": [2, 1, 0],
              "pivot": [-0.16635, 14.33417, -0.02987],
              "rotation": [7.5, 0, 0],
              "uv": [8, 38]
            },
            {
              "origin": [-0.66635, 11.85917, -3.05487],
              "size": [1, 1, 0],
              "pivot": [-0.66635, 14.33417, -0.02987],
              "rotation": [7.5, 0, 0],
              "uv": [8, 40]
            }
          ]
        },
        {
          "name": "anthena_right",
          "parent": "head",
          "pivot": [-1.69135, 15.90837, -3.25131],
          "rotation": [39.59006, 6.24936, -7.49876],
          "cubes": [
            {
              "origin": [-2.19135, 16.33417, -3.02987],
              "size": [1, 2, 0],
              "pivot": [0.80865, 14.33417, -0.02987],
              "rotation": [7.5, 0, 0],
              "uv": [6, 16],
              "mirror": true
            }
          ]
        },
        {
          "name": "anthena_right2",
          "parent": "anthena_right",
          "pivot": [-1.69135, 18.88698, -3.67762],
          "rotation": [-42.5, 0, 0],
          "cubes": [
            {
              "origin": [-2.19135, 18.67639, -2.66953],
              "size": [1, 3, 0],
              "pivot": [0.80865, 16.67639, 0.33047],
              "rotation": [7.5, 0, 0],
              "uv": [19, 0],
              "mirror": true
            }
          ]
        },
        {
          "name": "anthena_right3",
          "parent": "anthena_right2",
          "pivot": [-1.69135, 21.23698, -3.30262],
          "rotation": [-42.5, 0, 0],
          "cubes": [
            {
              "origin": [-2.19135, 21.65353, -3.06613],
              "size": [1, 3, 0],
              "pivot": [0.80865, 19.65353, -0.06613],
              "rotation": [7.5, 0, 0],
              "uv": [18, 13],
              "mirror": true
            }
          ]
        },
        {
          "name": "anthena_left",
          "parent": "head",
          "pivot": [1.35865, 15.90837, -3.25131],
          "rotation": [39.59006, -6.24936, 7.49876],
          "cubes": [
            {
              "origin": [0.85865, 16.33417, -3.02987],
              "size": [1, 2, 0],
              "pivot": [-1.14135, 14.33417, -0.02987],
              "rotation": [7.5, 0, 0],
              "uv": [6, 16]
            }
          ]
        },
        {
          "name": "anthena_left2",
          "parent": "anthena_left",
          "pivot": [1.35865, 18.88698, -3.67762],
          "rotation": [-42.5, 0, 0],
          "cubes": [
            {
              "origin": [0.85865, 18.67639, -2.66953],
              "size": [1, 3, 0],
              "pivot": [-1.14135, 16.67639, 0.33047],
              "rotation": [7.5, 0, 0],
              "uv": [19, 0]
            }
          ]
        },
        {
          "name": "anthena_left3",
          "parent": "anthena_left2",
          "pivot": [1.35865, 21.23698, -3.30262],
          "rotation": [-42.5, 0, 0],
          "cubes": [
            {
              "origin": [0.85865, 21.65353, -3.06613],
              "size": [1, 3, 0],
              "pivot": [-1.14135, 19.65353, -0.06613],
              "rotation": [7.5, 0, 0],
              "uv": [18, 13]
            }
          ]
        },
        {
          "name": "arm_right",
          "parent": "torso",
          "pivot": [-1.51635, 10.03417, 0.39513],
          "cubes": [
            {
              "origin": [-5.16635, 9.03417, -0.60487],
              "size": [4, 2, 2],
              "inflate": -0.374,
              "uv": [21, 29]
            }
          ]
        },
        {
          "name": "arm_right2",
          "parent": "arm_right",
          "pivot": [-4.81635, 9.38417, 0.39513],
          "cubes": [
            {
              "origin": [-8.41735, 9.03517, -1.15587],
              "size": [4, 2, 3],
              "inflate": -0.376,
              "uv": [19, 0]
            }
          ]
        },
        {
          "name": "arm_right3",
          "parent": "arm_right2",
          "pivot": [-8.41735, 10.03517, 0.39413]
        },
        {
          "name": "finger_l_4",
          "parent": "arm_right3",
          "pivot": [-8.41735, 10.03517, -0.00587],
          "cubes": [
            {
              "origin": [-9.04123, 9.83728, -0.05587],
              "size": [2, 0, 1],
              "pivot": [-7.84235, 10.03517, 0.77113],
              "rotation": [0, 0, -27.75],
              "uv": [0, 2]
            }
          ]
        },
        {
          "name": "finger_l_5",
          "parent": "arm_right3",
          "pivot": [-8.84235, 10.03517, 0.77113],
          "rotation": [0, -8.75, 0],
          "cubes": [
            {
              "origin": [-9.44601, 10.03517, 0.50882],
              "size": [2, 0, 1],
              "pivot": [-8.84235, 10.03517, 0.77113],
              "rotation": [0, 22.5, 0],
              "uv": [0, 1]
            }
          ]
        },
        {
          "name": "finger_l_6",
          "parent": "arm_right3",
          "pivot": [-8.84235, 10.03517, -0.00587],
          "rotation": [0, 10.25, 0],
          "cubes": [
            {
              "origin": [-9.73746, 10.03517, -0.6589],
              "size": [2, 0, 1],
              "pivot": [-8.84235, 10.03517, 0.77113],
              "rotation": [0, -22.5, 0],
              "uv": [0, 0]
            }
          ]
        },
        {
          "name": "arm_left",
          "parent": "torso",
          "pivot": [1.20865, 10.03417, 0.39513],
          "cubes": [
            {
              "origin": [0.83365, 9.03417, -0.60487],
              "size": [4, 2, 2],
              "inflate": -0.374,
              "uv": [31, 31]
            }
          ]
        },
        {
          "name": "arm_left2",
          "parent": "arm_left",
          "pivot": [4.48365, 9.38417, 0.39513],
          "cubes": [
            {
              "origin": [4.08465, 9.03517, -1.15587],
              "size": [4, 2, 3],
              "inflate": -0.376,
              "uv": [9, 26]
            }
          ]
        },
        {
          "name": "arm_left3",
          "parent": "arm_left2",
          "pivot": [8.08465, 10.03517, 0.39413]
        },
        {
          "name": "finger_l_3",
          "parent": "arm_left3",
          "pivot": [8.08465, 10.03517, -0.00587],
          "cubes": [
            {
              "origin": [6.70853, 9.83728, -0.05587],
              "size": [2, 0, 1],
              "pivot": [7.50965, 10.03517, 0.77113],
              "rotation": [0, 0, 27.75],
              "uv": [0, 3]
            }
          ]
        },
        {
          "name": "finger_l_2",
          "parent": "arm_left3",
          "pivot": [8.50965, 10.03517, 0.77113],
          "rotation": [0, 8.75, 0],
          "cubes": [
            {
              "origin": [7.11331, 10.03517, 0.50882],
              "size": [2, 0, 1],
              "pivot": [8.50965, 10.03517, 0.77113],
              "rotation": [0, -22.5, 0],
              "uv": [0, 4]
            }
          ]
        },
        {
          "name": "finger_l_1",
          "parent": "arm_left3",
          "pivot": [8.50965, 10.03517, -0.00587],
          "rotation": [0, -10.25, 0],
          "cubes": [
            {
              "origin": [7.40476, 10.03517, -0.6589],
              "size": [2, 0, 1],
              "pivot": [8.50965, 10.03517, 0.77113],
              "rotation": [0, 22.5, 0],
              "uv": [0, 5]
            }
          ]
        },
        {
          "name": "wing_left",
          "parent": "torso",
          "pivot": [0.25351, 9.35395, 1.62871],
          "rotation": [0, 22.5, 0],
          "cubes": [
            {
              "origin": [-0.16635, 7.85395, 1.62871],
              "size": [0, 3, 6],
              "uv": [0, 19]
            }
          ]
        },
        {
          "name": "wing_right",
          "parent": "torso",
          "pivot": [-0.58621, 9.35395, 1.62871],
          "rotation": [0, -22.5, 0],
          "cubes": [
            {
              "origin": [-0.16635, 7.85395, 1.62871],
              "size": [0, 3, 6],
              "uv": [0, 19]
            }
          ]
        },
        {
          "name": "lef_left",
          "parent": "body",
          "pivot": [0.83365, 5.68417, 0.44513],
          "cubes": [
            {
              "origin": [-0.16635, 3.03417, -0.55487],
              "size": [2, 4, 2],
              "inflate": -0.374,
              "uv": [12, 31]
            }
          ]
        },
        {
          "name": "lef_left2",
          "parent": "lef_left",
          "pivot": [0.83365, 3.38217, -0.17987],
          "cubes": [
            {
              "origin": [-0.16635, 0.78217, -0.55487],
              "size": [2, 3, 2],
              "inflate": -0.375,
              "uv": [0, 16]
            }
          ]
        },
        {
          "name": "lef_left3",
          "parent": "lef_left2",
          "pivot": [0.83365, 1.53217, 0.47013],
          "cubes": [
            {
              "origin": [-0.16635, 0.78217, -2.55487],
              "size": [2, 1, 4],
              "inflate": -0.125,
              "uv": [26, 16],
              "mirror": true
            }
          ]
        },
        {
          "name": "lef_right",
          "parent": "body",
          "pivot": [-1.16635, 5.68417, 0.44513],
          "cubes": [
            {
              "origin": [-2.16635, 3.03417, -0.55487],
              "size": [2, 4, 2],
              "inflate": -0.374,
              "uv": [12, 31],
              "mirror": true
            }
          ]
        },
        {
          "name": "lef_right2",
          "parent": "lef_right",
          "pivot": [-1.16635, 3.38217, -0.17987],
          "cubes": [
            {
              "origin": [-2.16635, 0.78217, -0.55487],
              "size": [2, 3, 2],
              "inflate": -0.375,
              "uv": [0, 16],
              "mirror": true
            }
          ]
        },
        {
          "name": "lef_right3",
          "parent": "lef_right2",
          "pivot": [-1.16635, 1.53217, 0.47013],
          "cubes": [
            {
              "origin": [-2.16635, 0.78217, -2.55487],
              "size": [2, 1, 4],
              "inflate": -0.125,
              "uv": [26, 16]
            }
          ]
        }
      ]
    }
  ]
}
