{
  "enabled": true,
  "neededInstalledMods": [],
  "neededUninstalledMods": [],
  "spawns": [
    {
      "id": "bisharp-1",
      "pokemon": "bisharp",
      "presets": ["natural"],
      "type": "pokemon",
      "context": "grounded",
      "bucket": "rare",
      "level": "5-29",
      "weight": 1,
      "condition": {
        "canSeeSky": true,
        "biomes": ["#cobblemon:is_plateau"]
      }
    },
    {
      "id": "bisharp-2",
      "pokemon": "bisharp",
      "presets": ["natural"],
      "type": "pokemon",
      "context": "grounded",
      "bucket": "rare",
      "level": "5-23",
      "weight": 1,
      "condition": {
        "canSeeSky": true,
        "biomes": ["#cobblemon:is_mountain"]
      }
    },
    {
      "id": "bisharp-3",
      "pokemon": "bisharp",
      "presets": ["natural"],
      "type": "pokemon",
      "context": "grounded",
      "bucket": "uncommon",
      "level": "5-23",
      "weight": 100,
      "condition": {
        "canSeeSky": true,
        "biomes": ["#cobblemon:is_mountain"],
        "neededBaseBlocks": ["minecraft:stone"]
      }
    }
  ]
}
