{
  "enabled": true,
  "neededInstalledMods": [],
  "neededUninstalledMods": [],
  "spawns": [
    {
      "id": "tapulele-1",
      "pokemon": "tapulele",
      "type": "pokemon",
      "context": "grounded",
      "bucket": "ultra-rare",
      "level": "50-70",
      "weight": 0.2,
      "condition": {
        "canSeeSky": true,
        "biomes": [
          "#cobblemon:is_forest",
          "#cobblemon:is_jungle",
          "#minecraft:is_beach"
        ]
      }
    }
  ]
}
