{
  "species": "cobblemon:chimchar",
  "order": 0,
  "variations": [
    {
      "aspects": [],
      "poser": "cobblemon:chimchar",
      "model": "cobblemon:chimchar.geo",
      "texture": "cobblemon:textures/pokemon/0390_chimchar/chimchar.png",
      "layers": [
        {
          "name": "emissive",
          "emissive": true,
          "texture": "cobblemon:textures/pokemon/0390_chimchar/chimchar_emissive.png",
          "translucent": true
        }
      ]
    },
    {
      "aspects": [
        "shiny"
      ],
      "texture": "cobblemon:textures/pokemon/0390_chimchar/chimchar_shiny.png"
    }
  ]
}
