{
  "format_version": "1.8.0",
  "animations": {
    "animation.indeedee_f.ground_idle": {
      "loop": true,
      "bones": {
        "chest": {
          "rotation": [
            "math.sin(query.anim_time*90*2-60)*1.5",
            "-math.sin(query.anim_time*90*2-30)",
            0
          ]
        },
        "hips": {
          "rotation": [
            "math.sin(query.anim_time*90*2)*1.5",
            "2.5+math.sin(query.anim_time*90*1)*2",
            0
          ]
        },
        "tail": {
          "rotation": ["-math.sin(query.anim_time*90*2+90)*3", 0, 0]
        },
        "tail2": {
          "rotation": ["math.sin(query.anim_time*90*2+180)*4", 0, 0]
        },
        "tail3": {
          "rotation": ["-math.sin(query.anim_time*90*2+270)*3", 0, 0]
        },
        "arm_left": {
          "rotation": [
            "0.131-math.sin(query.anim_time*90*2)*4",
            "-4.9971-math.sin(query.anim_time*90*2-90)*2",
            44.9966
          ]
        },
        "elbow_left": {
          "rotation": [
            0.17855,
            "13.8462+math.sin(query.anim_time*90*2)*4",
            -20.5244
          ]
        },
        "pointer_left": {
          "rotation": [0, 0, "22.5-math.sin(query.anim_time*90*2-60)*4"]
        },
        "middle_left": {
          "rotation": [0, 0, "15-math.sin(query.anim_time*90*2)*4"]
        },
        "ring_left": {
          "rotation": [0, 0, "5-math.sin(query.anim_time*90*2-120)*4"]
        },
        "arm_right": {
          "rotation": [
            "0.131-math.sin(query.anim_time*90*2)*4",
            "4.9971+math.sin(query.anim_time*90*2-90)*2",
            -44.99657
          ]
        },
        "elbow_right": {
          "rotation": [
            0.17855,
            "-13.8462-math.sin(query.anim_time*90*2)*4",
            20.5244
          ]
        },
        "pointer_right": {
          "rotation": [0, 0, "-22.5+math.sin(query.anim_time*90*2-60)*4"]
        },
        "middle_right": {
          "rotation": [0, 0, "-15+math.sin(query.anim_time*90*2)*4"]
        },
        "ring_right": {
          "rotation": [0, 0, "-5-math.sin(query.anim_time*90*2-120)*4"]
        },
        "head": {
          "rotation": [
            "-math.sin(query.anim_time*90*2-30)*3",
            "-2.5-math.sin(query.anim_time*90*1-30)*2",
            0
          ]
        },
        "leg_left": {
          "rotation": [0, 7.5, 0]
        },
        "leg_right": {
          "rotation": [0, -5, 0]
        }
      }
    },
    "animation.indeedee_f.battle_idle": {
      "loop": true,
      "animation_length": 2,
      "bones": {
        "body": {
          "rotation": [0, 40, 0]
        },
        "hips": {
          "rotation": [0, "-2.5+math.sin(query.anim_time*90*2)*2", 0]
        },
        "tail": {
          "rotation": [
            "-math.sin(query.anim_time*90*2+90)*1",
            "-math.sin(query.anim_time*90*2+90)*3",
            "math.sin(query.anim_time*90*2+90)*4"
          ]
        },
        "tail2": {
          "rotation": [
            "math.sin(query.anim_time*90*2+180)*3",
            0,
            "-math.sin(query.anim_time*90*2+180)*5"
          ]
        },
        "tail3": {
          "rotation": ["-math.sin(query.anim_time*90*2+270)*4", 0, 0]
        },
        "torso": {
          "rotation": [0, "-5-math.sin(query.anim_time*90*2+90)*3", 0]
        },
        "arm_left": {
          "rotation": [
            "-126.9967+math.sin(query.anim_time*90*2+180)*4",
            21.63506,
            "57.1874+math.sin(query.anim_time*90*2+180)*2.5"
          ],
          "position": [-0.1, 0, 0]
        },
        "elbow_left": {
          "rotation": [
            -1.36092,
            "-17.3827+math.sin(query.anim_time*90*2+270)*4.5",
            "100.3228-math.sin(query.anim_time*90*2+270)*3"
          ]
        },
        "wrist_left": {
          "rotation": [0, 0, "12.5+math.sin(query.anim_time*90*2+360)*2"]
        },
        "pointer_left": {
          "rotation": [1.30962, 7.38542, 10.08453]
        },
        "ring_left": {
          "rotation": [0.55404, -12.48791, -2.56062]
        },
        "arm_right": {
          "rotation": [
            -118.34077,
            "-29.4987+math.sin(query.anim_time*90*2+180)*3",
            -42.39409
          ]
        },
        "elbow_right": {
          "rotation": [
            18.20743,
            "-8.5759-math.sin(query.anim_time*90*2+270)*3",
            "-28.6214+math.sin(query.anim_time*90*2+270)*2"
          ]
        },
        "wrist_right": {
          "rotation": [0, 0, "-10-math.sin(query.anim_time*90*2+360)*4"]
        },
        "hand_right": {
          "rotation": [0, 0, "-2.5+math.sin(query.anim_time*90*2+90)*3"]
        },
        "pointer_right": {
          "rotation": [0, -7.5, "-5+math.sin(query.anim_time*90*2+180)*3"]
        },
        "middle_right": {
          "rotation": [0, 0, "0+math.sin(query.anim_time*90*2+180)*3"]
        },
        "ring_right": {
          "rotation": [
            0.43688,
            4.98093,
            "5.019+math.sin(query.anim_time*90*2+180)*3"
          ],
          "position": [0.25, 0, 0]
        },
        "head": {
          "rotation": [
            -0.84512,
            "-29.964+math.sin(query.anim_time*90*2+90)*3",
            "-2.875-math.sin(query.anim_time*90*2+270)*1"
          ]
        },
        "leg_left": {
          "rotation": [0, 2.5, 0]
        },
        "knee_left": {
          "rotation": [0, 5, 0]
        },
        "leg_right": {
          "rotation": [0, -2.5, 0]
        },
        "knee_right": {
          "rotation": [0, -5, 0]
        }
      }
    },
    "animation.indeedee_f.blink": {
      "animation_length": 0.1667,
      "bones": {
        "eyelid_left": {
          "position": {
            "0.0": [0, 0, -0.1],
            "0.1667": {
              "pre": [0, 0, -0.1],
              "post": [0, 0, 0]
            }
          }
        },
        "eyelid_right": {
          "position": {
            "0.0": [0, 0, -0.1],
            "0.1667": {
              "pre": [0, 0, -0.1],
              "post": [0, 0, 0]
            }
          }
        }
      }
    },
    "animation.indeedee_f.ground_walk": {
      "loop": true,
      "animation_length": 2,
      "bones": {
        "chest": {
          "rotation": [
            0,
            "math.sin(query.anim_time*90*2-75)*12",
            "math.sin(query.anim_time*90*2)*2"
          ]
        },
        "hips": {
          "rotation": [
            0,
            "math.sin(query.anim_time*90*2+120)*8",
            "-math.sin(query.anim_time*90*2+120)*2"
          ]
        },
        "tail": {
          "rotation": [
            "math.sin(query.anim_time*90*4+120)*3",
            0,
            "math.sin(query.anim_time*90*2+120)*4"
          ]
        },
        "tail2": {
          "rotation": [
            "math.sin(query.anim_time*90*4+60)*4",
            0,
            "math.sin(query.anim_time*90*2+60)*4"
          ]
        },
        "tail3": {
          "rotation": ["math.sin(query.anim_time*90*4)*4", 0, 0]
        },
        "torso": {
          "rotation": [0, 0, "-math.sin(query.anim_time*90*2)*2"]
        },
        "arm_left": {
          "rotation": [
            "0.2344-math.sin(query.anim_time*90*2+90)*12",
            "-4.4754+math.sin(query.anim_time*90*2)*12",
            44.93673
          ]
        },
        "elbow_left": {
          "rotation": [
            3.53027,
            "14.1499+math.sin(query.anim_time*90*2-90)*6",
            -14.97311
          ]
        },
        "pointer_left": {
          "rotation": [0, 0, "22.5+math.sin(query.anim_time*90*2-60)*4"]
        },
        "middle_left": {
          "rotation": [0, 0, "15+math.sin(query.anim_time*90*2)*4"]
        },
        "ring_left": {
          "rotation": [0, 0, "5-math.sin(query.anim_time*90*2-120)*4"]
        },
        "arm_right": {
          "rotation": [
            "0.2344-math.sin(query.anim_time*90*2+90)*12",
            "4.4754+math.sin(query.anim_time*90*2)*12",
            -44.93772
          ]
        },
        "elbow_right": {
          "rotation": [
            -0.81528,
            "-13.3861+math.sin(query.anim_time*90*2-90)*6",
            16.01135
          ]
        },
        "pointer_right": {
          "rotation": [0, 0, "-22.5+math.sin(query.anim_time*90*2-60)*4"]
        },
        "middle_right": {
          "rotation": [0, 0, "-15+math.sin(query.anim_time*90*2)*4"]
        },
        "ring_right": {
          "rotation": [0, 0, "-5-math.sin(query.anim_time*90*2-120)*4"]
        },
        "head": {
          "rotation": [
            0,
            "math.sin(query.anim_time*90*2-60)*5",
            "-math.sin(query.anim_time*90*2-60)"
          ]
        },
        "leg_left": {
          "rotation": {
            "0.0": [-10.56062, 4.68305, -1.16616],
            "0.5": {
              "pre": [-1.56737, 4.84799, 0.39177],
              "post": [-1.56737, 4.84799, 0.39177],
              "lerp_mode": "catmullrom"
            },
            "1.0": [11.92118, 2.14721, 1.53688],
            "1.2083": [19.4348, 4.24113, 3.31147],
            "1.5": {
              "pre": [4.42971, 4.82198, 1.43659],
              "post": [4.42971, 4.82198, 1.43659],
              "lerp_mode": "catmullrom"
            },
            "1.8333": {
              "post": [-15.55256, 4.48696, -2.01441],
              "lerp_mode": "catmullrom"
            },
            "2.0": [-10.56062, 4.68305, -1.16616]
          },
          "position": {
            "0.0": [0, -0.25, -2],
            "0.5": [0, -0.37, -0.25],
            "1.0": [0, -0.25, 1.5],
            "1.2083": {
              "pre": [0, 0.5, 0.75],
              "post": [0, 0.5, 0.75],
              "lerp_mode": "catmullrom"
            },
            "1.5": [0, 1, 0],
            "1.8333": {
              "pre": [0, 1.25, -1.7],
              "post": [0, 1.25, -1.7],
              "lerp_mode": "catmullrom"
            },
            "2.0": [0, -0.25, -2]
          }
        },
        "knee_left": {
          "rotation": {
            "0.0": {
              "post": [6.5, 0, 0],
              "lerp_mode": "catmullrom"
            },
            "0.5": [2, 0, 0],
            "1.0": [-8.5, 0, 0],
            "1.5": [9, 0, 0],
            "2.0": {
              "pre": [6.5, 0, 0],
              "post": [6.5, 0, 0],
              "lerp_mode": "catmullrom"
            }
          },
          "position": {
            "0.0": {
              "post": [0, -0.25, 0],
              "lerp_mode": "catmullrom"
            },
            "0.5": [0, -0.25, 0],
            "1.0": [0, 0.25, 0],
            "1.5": [0, 0, 0],
            "2.0": {
              "pre": [0, -0.25, 0],
              "post": [0, -0.25, 0],
              "lerp_mode": "catmullrom"
            }
          }
        },
        "foot_left": {
          "rotation": {
            "0.0": [3.09, 0, 0],
            "0.5": [0, 0, 0],
            "1.0": [-3, 0, 0],
            "1.5": [6.17, 0, 0],
            "2.0": [3.09, 0, 0]
          },
          "position": {
            "0.0": {
              "post": [0, 0.5, 0],
              "lerp_mode": "catmullrom"
            },
            "0.5": [0, 0.5, 0],
            "1.0": [0, 0, 0],
            "1.5": [0, 0.5, 0],
            "2.0": {
              "pre": [0, 0.5, 0],
              "post": [0, 0.5, 0],
              "lerp_mode": "catmullrom"
            }
          }
        },
        "leg_right": {
          "rotation": {
            "0.0": [11.92118, 2.14721, 1.53688],
            "0.2083": [19.4348, 4.24113, 3.31147],
            "0.5": {
              "pre": [4.42971, 4.82198, 1.43659],
              "post": [4.42971, 4.82198, 1.43659],
              "lerp_mode": "catmullrom"
            },
            "0.8333": {
              "post": [-15.55256, 4.48696, -2.01441],
              "lerp_mode": "catmullrom"
            },
            "1.0": [-10.56062, 4.68305, -1.16616],
            "1.5": {
              "pre": [-1.56737, 4.84799, 0.39177],
              "post": [-1.56737, 4.84799, 0.39177],
              "lerp_mode": "catmullrom"
            },
            "2.0": [11.92118, 2.14721, 1.53688]
          },
          "position": {
            "0.0": [0, -0.25, 1.5],
            "0.2083": {
              "pre": [0, 0.5, 0.75],
              "post": [0, 0.5, 0.75],
              "lerp_mode": "catmullrom"
            },
            "0.5": [0, 1, 0],
            "0.8333": {
              "pre": [0, 1.25, -1.7],
              "post": [0, 1.25, -1.7],
              "lerp_mode": "catmullrom"
            },
            "1.0": [0, -0.25, -2],
            "1.5": [0, -0.37, -0.25],
            "2.0": [0, -0.25, 1.5]
          }
        },
        "knee_right": {
          "rotation": {
            "0.0": [-8.5, 0, 0],
            "0.5": [9, 0, 0],
            "1.0": {
              "pre": [6.5, 0, 0],
              "post": [6.5, 0, 0],
              "lerp_mode": "catmullrom"
            },
            "1.5": [2, 0, 0],
            "2.0": [-8.5, 0, 0]
          },
          "position": {
            "0.0": [0, 0.25, 0],
            "0.5": [0, 0, 0],
            "1.0": {
              "pre": [0, -0.25, 0],
              "post": [0, -0.25, 0],
              "lerp_mode": "catmullrom"
            },
            "1.5": [0, -0.25, 0],
            "2.0": [0, 0.25, 0]
          }
        },
        "foot_right": {
          "rotation": {
            "0.0": [-3, 0, 0],
            "0.5": [6.17, 0, 0],
            "1.5": [0, 0, 0],
            "2.0": [-3, 0, 0]
          },
          "position": {
            "0.0": [0, 0, 0],
            "0.5": [0, 0.5, 0],
            "1.0": {
              "pre": [0, 0.5, 0],
              "post": [0, 0.5, 0],
              "lerp_mode": "catmullrom"
            },
            "1.5": [0, 0.5, 0],
            "2.0": [0, 0, 0]
          }
        }
      }
    }
  }
}
