{
  "format_version": "1.12.0",
  "minecraft:geometry": [
    {
      "description": {
        "identifier": "geometry.unknown",
        "texture_width": 128,
        "texture_height": 128,
        "visible_bounds_width": 3,
        "visible_bounds_height": 3.5,
        "visible_bounds_offset": [0, 1.25, 0]
      },
      "bones": [
        {
          "name": "bellibolt",
          "pivot": [0, 0, 0]
        },
        {
          "name": "body",
          "parent": "bellibolt",
          "pivot": [7.5, 3, -5.5]
        },
        {
          "name": "left_leg",
          "parent": "body",
          "pivot": [-4, 4.975, 0],
          "cubes": [
            {
              "origin": [-5.5, 2.475, -0.55],
              "size": [3, 3, 3],
              "uv": [0, 0],
              "mirror": true
            }
          ]
        },
        {
          "name": "left_leg2",
          "parent": "left_leg",
          "pivot": [-4, 2.475, 0],
          "cubes": [
            {
              "origin": [-5.5, 0.475, -2.5],
              "size": [3, 2, 5],
              "inflate": 0.2,
              "uv": [60, 34],
              "mirror": true
            }
          ]
        },
        {
          "name": "right_leg",
          "parent": "body",
          "pivot": [4, 4.975, 0],
          "cubes": [
            { "origin": [2.5, 2.475, -0.55], "size": [3, 3, 3], "uv": [0, 0] }
          ]
        },
        {
          "name": "right_leg2",
          "parent": "right_leg",
          "pivot": [4, 2.475, 0],
          "cubes": [
            {
              "origin": [2.5, 0.475, -2.5],
              "size": [3, 2, 5],
              "inflate": 0.2,
              "uv": [60, 34]
            }
          ]
        },
        {
          "name": "torso_bot",
          "parent": "body",
          "pivot": [0, 10.09167, -0.91667],
          "cubes": [
            { "origin": [-1, 8.675, -7.65], "size": [2, 2, 0], "uv": [0, 12] },
            { "origin": [-2, 9.675, 7.575], "size": [4, 4, 0], "uv": [0, 81] },
            { "origin": [-1, 10.675, 7.675], "size": [2, 2, 0], "uv": [0, 68] },
            {
              "origin": [-8.5, 2.675, -6.5],
              "size": [17, 11, 14],
              "uv": [0, 0]
            },
            {
              "origin": [-6, 3.675, -7.5],
              "size": [12, 12, 3],
              "uv": [30, 56]
            },
            { "origin": [-2, 7.675, -7.6], "size": [4, 4, 0], "uv": [0, 25] }
          ]
        },
        {
          "name": "electric",
          "parent": "torso_bot",
          "pivot": [5, 3.675, -6.4],
          "cubes": [
            { "origin": [-6, 3.675, -7.45], "size": [12, 12, 0], "uv": [48, 0] }
          ]
        },
        {
          "name": "head",
          "parent": "torso_bot",
          "pivot": [0, 12.675, 0.5],
          "cubes": [
            {
              "origin": [-7.5, 11.675, -5.5],
              "size": [15, 13, 12],
              "uv": [49, 73]
            }
          ]
        },
        {
          "name": "big_eye_right",
          "parent": "head",
          "pivot": [-7.975, 20.175, 0.5],
          "rotation": [0, 0, 7.5],
          "cubes": [
            {
              "origin": [-10.475, 17.675, -1.5],
              "size": [5, 5, 4],
              "uv": [42, 25]
            },
            {
              "origin": [-9.3, 19.15, -1.55],
              "size": [1, 2, 0],
              "uv": [12, 3]
            },
            {
              "origin": [-9.3, 19.15, -1.35],
              "size": [1, 2, 1],
              "inflate": 0.175,
              "uv": [9, 0]
            }
          ]
        },
        {
          "name": "big_eye_left",
          "parent": "head",
          "pivot": [7.975, 20.175, 0.5],
          "rotation": [0, 0, -7.5],
          "cubes": [
            {
              "origin": [5.475, 17.675, -1.5],
              "size": [5, 5, 4],
              "uv": [18, 47]
            },
            { "origin": [8.3, 19.15, -1.55], "size": [1, 2, 0], "uv": [12, 5] },
            {
              "origin": [8.3, 19.15, -1.35],
              "size": [1, 2, 1],
              "inflate": 0.175,
              "uv": [9, 6]
            }
          ]
        },
        {
          "name": "eye_left2",
          "parent": "head",
          "pivot": [2.5, 19.675, -4.525],
          "cubes": [
            { "origin": [1.5, 19.675, -5.525], "size": [1, 2, 0], "uv": [0, 0] }
          ]
        },
        {
          "name": "eye_right2",
          "parent": "head",
          "pivot": [-2.5, 19.675, -4.525],
          "cubes": [
            {
              "origin": [-2.5, 19.675, -5.525],
              "size": [1, 2, 0],
              "uv": [0, 6]
            }
          ]
        },
        {
          "name": "mouth",
          "parent": "head",
          "pivot": [5, 18.675, -4.6],
          "cubes": [
            { "origin": [-5, 18.675, -5.6], "size": [1, 1, 0], "uv": [12, 0] },
            {
              "origin": [-4.5, 18.15, -5.575],
              "size": [2, 1, 0],
              "uv": [8, 13]
            },
            {
              "origin": [-2.5, 17.65, -5.575],
              "size": [2, 1, 0],
              "uv": [4, 13]
            },
            {
              "origin": [-0.5, 17.65, -5.575],
              "size": [1, 1, 0],
              "uv": [0, 8]
            },
            {
              "origin": [0.5, 17.65, -5.575],
              "size": [2, 1, 0],
              "uv": [4, 12]
            },
            {
              "origin": [2.5, 18.15, -5.575],
              "size": [2, 1, 0],
              "uv": [8, 12]
            },
            { "origin": [4, 18.675, -5.6], "size": [1, 1, 0], "uv": [0, 2] }
          ]
        },
        {
          "name": "arm_right",
          "parent": "torso_bot",
          "pivot": [-7, 13.5, -1],
          "cubes": [
            { "origin": [-12.5, 12, -2.5], "size": [7, 3, 3], "uv": [59, 22] }
          ]
        },
        {
          "name": "arm_left",
          "parent": "torso_bot",
          "pivot": [7, 13.5, -1],
          "cubes": [
            { "origin": [5.5, 12, -2.5], "size": [7, 3, 3], "uv": [60, 28] }
          ]
        }
      ]
    }
  ]
}
