{
  "species": "cobblemon:vivillon",
  "order": 0,
  "variations": [
    {
      "aspects": [],
      "poser": "cobblemon:vivillon",
      "model": "cobblemon:vivillon.geo",
      "texture": "cobblemon:textures/pokemon/0666_vivillon/vivillon.png",
      "layers": []
    },
    {
      "aspects": [
        "shiny"
      ],
      "texture": "cobblemon:textures/pokemon/0666_vivillon/vivillon_shiny.png"
    },
    {
      "aspects": [
        "vivillon-wings-archipelago"
      ],
      "texture": "cobblemon:textures/pokemon/0666_vivillon/vivillon_archipelago.png",
      "layers": [
        {
          "name": "wings",
          "texture": "cobblemon:textures/pokemon/0666_vivillon/vivillon_wings_archipelago.png"
        }
      ]
    },
    {
      "aspects": [
        "vivillon-wings-archipelago","shiny"
      ],
      "texture": "cobblemon:textures/pokemon/0666_vivillon/vivillon_archipelago_shiny.png",
      "layers": [
        {
          "name": "wings",
          "texture": "cobblemon:textures/pokemon/0666_vivillon/vivillon_wings_archipelago.png"
        }
      ]
    },
    {
      "aspects": [
        "vivillon-wings-continental"
      ],
      "texture": "cobblemon:textures/pokemon/0666_vivillon/vivillon_continental.png",
      "layers": [
        {
          "name": "wings",
          "texture": "cobblemon:textures/pokemon/0666_vivillon/vivillon_wings_continental.png"
        }
      ]
    },
    {
      "aspects": [
        "vivillon-wings-continental","shiny"
      ],
	  "texture": "cobblemon:textures/pokemon/0666_vivillon/vivillon_continental_shiny.png",
      "layers": [
        {
          "name": "wings",
          "texture": "cobblemon:textures/pokemon/0666_vivillon/vivillon_wings_continental.png"
        }
      ]
    },
    {
      "aspects": [
        "vivillon-wings-elegant"
      ],
	  "texture": "cobblemon:textures/pokemon/0666_vivillon/vivillon_elegant.png",
      "layers": [
        {
          "name": "wings",
          "texture": "cobblemon:textures/pokemon/0666_vivillon/vivillon_wings_elegant.png"
        }
      ]
    },
    {
      "aspects": [
        "vivillon-wings-elegant","shiny"
      ],
	  "texture": "cobblemon:textures/pokemon/0666_vivillon/vivillon_elegant_shiny.png",
      "layers": [
        {
          "name": "wings",
          "texture": "cobblemon:textures/pokemon/0666_vivillon/vivillon_wings_elegant.png"
        }
      ]
    },
    {
      "aspects": [
        "vivillon-wings-fancy"
      ],
	  "texture": "cobblemon:textures/pokemon/0666_vivillon/vivillon_fancy.png",
      "layers": [
        {
          "name": "wings",
          "texture": "cobblemon:textures/pokemon/0666_vivillon/vivillon_wings_fancy.png"
        }
      ]
    },
    {
      "aspects": [
        "vivillon-wings-fancy","shiny"
      ],
	  "texture": "cobblemon:textures/pokemon/0666_vivillon/vivillon_fancy_shiny.png",
      "layers": [
        {
          "name": "wings",
          "texture": "cobblemon:textures/pokemon/0666_vivillon/vivillon_wings_fancy.png"
        }
      ]
    },
    {
      "aspects": [
        "vivillon-wings-garden"
      ],
	  "texture": "cobblemon:textures/pokemon/0666_vivillon/vivillon_garden.png",
      "layers": [
        {
          "name": "wings",
          "texture": "cobblemon:textures/pokemon/0666_vivillon/vivillon_wings_garden.png"
        }
      ]
    },
    {
      "aspects": [
        "vivillon-wings-garden","shiny"
      ],
	  "texture": "cobblemon:textures/pokemon/0666_vivillon/vivillon_garden_shinygar.png",
      "layers": [
        {
          "name": "wings",
          "texture": "cobblemon:textures/pokemon/0666_vivillon/vivillon_wings_garden.png"
        }
      ]
    },
    {
      "aspects": [
        "vivillon-wings-high-plains"
      ],
	  "texture": "cobblemon:textures/pokemon/0666_vivillon/vivillon_high_plains.png",
      "layers": [
        {
          "name": "wings",
          "texture": "cobblemon:textures/pokemon/0666_vivillon/vivillon_wings_high_plains.png"
        }
      ]
    },
    {
      "aspects": [
        "vivillon-wings-high-plains","shiny"
      ],
	  "texture": "cobblemon:textures/pokemon/0666_vivillon/vivillon_high_plains_shiny.png",
      "layers": [
        {
          "name": "wings",
          "texture": "cobblemon:textures/pokemon/0666_vivillon/vivillon_wings_high_plains.png"
        }
      ]
    },
    {
      "aspects": [
        "vivillon-wings-icy-snow"
      ],
	  "texture": "cobblemon:textures/pokemon/0666_vivillon/vivillon_icy_snow.png",
      "layers": [
        {
          "name": "wings",
          "texture": "cobblemon:textures/pokemon/0666_vivillon/vivillon_wings_icy_snow.png"
        }
      ]
    },
    {
      "aspects": [
        "vivillon-wings-icy-snow","shiny"
      ],
	  "texture": "cobblemon:textures/pokemon/0666_vivillon/vivillon_icy_snow_shiny.png",
      "layers": [
        {
          "name": "wings",
          "texture": "cobblemon:textures/pokemon/0666_vivillon/vivillon_wings_icy_snow.png"
        }
      ]
    },
    {
      "aspects": [
        "vivillon-wings-jungle"
      ],
	  "texture": "cobblemon:textures/pokemon/0666_vivillon/vivillon_jungle.png",
      "layers": [
        {
          "name": "wings",
          "texture": "cobblemon:textures/pokemon/0666_vivillon/vivillon_wings_jungle.png"
        }
      ]
    },
    {
      "aspects": [
        "vivillon-wings-jungle","shiny"
      ],
	  "texture": "cobblemon:textures/pokemon/0666_vivillon/vivillon_jungle_shiny.png",
      "layers": [
        {
          "name": "wings",
          "texture": "cobblemon:textures/pokemon/0666_vivillon/vivillon_wings_jungle.png"
        }
      ]
    },
    {
      "aspects": [
        "vivillon-wings-marine"
      ],
	  "texture": "cobblemon:textures/pokemon/0666_vivillon/vivillon_marine.png",
      "layers": [
        {
          "name": "wings",
          "texture": "cobblemon:textures/pokemon/0666_vivillon/vivillon_wings_marine.png"
        }
      ]
    },
    {
      "aspects": [
        "vivillon-wings-marine","shiny"
      ],
	  "texture": "cobblemon:textures/pokemon/0666_vivillon/vivillon_marine_shiny.png",
      "layers": [
        {
          "name": "wings",
          "texture": "cobblemon:textures/pokemon/0666_vivillon/vivillon_wings_marine.png"
        }
      ]
    },
    {
      "aspects": [
        "vivillon-wings-meadow"
      ],
	  "texture": "cobblemon:textures/pokemon/0666_vivillon/vivillon_meadow.png",
      "layers": [
        {
          "name": "wings",
          "texture": "cobblemon:textures/pokemon/0666_vivillon/vivillon_wings_meadow.png"
        }
      ]
    },
    {
      "aspects": [
        "vivillon-wings-meadow","shiny"
      ],
	  "texture": "cobblemon:textures/pokemon/0666_vivillon/vivillon_meadow_shiny.png",
      "layers": [
        {
          "name": "wings",
          "texture": "cobblemon:textures/pokemon/0666_vivillon/vivillon_wings_meadow.png"
        }
      ]
    },
    {
      "aspects": [
        "vivillon-wings-modern"
      ],
	  "texture": "cobblemon:textures/pokemon/0666_vivillon/vivillon_modern.png",
      "layers": [
        {
          "name": "wings",
          "texture": "cobblemon:textures/pokemon/0666_vivillon/vivillon_wings_modern.png"
        }
      ]
    },
    {
      "aspects": [
        "vivillon-wings-modern","shiny"
      ],
	  "texture": "cobblemon:textures/pokemon/0666_vivillon/vivillon_modern_shiny.png",
      "layers": [
        {
          "name": "wings",
          "texture": "cobblemon:textures/pokemon/0666_vivillon/vivillon_wings_modern.png"
        }
      ]
    },
    {
      "aspects": [
        "vivillon-wings-monsoon"
      ],
	  "texture": "cobblemon:textures/pokemon/0666_vivillon/vivillon_monsoon.png",
      "layers": [
        {
          "name": "wings",
          "texture": "cobblemon:textures/pokemon/0666_vivillon/vivillon_wings_monsoon.png"
        }
      ]
    },
    {
      "aspects": [
        "vivillon-wings-monsoon","shiny"
      ],
	  "texture": "cobblemon:textures/pokemon/0666_vivillon/vivillon_monsoon_shiny.png",
      "layers": [
        {
          "name": "wings",
          "texture": "cobblemon:textures/pokemon/0666_vivillon/vivillon_wings_monsoon.png"
        }
      ]
    },
    {
      "aspects": [
        "vivillon-wings-ocean"
      ],
	  "texture": "cobblemon:textures/pokemon/0666_vivillon/vivillon_ocean.png",
      "layers": [
        {
          "name": "wings",
          "texture": "cobblemon:textures/pokemon/0666_vivillon/vivillon_wings_ocean.png"
        }
      ]
    },
    {
      "aspects": [
        "vivillon-wings-ocean","shiny"
      ],
	  "texture": "cobblemon:textures/pokemon/0666_vivillon/vivillon_ocean_shiny.png",
      "layers": [
        {
          "name": "wings",
          "texture": "cobblemon:textures/pokemon/0666_vivillon/vivillon_wings_ocean.png"
        }
      ]
    },
    {
      "aspects": [
        "vivillon-wings-poke-ball"
      ],
	  "texture": "cobblemon:textures/pokemon/0666_vivillon/vivillon_pokeball.png",
      "layers": [
        {
          "name": "wings",
          "texture": "cobblemon:textures/pokemon/0666_vivillon/vivillon_wings_pokeball.png"
        }
      ]
    },
    {
      "aspects": [
        "vivillon-wings-poke-ball","shiny"
      ],
	  "texture": "cobblemon:textures/pokemon/0666_vivillon/vivillon_pokeball_shiny.png",
      "layers": [
        {
          "name": "wings",
          "texture": "cobblemon:textures/pokemon/0666_vivillon/vivillon_wings_pokeball.png"
        }
      ]
    },
    {
      "aspects": [
        "vivillon-wings-polar"
      ],
	  "texture": "cobblemon:textures/pokemon/0666_vivillon/vivillon_polar.png",
      "layers": [
        {
          "name": "wings",
          "texture": "cobblemon:textures/pokemon/0666_vivillon/vivillon_wings_polar.png"
        }
      ]
    },
    {
      "aspects": [
        "vivillon-wings-polar","shiny"
      ],
	  "texture": "cobblemon:textures/pokemon/0666_vivillon/vivillon_polar_shiny.png",
      "layers": [
        {
          "name": "wings",
          "texture": "cobblemon:textures/pokemon/0666_vivillon/vivillon_wings_polar.png"
        }
      ]
    },
    {
      "aspects": [
        "vivillon-wings-river"
      ],
	  "texture": "cobblemon:textures/pokemon/0666_vivillon/vivillon_river.png",
      "layers": [
        {
          "name": "wings",
          "texture": "cobblemon:textures/pokemon/0666_vivillon/vivillon_wings_river.png"
        }
      ]
    },
    {
      "aspects": [
        "vivillon-wings-river","shiny"
      ],
	  "texture": "cobblemon:textures/pokemon/0666_vivillon/vivillon_river_shiny.png",
      "layers": [
        {
          "name": "wings",
          "texture": "cobblemon:textures/pokemon/0666_vivillon/vivillon_wings_river.png"
        }
      ]
    },
    {
      "aspects": [
        "vivillon-wings-sandstorm"
      ],
	  "texture": "cobblemon:textures/pokemon/0666_vivillon/vivillon_sandstorm.png",
      "layers": [
        {
          "name": "wings",
          "texture": "cobblemon:textures/pokemon/0666_vivillon/vivillon_wings_sandstorm.png"
        }
      ]
    },
    {
      "aspects": [
        "vivillon-wings-sandstorm","shiny"
      ],
	  "texture": "cobblemon:textures/pokemon/0666_vivillon/vivillon_sandstorm_shiny.png",
      "layers": [
        {
          "name": "wings",
          "texture": "cobblemon:textures/pokemon/0666_vivillon/vivillon_wings_sandstorm.png"
        }
      ]
    },
    {
      "aspects": [
        "vivillon-wings-savanna"
      ],
	  "texture": "cobblemon:textures/pokemon/0666_vivillon/vivillon_savanna.png",
      "layers": [
        {
          "name": "wings",
          "texture": "cobblemon:textures/pokemon/0666_vivillon/vivillon_wings_savanna.png"
        }
      ]
    },
    {
      "aspects": [
        "vivillon-wings-savanna","shiny"
      ],
	  "texture": "cobblemon:textures/pokemon/0666_vivillon/vivillon_savanna_shiny.png",
      "layers": [
        {
          "name": "wings",
          "texture": "cobblemon:textures/pokemon/0666_vivillon/vivillon_wings_savanna.png"
        }
      ]
    },
    {
      "aspects": [
        "vivillon-wings-sun"
      ],
	  "texture": "cobblemon:textures/pokemon/0666_vivillon/vivillon_sun.png",
      "layers": [
        {
          "name": "wings",
          "texture": "cobblemon:textures/pokemon/0666_vivillon/vivillon_wings_sun.png"
        }
      ]
    },
    {
      "aspects": [
        "vivillon-wings-sun","shiny"
      ],
	  "texture": "cobblemon:textures/pokemon/0666_vivillon/vivillon_sun_shiny.png",
      "layers": [
        {
          "name": "wings",
          "texture": "cobblemon:textures/pokemon/0666_vivillon/vivillon_wings_sun.png"
        }
      ]
    },
    {
      "aspects": [
        "vivillon-wings-tundra"
      ],
	  "texture": "cobblemon:textures/pokemon/0666_vivillon/vivillon_tundra.png",
      "layers": [
        {
          "name": "wings",
          "texture": "cobblemon:textures/pokemon/0666_vivillon/vivillon_wings_tundra.png"
        }
      ]
    },
    {
      "aspects": [
        "vivillon-wings-tundra","shiny"
      ],
	  "texture": "cobblemon:textures/pokemon/0666_vivillon/vivillon_tundra_shiny.png",
      "layers": [
        {
          "name": "wings",
          "texture": "cobblemon:textures/pokemon/0666_vivillon/vivillon_wings_tundra.png"
        }
      ]
    },
    {
      "aspects": [
        "vivillon-wings-inferno"
      ],
	  "texture": "cobblemon:textures/pokemon/0666_vivillon/vivillon_inferno.png",
      "layers": [
        {
          "name": "wings",
          "texture": "cobblemon:textures/pokemon/0666_vivillon/vivillon_wings_inferno.png"
        }
      ]
    },
    {
      "aspects": [
        "vivillon-wings-inferno","shiny"
      ],
	  "texture": "cobblemon:textures/pokemon/0666_vivillon/vivillon_inferno_shiny.png",
      "layers": [
        {
          "name": "wings",
          "texture": "cobblemon:textures/pokemon/0666_vivillon/vivillon_wings_inferno.png"
        }
      ]
    },
    {
      "aspects": [
        "vivillon-wings-void"
      ],
	  "texture": "cobblemon:textures/pokemon/0666_vivillon/vivillon_void.png",
      "layers": [
        {
          "name": "wings",
          "texture": "cobblemon:textures/pokemon/0666_vivillon/vivillon_wings_void.png"
        }
      ]
    },
    {
      "aspects": [
        "vivillon-wings-void","shiny"
      ],
	  "texture": "cobblemon:textures/pokemon/0666_vivillon/vivillon_void_shiny.png",
      "layers": [
        {
          "name": "wings",
          "texture": "cobblemon:textures/pokemon/0666_vivillon/vivillon_wings_void.png"
        }
      ]
    },
    {
      "aspects": [
        "vivillon-wings-forsaken"
      ],
	  "texture": "cobblemon:textures/pokemon/0666_vivillon/vivillon_forsaken.png",
      "layers": [
        {
          "name": "wings",
          "texture": "cobblemon:textures/pokemon/0666_vivillon/vivillon_wings_forsaken.png"
        }
      ]
    },
    {
      "aspects": [
        "vivillon-wings-forsaken","shiny"
      ],
	  "texture": "cobblemon:textures/pokemon/0666_vivillon/vivillon_forsaken_shiny.png",
      "layers": [
        {
          "name": "wings",
          "texture": "cobblemon:textures/pokemon/0666_vivillon/vivillon_wings_forsaken.png"
        }
      ]
    }
  ]
}