{
  "name": "Ogerpon",
  "nationalPokedexNumber": 1017,
  "primaryType": "grass",
  "abilities": [
    "defiant"
  ],
  "baseStats": {
    "hp": 80,
    "attack": 120,
    "defence": 84,
    "special_attack": 60,
    "special_defence": 96,
    "speed": 110
  },
  "catchRate": 5,
  "maleRatio": 0,
  "baseExperienceYield": 0,
  "baseFriendship": 0,
  "evYield": {
    "hp": 0,
    "attack": 3,
    "defence": 0,
    "special_attack": 0,
    "special_defence": 0,
    "speed": 0
  },
  "experienceGroup": "slow",
  "eggCycles": 50,
  "eggGroups": [
    "undiscovered"
  ],
  "moves": [
    "1:counter",
    "1:doublekick",
    "1:followme",
    "1:hornleech",
    "1:leechseed",
    "1:quickattack",
    "1:retaliate",
    "1:vinewhip",
    "6:focusenergy",
    "12:growth",
    "18:slam",
    "24:lowsweep",
    "30:ivycudgel",
    "36:throatchop",
    "42:synthesis",
    "48:spikyshield",
    "54:powerwhip",
    "60:superpower",
    "66:woodhammer",
    "tm:brickbreak",
    "tm:bulletseed",
    "tm:charm",
    "tm:encore",
    "tm:endure",
    "tm:energyball",
    "tm:facade",
    "tm:falseswipe",
    "tm:fling",
    "tm:gigadrain",
    "tm:gigaimpact",
    "tm:grassknot",
    "tm:grassyglide",
    "tm:grassyterrain",
    "tm:helpinghand",
    "tm:knockoff",
    "tm:lashout",
    "tm:leafstorm",
    "tm:lowkick",
    "tm:lowsweep",
    "tm:magicalleaf",
    "tm:playrough",
    "tm:protect",
    "tm:raindance",
    "tm:rest",
    "tm:reversal",
    "tm:rocktomb",
    "tm:sandstorm",
    "tm:scaryface",
    "tm:seedbomb",
    "tm:sleeptalk",
    "tm:solarbeam",
    "tm:solarblade",
    "tm:spikes",
    "tm:stompingtantrum",
    "tm:substitute",
    "tm:sunnyday",
    "tm:swordsdance",
    "tm:takedown",
    "tm:taunt",
    "tm:terablast",
    "tm:throatchop",
    "tm:trailblaze",
    "tm:uturn",
    "tm:zenheadbutt"
  ],
  "labels": [
    "gen9"
  ],
  "aspects": [],
  "height": 12,
  "weight": 398,
  "evolutions": [],
  "cannotDynamax": false,
  "forms": [
    {
      "name": "Wellspring",
      "primaryType": "grass",
      "secondaryType": "water",
      "abilities": [
        "waterabsorb"
      ],
      "baseStats": {
        "hp": 80,
        "attack": 120,
        "defence": 84,
        "special_attack": 60,
        "special_defence": 96,
        "speed": 110
      },
      "catchRate": 5,
      "maleRatio": 0,
      "baseExperienceYield": 0,
      "baseFriendship": 0,
      "evYield": {
        "hp": 0,
        "attack": 3,
        "defence": 0,
        "special_attack": 0,
        "special_defence": 0,
        "speed": 0
      },
      "experienceGroup": "slow",
      "eggCycles": 50,
      "eggGroups": [
        "undiscovered"
      ],
      "labels": [
        "gen9"
      ],
      "aspects": [
        "wellspring"
      ],
      "height": 12,
      "weight": 398,
      "cannotDynamax": false,
      "battleOnly": false
    },
    {
      "name": "Hearthflame",
      "primaryType": "grass",
      "secondaryType": "fire",
      "abilities": [
        "moldbreaker"
      ],
      "baseStats": {
        "hp": 80,
        "attack": 120,
        "defence": 84,
        "special_attack": 60,
        "special_defence": 96,
        "speed": 110
      },
      "catchRate": 5,
      "maleRatio": 0,
      "baseExperienceYield": 0,
      "baseFriendship": 0,
      "evYield": {
        "hp": 0,
        "attack": 3,
        "defence": 0,
        "special_attack": 0,
        "special_defence": 0,
        "speed": 0
      },
      "experienceGroup": "slow",
      "eggCycles": 50,
      "eggGroups": [
        "undiscovered"
      ],
      "labels": [
        "gen9"
      ],
      "aspects": [
        "hearthflame"
      ],
      "height": 12,
      "weight": 398,
      "cannotDynamax": false,
      "battleOnly": false
    },
    {
      "name": "Cornerstone",
      "primaryType": "grass",
      "secondaryType": "rock",
      "abilities": [
        "sturdy"
      ],
      "baseStats": {
        "hp": 80,
        "attack": 120,
        "defence": 84,
        "special_attack": 60,
        "special_defence": 96,
        "speed": 110
      },
      "catchRate": 5,
      "maleRatio": 0,
      "baseExperienceYield": 0,
      "baseFriendship": 0,
      "evYield": {
        "hp": 0,
        "attack": 3,
        "defence": 0,
        "special_attack": 0,
        "special_defence": 0,
        "speed": 0
      },
      "experienceGroup": "slow",
      "eggCycles": 50,
      "eggGroups": [
        "undiscovered"
      ],
      "labels": [
        "gen9"
      ],
      "aspects": [
        "cornerstone"
      ],
      "height": 12,
      "weight": 398,
      "cannotDynamax": false,
      "battleOnly": false
    },
    {
      "name": "Teal-Tera",
      "primaryType": "grass",
      "abilities": [
        "embodyaspectteal"
      ],
      "baseStats": {
        "hp": 80,
        "attack": 120,
        "defence": 84,
        "special_attack": 60,
        "special_defence": 96,
        "speed": 110
      },
      "catchRate": 5,
      "maleRatio": 0,
      "baseExperienceYield": 0,
      "baseFriendship": 0,
      "evYield": {
        "hp": 0,
        "attack": 3,
        "defence": 0,
        "special_attack": 0,
        "special_defence": 0,
        "speed": 0
      },
      "experienceGroup": "slow",
      "eggCycles": 50,
      "eggGroups": [
        "undiscovered"
      ],
      "labels": [
        "gen9"
      ],
      "aspects": [
        "teal-tera"
      ],
      "height": 12,
      "weight": 398,
      "cannotDynamax": false,
      "battleOnly": true
    },
    {
      "name": "Wellspring-Tera",
      "primaryType": "grass",
      "secondaryType": "water",
      "abilities": [
        "embodyaspectwellspring"
      ],
      "baseStats": {
        "hp": 80,
        "attack": 120,
        "defence": 84,
        "special_attack": 60,
        "special_defence": 96,
        "speed": 110
      },
      "catchRate": 5,
      "maleRatio": 0,
      "baseExperienceYield": 0,
      "baseFriendship": 0,
      "evYield": {
        "hp": 0,
        "attack": 3,
        "defence": 0,
        "special_attack": 0,
        "special_defence": 0,
        "speed": 0
      },
      "experienceGroup": "slow",
      "eggCycles": 50,
      "eggGroups": [
        "undiscovered"
      ],
      "labels": [
        "gen9"
      ],
      "aspects": [
        "wellspring-tera"
      ],
      "height": 12,
      "weight": 398,
      "cannotDynamax": false,
      "battleOnly": true
    },
    {
      "name": "Hearthflame-Tera",
      "primaryType": "grass",
      "secondaryType": "fire",
      "abilities": [
        "embodyaspecthearthflame"
      ],
      "baseStats": {
        "hp": 80,
        "attack": 120,
        "defence": 84,
        "special_attack": 60,
        "special_defence": 96,
        "speed": 110
      },
      "catchRate": 5,
      "maleRatio": 0,
      "baseExperienceYield": 0,
      "baseFriendship": 0,
      "evYield": {
        "hp": 0,
        "attack": 3,
        "defence": 0,
        "special_attack": 0,
        "special_defence": 0,
        "speed": 0
      },
      "experienceGroup": "slow",
      "eggCycles": 50,
      "eggGroups": [
        "undiscovered"
      ],
      "labels": [
        "gen9"
      ],
      "aspects": [
        "hearthflame-tera"
      ],
      "height": 12,
      "weight": 398,
      "cannotDynamax": false,
      "battleOnly": true
    },
    {
      "name": "Cornerstone-Tera",
      "primaryType": "grass",
      "secondaryType": "rock",
      "abilities": [
        "embodyaspectcornerstone"
      ],
      "baseStats": {
        "hp": 80,
        "attack": 120,
        "defence": 84,
        "special_attack": 60,
        "special_defence": 96,
        "speed": 110
      },
      "catchRate": 5,
      "maleRatio": 0,
      "baseExperienceYield": 0,
      "baseFriendship": 0,
      "evYield": {
        "hp": 0,
        "attack": 3,
        "defence": 0,
        "special_attack": 0,
        "special_defence": 0,
        "speed": 0
      },
      "experienceGroup": "slow",
      "eggCycles": 50,
      "eggGroups": [
        "undiscovered"
      ],
      "labels": [
        "gen9",
        "legendary"
      ],
      "aspects": [
        "cornerstone-tera"
      ],
      "height": 12,
      "weight": 398,
      "cannotDynamax": false,
      "battleOnly": true
    }
  ],
  "implemented": true
}