{
  "name": "Sinistcha",
  "nationalPokedexNumber": 1013,
  "primaryType": "grass",
  "secondaryType": "ghost",
  "abilities": [
    "hospitality",
    "h:heatproof"
  ],
  "baseStats": {
    "hp": 71,
    "attack": 60,
    "defence": 106,
    "special_attack": 121,
    "special_defence": 80,
    "speed": 70
  },
  "catchRate": 60,
  "maleRatio": -1,
  "baseExperienceYield": 0,
  "baseFriendship": 0,
  "evYield": {
    "hp": 0,
    "attack": 0,
    "defence": 0,
    "special_attack": 2,
    "special_defence": 0,
    "speed": 0
  },
  "experienceGroup": "slow",
  "eggCycles": 50,
  "eggGroups": [
    "mineral",
    "amorphous"
  ],
  "moves": [
    "1:astonish",
    "1:stunspore",
    "1:withdraw",
    "6:absorb",
    "12:lifedew",
    "18:foulplay",
    "24:megadrain",
    "30:hex",
    "36:ragepowder",
    "42:strengthsap",
    "48:shadowball",
    "54:memento",
    "60:leafstorm",
    "tm:calmmind",
    "tm:curse",
    "tm:endure",
    "tm:energyball",
    "tm:foulplay",
    "tm:gigadrain",
    "tm:grassyterrain",
    "tm:hex",
    "tm:hyperbeam",
    "tm:imprison",
    "tm:irondefense",
    "tm:leafstorm",
    "tm:magicalleaf",
    "tm:nastyplot",
    "tm:nightshade",
    "tm:painsplit",
    "tm:phantomforce",
    "tm:poltergeist",
    "tm:protect",
    "tm:psychup",
    "tm:reflect",
    "tm:rest",
    "tm:scald",
    "tm:shadowball",
    "tm:sleeptalk",
    "tm:solarbeam",
    "tm:spite",
    "tm:substitute",
    "tm:terablast",
    "tm:trickroom",
    "tm:uproar"
  ],
  "labels": [
    "gen9"
  ],
  "aspects": [],
  "height": 2,
  "weight": 22,
  "preEvolution": "poltchageist",
  "evolutions": [],
  "cannotDynamax": false,
  "forms": [
    {
      "name": "Masterpiece",
      "primaryType": "grass",
      "secondaryType": "ghost",
      "abilities": [
        "hospitality",
        "h:heatproof"
      ],
      "baseStats": {
        "hp": 71,
        "attack": 60,
        "defence": 106,
        "special_attack": 121,
        "special_defence": 80,
        "speed": 70
      },
      "catchRate": 60,
      "maleRatio": -1,
      "baseExperienceYield": 0,
      "baseFriendship": 0,
      "evYield": {
        "hp": 0,
        "attack": 0,
        "defence": 0,
        "special_attack": 2,
        "special_defence": 0,
        "speed": 0
      },
      "experienceGroup": "slow",
      "eggCycles": 50,
      "eggGroups": [
        "undiscovered"
      ],
      "moves": [
        "1:astonish",
        "1:stunspore",
        "1:withdraw",
        "6:absorb",
        "12:lifedew",
        "18:foulplay",
        "24:megadrain",
        "30:hex",
        "36:ragepowder",
        "42:strengthsap",
        "48:shadowball",
        "54:memento",
        "60:leafstorm",
        "tm:calmmind",
        "tm:curse",
        "tm:endure",
        "tm:energyball",
        "tm:foulplay",
        "tm:gigadrain",
        "tm:grassyterrain",
        "tm:hex",
        "tm:hyperbeam",
        "tm:imprison",
        "tm:irondefense",
        "tm:leafstorm",
        "tm:magicalleaf",
        "tm:nastyplot",
        "tm:nightshade",
        "tm:painsplit",
        "tm:phantomforce",
        "tm:poltergeist",
        "tm:protect",
        "tm:psychup",
        "tm:reflect",
        "tm:rest",
        "tm:scald",
        "tm:shadowball",
        "tm:sleeptalk",
        "tm:solarbeam",
        "tm:spite",
        "tm:substitute",
        "tm:terablast",
        "tm:trickroom",
        "tm:uproar"
      ],
      "labels": [
        "gen9"
      ],
      "aspects": [
        "masterpiece"
      ],
      "height": 2,
      "weight": 22,
      "preEvolution": "poltchageist artisan",
      "cannotDynamax": false,
      "battleOnly": false
    }
  ],
  "drops": {
    "amount": 1,
    "entries": [
      {
        "item": "cobblemon:rawst_berry",
        "percentage": 5
      }
    ]
  },
  "implemented": true
}