{
  "enabled": true,
  "neededInstalledMods": [],
  "neededUninstalledMods": [],
  "spawns": [
    {
      "id": "croagunk-1",
      "pokemon": "croagunk",
      "type": "pokemon",
      "context": "grounded",
      "bucket": "uncommon",
      "level": "10-36",
      "weight": 5.8,
      "condition": {
        "canSeeSky": true,
        "biomes": ["#cobblemon:is_swamp"]
      }
    },
    {
      "id": "croagunk-2",
      "pokemon": "croagunk",
      "type": "pokemon",
      "context": "grounded",
      "bucket": "uncommon",
      "level": "10-36",
      "weight": 12.5,
      "condition": {
        "canSeeSky": true,
        "biomes": ["#cobblemon:is_swamp"],
        "isRaining": true
      }
    }
  ]
}
