{
  "enabled": true,
  "neededInstalledMods": [],
  "neededUninstalledMods": [],
  "spawns": [
    {
      "id": "drilbur-1",
      "pokemon": "drilbur",
      "presets": ["underground"],
      "type": "pokemon",
      "context": "grounded",
      "bucket": "common",
      "level": "5-31",
      "weight": 4.5,
      "condition": {
        "canSeeSky": false,
        "minY": 0,
        "biomes": ["#cobblemon:is_overworld"]
      },
      "anticondition": {
        "biomes": ["#cobblemon:is_abyss"]
      }
    }
  ]
}
