{
  "enabled": true,
  "neededInstalledMods": [],
  "neededUninstalledMods": [],
  "spawns": [
    {
      "id": "guzzlord-1",
      "pokemon": "guzzlord",
      "presets": ["natural"],
      "type": "pokemon",
      "context": "grounded",
      "bucket": "rare",
      "level": "70-90",
      "weight": 0.6,
      "condition": {
        "biomes": [
          "#minecraft:is_end",
          "nullscape:crystal_peaks",
          "nullscape:shadowlands",
          "nullscape:void_barrens"
        ]
      }
    }
  ]
}
