{
  "head": "head",
  "portraitScale": 1.4,
  "portraitTranslation": [ -0.8, -0.1, 0 ],
  "profileScale": 0.56,
  "profileTranslation": [ 0.1, 0.8, 0 ],
  "poses": {
    "standing": {
      "poseName": "standing",
      "transformTicks": 10,
      "isBattle": false,
      "poseTypes": [
        "STAND",
        "NONE",
        "PORTRAIT",
        "PROFILE",
        "FLOAT",
        "SWIM"
      ],
      "animations": [
        "look",
        "bedrock(ursaluna, ground_idle)"
      ],
      "quirks": [
          {
            "name": "blink",
            "animations": ["bedrock(ursaluna, blink)"],
            "maxSecondsBetweenOccurrences": 60
          }
        ]
    },
    "battling": {
      "poseName": "battling",
      "transformTicks": 10,
      "isBattle": true,
      "poseTypes": [
        "STAND"
      ],
      "animations": [
        "look",
        "bedrock(ursaluna, battle_idle)"
      ],
      "quirks": [
          {
            "name": "blink",
            "animations": ["bedrock(ursaluna, blink)"],
            "maxSecondsBetweenOccurrences": 60
          }
        ]
    },
    "walking": {
      "poseName": "walking",
      "transformTicks": 10,
      "poseTypes": [ "WALK" ],
      "animations": [ "bedrock(ursaluna, ground_walk)" ],
      "quirks": [
        {
          "name": "blink",
          "animations": ["bedrock(ursaluna, blink)"]
        }
      ]
      
    },
    "sleeping": {
      "poseName": "sleeping",
      "transformTicks": 10,
      "poseTypes": ["SLEEP"],
      "animations": ["bedrock(ursaluna, sleep)"]
    }

  }
}