{
    "target": "cobblemon:ursaluna",
    "features": ["bloodmoon"],
    "behaviour": {
      "resting": {
          "canSleep": true,
          "times": "night,day,dusk,dawn",
          "depth": "normal",
          "light": "0-7"
      }
    },
    "forms": [
      {
            "name": "Bloodmoon",
            "primaryType": "ground",
            "secondaryType": "normal",
            "aspects": ["bloodmoon"],
            "abilities": [
              "mindseye"
            ],
            "baseStats": {
              "hp": 113,
              "attack": 70,
              "defence": 120,
              "special_attack": 135,
              "special_defence": 65,
              "speed": 52
            },
            "catchRate": 75,
            "maleRatio": 1,
            "baseExperienceYield": 0,
            "baseFriendship": 0,
            "evYield": {
              "hp": 0,
              "attack": 3,
              "defence": 0,
              "special_attack": 0,
              "special_defence": 0,
              "speed": 0
            },
            "experienceGroup": "medium_fast",
            "eggCycles": 0,
            "eggGroups": [
              "field"
            ],
            "moves": [
              "1:headlongrush",
              "1:leer",
              "1:lick",
              "1:moonlight",
              "1:scratch",
              "8:furyswipes",
              "13:payback",
              "17:harden",
              "22:slash",
              "25:playnice",
              "35:scaryface",
              "41:rest",
              "41:snore",
              "48:earthpower",
              "56:moonblast",
              "64:hammerarm",
              "70:bloodmoon",
              "egg:bellydrum",
              "egg:closecombat",
              "egg:counter",
              "egg:crosschop",
              "egg:crunch",
              "egg:doubleedge",
              "egg:faketears",
              "egg:furycutter",
              "egg:metalclaw",
              "egg:nightslash",
              "egg:seismictoss",
              "egg:yawn",
              "tm:avalanche",
              "tm:bodypress",
              "tm:bodyslam",
              "tm:brickbreak",
              "tm:bulldoze",
              "tm:calmmind",
              "tm:crunch",
              "tm:dig",
              "tm:doubleedge",
              "tm:earthpower",
              "tm:earthquake",
              "tm:endure",
              "tm:facade",
              "tm:firepunch",
              "tm:fling",
              "tm:focusblast",
              "tm:focuspunch",
              "tm:gigaimpact",
              "tm:gunkshot",
              "tm:hardpress",
              "tm:heavyslam",
              "tm:helpinghand",
              "tm:highhorsepower",
              "tm:hyperbeam",
              "tm:hypervoice",
              "tm:icepunch",
              "tm:lowkick",
              "tm:metalclaw",
              "tm:mudshot",
              "tm:protect",
              "tm:raindance",
              "tm:rest",
              "tm:roar",
              "tm:rockslide",
              "tm:rocktomb",
              "tm:scaryface",
              "tm:seedbomb",
              "tm:shadowclaw",
              "tm:sleeptalk",
              "tm:smackdown",
              "tm:snarl",
              "tm:stompingtantrum",
              "tm:stoneedge",
              "tm:substitute",
              "tm:sunnyday",
              "tm:swift",
              "tm:swordsdance",
              "tm:takedown",
              "tm:taunt",
              "tm:terablast",
              "tm:thief",
              "tm:thunderpunch",
              "tm:trailblaze",
              "tm:uproar",
              "tm:vacuumwave"
            ],
            "labels": [
              "gen9"
            ],
            
            "height": 27,
            "weight": 3330,
            "evolutions": [],
            "cannotDynamax": false,
            "battleOnly": false,

            "behaviour": {
              "resting": {
                  "canSleep": true,
                  "times": "night,day,dusk,dawn",
                  "depth": "normal",
                  "light": "0-7"
              }
            },

            "baseScale": 1,
            "hitbox": {
              "width": 1.8,
              "height": 4,
              "fixed": false
            },
            "drops": {
              "amount": 8,
              "entries": [
                {
                  "item": "minecraft:sweet_berries",
                  "quantityRange": "3-5"
                },
                {
                  "item": "minecraft:wither_rose",
                  "percentage": 10.0
                },
                {
                  "item": "cobblemon:peat_block",
                  "percentage": 10.0
                },
                {
                  "item": "cobblemon:oran_berry",
                  "percentage": 10.0
                }
              ]
            }
      }
    ]
  }