{
  "species": "cobblemon:oshawott",
  "order": 0,
  "variations": [
    {
      "aspects": [],
      "poser": "cobblemon:oshawott",
      "model": "cobblemon:oshawott.geo",
      "texture": "cobblemon:textures/pokemon/0501_oshawott/oshawott.png",
      "layers": []
    },
    {
      "aspects": [
        "shiny"
      ],
      "texture": "cobblemon:textures/pokemon/0501_oshawott/oshawott_shiny.png"
    },
{
      "aspects": [
        "female"
      ],
      "texture": "cobblemon:textures/pokemon/0501_oshawott/oshawott_female.png"
    },
{
      "aspects": [
        "shiny","female"
      ],
      "texture": "cobblemon:textures/pokemon/0501_oshawott/oshawott_female_shiny.png"
    }
  ]
}