{
  "format_version": "1.12.0",
  "minecraft:geometry": [
    {
      "description": {
        "identifier": "geometry.unknown",
        "texture_width": 128,
        "texture_height": 128,
        "visible_bounds_width": 4,
        "visible_bounds_height": 3.5,
        "visible_bounds_offset": [0, 1.25, 0]
      },
      "bones": [
        {
          "name": "ogerpon",
          "pivot": [0, 0, 0]
        },
        {
          "name": "body_position",
          "parent": "ogerpon",
          "pivot": [0, 0, 0]
        },
        {
          "name": "body",
          "parent": "body_position",
          "pivot": [0, 15, 0]
        },
        {
          "name": "body_bot",
          "parent": "body",
          "pivot": [-2.5, 0, -4.5],
          "cubes": [
            { "origin": [-5.5, 13, -3.5], "size": [11, 7, 9], "uv": [37, 15] }
          ]
        },
        {
          "name": "head",
          "parent": "body_bot",
          "pivot": [0, 24, 1],
          "cubes": [
            { "origin": [-5, 20, -3], "size": [10, 8, 8], "uv": [0, 40] }
          ]
        },
        {
          "name": "head2",
          "parent": "head",
          "pivot": [-4.5, -3, -3],
          "cubes": [
            { "origin": [-3.5, 21, -3.1], "size": [7, 6, 6], "uv": [32, 63] },
            {
              "origin": [-1.5, 21.575, -3.175],
              "size": [1, 1, 0],
              "uv": [34, 7]
            },
            {
              "origin": [0.5, 21.575, -3.175],
              "size": [1, 1, 0],
              "uv": [34, 7],
              "mirror": true
            },
            {
              "origin": [-0.5, 21.25, -3.175],
              "size": [1, 1, 0],
              "uv": [34, 7]
            },
            {
              "origin": [-1.5, 21.85, -3.15],
              "size": [3, 1, 0],
              "uv": [34, 10]
            }
          ]
        },
        {
          "name": "eye_right",
          "parent": "head2",
          "pivot": [-2.4125, 23.4625, -3.15],
          "cubes": [
            {
              "origin": [-3.5, 22, -3.125],
              "size": [2, 3, 0],
              "uv": [40, 7],
              "mirror": true
            },
            {
              "origin": [-2.875, 22.45, -3.175],
              "size": [1, 2, 0],
              "uv": [32, 1],
              "mirror": true
            },
            {
              "origin": [-2.875, 23.225, -3.15],
              "size": [1, 1, 0],
              "pivot": [-2.375, 23.45, -3.15],
              "rotation": [0, 0, -90],
              "uv": [32, 1],
              "mirror": true
            },
            {
              "origin": [-2.875, 22.7, -3.15],
              "size": [1, 1, 0],
              "pivot": [-2.375, 23.45, -3.15],
              "rotation": [0, 0, -90],
              "uv": [32, 1],
              "mirror": true
            }
          ]
        },
        {
          "name": "eye_left",
          "parent": "head2",
          "pivot": [2.4125, 23.4625, -3.15],
          "cubes": [
            { "origin": [1.5, 22, -3.125], "size": [2, 3, 0], "uv": [40, 7] },
            {
              "origin": [1.875, 22.45, -3.175],
              "size": [1, 2, 0],
              "uv": [32, 1]
            },
            {
              "origin": [1.875, 23.225, -3.15],
              "size": [1, 1, 0],
              "pivot": [2.375, 23.45, -3.15],
              "rotation": [0, 0, 90],
              "uv": [32, 1]
            },
            {
              "origin": [1.875, 22.7, -3.15],
              "size": [1, 1, 0],
              "pivot": [2.375, 23.45, -3.15],
              "rotation": [0, 0, 90],
              "uv": [32, 1]
            }
          ]
        },
        {
          "name": "teeth",
          "parent": "head2",
          "pivot": [1, 21.55, -3.1],
          "cubes": [
            {
              "origin": [-1.025, 21.175, -3.125],
              "size": [1, 1, 0],
              "pivot": [-1, 21.55, -3.15],
              "rotation": [0, 0, -45],
              "uv": [34, 8]
            },
            {
              "origin": [0.025, 21.175, -3.125],
              "size": [1, 1, 0],
              "pivot": [1, 21.55, -3.15],
              "rotation": [0, 0, 45],
              "uv": [34, 8],
              "mirror": true
            }
          ]
        },
        {
          "name": "skirt",
          "parent": "body_bot",
          "pivot": [5, 12.975, 1]
        },
        {
          "name": "skirt_left",
          "parent": "skirt",
          "pivot": [5, 12.975, 1],
          "rotation": [0, 0, -20],
          "cubes": [
            { "origin": [5, 10, -2.5], "size": [0, 3, 7], "uv": [52, 56] }
          ]
        },
        {
          "name": "skirt_right",
          "parent": "skirt",
          "pivot": [-5, 12.975, 1],
          "rotation": [0, 0, 20],
          "cubes": [
            { "origin": [-5, 10, -2.5], "size": [0, 3, 7], "uv": [52, 56] }
          ]
        },
        {
          "name": "skirt_back",
          "parent": "skirt",
          "pivot": [0, 12.95, 4.5],
          "rotation": [20, 0, 0],
          "cubes": [
            { "origin": [-5, 10, 4.5], "size": [10, 3, 0], "uv": [63, 51] }
          ]
        },
        {
          "name": "skirt_front",
          "parent": "skirt",
          "pivot": [0, 12.95, -2.5],
          "rotation": [-20, 0, 0],
          "cubes": [
            { "origin": [-5, 10, -2.5], "size": [10, 3, 0], "uv": [63, 51] }
          ]
        },
        {
          "name": "coat",
          "parent": "body_bot",
          "pivot": [-1.5, 0, -6]
        },
        {
          "name": "coat_body",
          "parent": "coat",
          "pivot": [-2.5, 0, -6],
          "cubes": [
            { "origin": [-6.5, 13, -4], "size": [13, 16, 10], "uv": [82, 0] },
            { "origin": [-5.5, 29, -3], "size": [11, 2, 8], "uv": [0, 56] }
          ]
        },
        {
          "name": "horn_right",
          "parent": "coat_body",
          "pivot": [-2.9, 28.95833, -2.925],
          "rotation": [2.5, 0, -22.5],
          "cubes": [
            {
              "origin": [-4.4, 28, -4.425],
              "size": [3, 3, 3],
              "uv": [70, 54],
              "mirror": true
            },
            {
              "origin": [-3.9, 30, -3.925],
              "size": [2, 3, 2],
              "uv": [28, 75],
              "mirror": true
            },
            {
              "origin": [-3.9, 32.675, -3.925],
              "size": [2, 3, 2],
              "inflate": -0.225,
              "uv": [20, 75],
              "mirror": true
            }
          ]
        },
        {
          "name": "horn_left",
          "parent": "coat_body",
          "pivot": [2.9, 28.95833, -2.925],
          "rotation": [2.5, 0, 22.5],
          "cubes": [
            { "origin": [1.4, 28, -4.425], "size": [3, 3, 3], "uv": [70, 54] },
            { "origin": [1.9, 30, -3.925], "size": [2, 3, 2], "uv": [28, 75] },
            {
              "origin": [1.9, 32.675, -3.925],
              "size": [2, 3, 2],
              "inflate": -0.225,
              "uv": [20, 75]
            }
          ]
        },
        {
          "name": "knot_main",
          "parent": "coat_body",
          "pivot": [0, 0, 0]
        },
        {
          "name": "knot",
          "parent": "knot_main",
          "pivot": [0, 30.71586, 0.38697],
          "cubes": [
            {
              "origin": [-0.5, 29.2, -0.13919],
              "size": [1, 4, 1],
              "pivot": [-0.5, 30.7, 0.86081],
              "rotation": [-20, 0, 0],
              "uv": [36, 0]
            }
          ]
        },
        {
          "name": "knot_2",
          "parent": "knot",
          "pivot": [0, 32.19408, 0.96702],
          "rotation": [-13.75, 0, 0],
          "cubes": [
            {
              "origin": [-1, 32.2, -0.60904],
              "size": [2, 4, 2],
              "pivot": [0, 30.7, 0.39096],
              "rotation": [-20, 0, 0],
              "uv": [0, 24]
            }
          ]
        },
        {
          "name": "knot_3",
          "parent": "knot_2",
          "pivot": [0, 34.31462, 1.72462],
          "rotation": [-11.75, 0, 0],
          "cubes": [
            {
              "origin": [-1.5, 34.38756, 0.23863],
              "size": [3, 3, 3],
              "pivot": [0, 34.36462, 1.57462],
              "rotation": [-20, 0, 0],
              "uv": [58, 70]
            }
          ]
        },
        {
          "name": "arm_right",
          "parent": "coat_body",
          "pivot": [-6.16667, 26.33333, 1],
          "rotation": [0, 0, -35],
          "cubes": [
            {
              "origin": [-17.5, 21, -3.15],
              "size": [13, 8, 8],
              "inflate": -0.1,
              "pivot": [-9, 27, 1],
              "rotation": [0, 0, 15],
              "uv": [0, 24]
            }
          ]
        },
        {
          "name": "bone15",
          "parent": "arm_right",
          "pivot": [-9.5, 22, 0.85],
          "cubes": [
            { "origin": [-16.5, 17, -2.65], "size": [10, 8, 7], "uv": [46, 0] }
          ]
        },
        {
          "name": "arm_left",
          "parent": "coat_body",
          "pivot": [6.16667, 26.33333, 1],
          "rotation": [0, 0, 35],
          "cubes": [
            {
              "origin": [4.5, 21, -3.15],
              "size": [13, 8, 8],
              "inflate": -0.1,
              "pivot": [9, 27, 1],
              "rotation": [0, 0, -15],
              "uv": [34, 32]
            }
          ]
        },
        {
          "name": "bone13",
          "parent": "arm_left",
          "pivot": [9.5, 22, 0.85],
          "cubes": [
            { "origin": [6.5, 17, -2.65], "size": [10, 8, 7], "uv": [36, 48] }
          ]
        },
        {
          "name": "tealmask",
          "parent": "body",
          "pivot": [0, 23.4635, -4.75625],
          "cubes": [
            { "origin": [-3, 19.85, -4.7], "size": [6, 2, 0], "uv": [110, 48] },
            {
              "origin": [-4, 21.85, -4.675],
              "size": [8, 5, 0],
              "uv": [110, 44]
            },
            {
              "origin": [-4.6, 23.7, -4.825],
              "size": [4, 2, 0],
              "pivot": [-3.825, 24.6, -4.825],
              "rotation": [0, 0, 17.5],
              "uv": [100, 59],
              "mirror": true
            },
            {
              "origin": [0.6, 23.7, -4.825],
              "size": [4, 2, 0],
              "pivot": [3.825, 24.6, -4.825],
              "rotation": [0, 0, -17.5],
              "uv": [100, 59]
            }
          ]
        },
        {
          "name": "bot",
          "parent": "tealmask",
          "pivot": [3.5, 25.35, -4.6],
          "cubes": [
            {
              "origin": [0.40856, 18.65486, -4.65],
              "size": [11, 5, 0],
              "pivot": [1.80777, 21.58325, -4.65],
              "rotation": [0, 0, -15],
              "uv": [106, 94]
            },
            {
              "origin": [1.27809, 17.56614, -4.75],
              "size": [10, 5, 0],
              "pivot": [1.65556, 20.13549, -4.65],
              "rotation": [0, 0, 30],
              "uv": [106, 99]
            },
            {
              "origin": [0.23917, 16.93308, -4.775],
              "size": [7, 4, 0],
              "pivot": [1.4411, 18.71513, -4.775],
              "rotation": [0, 0, 57.25],
              "uv": [106, 104]
            },
            {
              "origin": [-7.23917, 16.93308, -4.775],
              "size": [7, 4, 0],
              "pivot": [-1.4411, 18.71513, -4.775],
              "rotation": [0, 0, -57.25],
              "uv": [106, 104],
              "mirror": true
            },
            {
              "origin": [-11.27809, 17.56614, -4.75],
              "size": [10, 5, 0],
              "pivot": [-1.65556, 20.13549, -4.65],
              "rotation": [0, 0, -30],
              "uv": [106, 99],
              "mirror": true
            },
            {
              "origin": [-11.40856, 18.65486, -4.65],
              "size": [11, 5, 0],
              "pivot": [-1.80777, 21.58325, -4.65],
              "rotation": [0, 0, 15],
              "uv": [106, 94],
              "mirror": true
            }
          ]
        },
        {
          "name": "top_segment",
          "parent": "tealmask",
          "pivot": [-3.5, 25.35, -4.6],
          "cubes": [
            {
              "origin": [1, 22.85, -4.6],
              "size": [9, 5, 0],
              "pivot": [3.5, 25.35, -4.6],
              "rotation": [0, 0, -20],
              "uv": [110, 39]
            },
            {
              "origin": [0.49614, 23.46442, -4.575],
              "size": [9, 5, 0],
              "pivot": [0.35332, 26.85312, -4.575],
              "rotation": [0, 0, -41.75],
              "uv": [110, 34]
            },
            {
              "origin": [-9.49614, 23.46442, -4.575],
              "size": [9, 5, 0],
              "pivot": [-0.35332, 26.85312, -4.575],
              "rotation": [0, 0, 41.75],
              "uv": [110, 34],
              "mirror": true
            },
            {
              "origin": [-10, 22.85, -4.6],
              "size": [9, 5, 0],
              "pivot": [-3.5, 25.35, -4.6],
              "rotation": [0, 0, 20],
              "uv": [110, 39],
              "mirror": true
            }
          ]
        },
        {
          "name": "top",
          "parent": "top_segment",
          "pivot": [4.5, 44.85, -13.675],
          "cubes": [
            {
              "origin": [-4.5, 24.475, -4.875],
              "size": [9, 13, 0],
              "uv": [110, 74]
            }
          ]
        },
        {
          "name": "gem",
          "parent": "top",
          "pivot": [2, 44.85, -13.625],
          "cubes": [
            {
              "origin": [-1, 26.1, -4.925],
              "size": [2, 5, 0],
              "uv": [111, 89]
            },
            {
              "origin": [-2, 28.1, -4.925],
              "size": [1, 1, 0],
              "uv": [110, 89],
              "mirror": true
            },
            {
              "origin": [1, 28.1, -4.925],
              "size": [1, 1, 0],
              "uv": [111, 89],
              "mirror": true
            }
          ]
        },
        {
          "name": "mouth",
          "parent": "tealmask",
          "pivot": [-0.075, 21.375, -4.8],
          "cubes": [
            {
              "origin": [-3, 19.425, -4.85],
              "size": [6, 3, 0],
              "uv": [110, 59]
            },
            {
              "origin": [-0.5, 21.975, -4.925],
              "size": [1, 2, 0],
              "uv": [110, 72]
            },
            {
              "origin": [-0.5, 20.9, -4.975],
              "size": [1, 1, 0],
              "uv": [110, 70]
            },
            {
              "origin": [-0.5, 19.725, -4.95],
              "size": [1, 1, 0],
              "uv": [110, 71]
            },
            {
              "origin": [1.975, 20.95, -4.9],
              "size": [2, 2, 0],
              "uv": [110, 66]
            },
            {
              "origin": [-2.825, 16.825, -4.925],
              "size": [2, 2, 0],
              "pivot": [-2.975, 18.825, -4.925],
              "rotation": [0, 0, -90],
              "uv": [110, 63],
              "mirror": true
            },
            {
              "origin": [0.825, 16.825, -4.925],
              "size": [2, 2, 0],
              "pivot": [2.975, 18.825, -4.925],
              "rotation": [0, 0, 90],
              "uv": [110, 63]
            },
            {
              "origin": [-3.975, 20.95, -4.9],
              "size": [2, 2, 0],
              "uv": [110, 66],
              "mirror": true
            }
          ]
        },
        {
          "name": "leg_right",
          "parent": "body_position",
          "pivot": [5.00441, 0, 1]
        },
        {
          "name": "leg_right_1",
          "parent": "leg_right",
          "pivot": [-1.99559, 13.5, 1],
          "cubes": [
            {
              "origin": [-2.99559, 6, 0],
              "size": [2, 7, 2],
              "uv": [23, 66],
              "mirror": true
            }
          ]
        },
        {
          "name": "leg_right_2",
          "parent": "leg_right_1",
          "pivot": [-1.99559, 8, 1],
          "cubes": [
            {
              "origin": [-3.49559, 2, -0.5],
              "size": [3, 6, 3],
              "uv": [68, 31],
              "mirror": true
            }
          ]
        },
        {
          "name": "feet_right",
          "parent": "leg_right_2",
          "pivot": [-1.99559, 1, 1],
          "cubes": [
            {
              "origin": [-3.49559, 0, -2.5],
              "size": [3, 2, 5],
              "uv": [61, 63],
              "mirror": true
            }
          ]
        },
        {
          "name": "toe_right",
          "parent": "feet_right",
          "pivot": [-2, 0, -2]
        },
        {
          "name": "leaves2",
          "parent": "toe_right",
          "pivot": [-2.12059, 1.65, -3],
          "cubes": [
            {
              "origin": [-3.95441, 1.65, -3.5],
              "size": [2, 0, 1],
              "pivot": [-1.87941, 1.65, -3],
              "rotation": [0, 0, 30],
              "uv": [5, 1]
            },
            {
              "origin": [-2.04559, 1.65, -3.5],
              "size": [2, 0, 1],
              "pivot": [-2.12059, 1.65, -3],
              "rotation": [0, 0, -30],
              "uv": [5, 0]
            }
          ]
        },
        {
          "name": "toes2",
          "parent": "toe_right",
          "pivot": [-1.49559, 1, -2]
        },
        {
          "name": "bone3",
          "parent": "toes2",
          "pivot": [-2.49559, 1, -2],
          "cubes": [
            {
              "origin": [-3.49559, -0.15, -4.5],
              "size": [2, 2, 3],
              "inflate": -0.14,
              "pivot": [-2.49559, 1, -2],
              "rotation": [0, 15, 0],
              "uv": [10, 75]
            },
            {
              "origin": [-2.49559, -0.15, -4.5],
              "size": [2, 2, 3],
              "inflate": -0.15,
              "pivot": [-1.49559, 1, -2],
              "rotation": [0, -15, 0],
              "uv": [73, 0]
            }
          ]
        },
        {
          "name": "leg_left",
          "parent": "body_position",
          "pivot": [-5.00441, 0, 1]
        },
        {
          "name": "leg_left_1",
          "parent": "leg_left",
          "pivot": [1.99559, 13.5, 1],
          "cubes": [
            { "origin": [0.99559, 6, 0], "size": [2, 7, 2], "uv": [23, 66] }
          ]
        },
        {
          "name": "leg_left_2",
          "parent": "leg_left_1",
          "pivot": [1.99559, 8, 1],
          "cubes": [
            { "origin": [0.49559, 2, -0.5], "size": [3, 6, 3], "uv": [68, 31] }
          ]
        },
        {
          "name": "feet_left",
          "parent": "leg_left_2",
          "pivot": [1.99559, 1, 1],
          "cubes": [
            { "origin": [0.49559, 0, -2.5], "size": [3, 2, 5], "uv": [61, 63] }
          ]
        },
        {
          "name": "bone",
          "parent": "feet_left",
          "pivot": [2.12059, 0.65, -2]
        },
        {
          "name": "leaves",
          "parent": "bone",
          "pivot": [2.12059, 1.65, -3],
          "cubes": [
            {
              "origin": [1.95441, 1.65, -3.5],
              "size": [2, 0, 1],
              "pivot": [1.87941, 1.65, -3],
              "rotation": [0, 0, -30],
              "uv": [0, 9]
            },
            {
              "origin": [0.04559, 1.65, -3.5],
              "size": [2, 0, 1],
              "pivot": [2.12059, 1.65, -3],
              "rotation": [0, 0, 30],
              "uv": [4, 9]
            }
          ]
        },
        {
          "name": "toes",
          "parent": "bone",
          "pivot": [1.23677, 0.85, -1.96593],
          "cubes": [
            {
              "origin": [0.49559, -0.15, -4.5],
              "size": [2, 2, 3],
              "inflate": -0.15,
              "pivot": [1.49559, 1, -2],
              "rotation": [0, 15, 0],
              "uv": [10, 75]
            }
          ]
        },
        {
          "name": "bone2",
          "parent": "toes",
          "pivot": [2.49559, 1, -2],
          "cubes": [
            {
              "origin": [1.49559, -0.15, -4.5],
              "size": [2, 2, 3],
              "inflate": -0.14,
              "pivot": [2.49559, 1, -2],
              "rotation": [0, -15, 0],
              "uv": [73, 0]
            }
          ]
        }
      ]
    }
  ]
}
