{
  "type": "minecraft:crafting_shapeless",
  "category": "misc",
  "ingredients": [
    {
      "tag": "minecraft:small_flowers"
    },
    {
      "tag": "minecraft:small_flowers"
    },
    [
      {
        "item": "minecraft:horn_coral"
      },
      {
        "item": "minecraft:brain_coral"
      },
      {
        "item": "minecraft:tube_coral"
      },
      {
        "item": "minecraft:bubble_coral"
      },
      {
        "item": "minecraft:fire_coral"
      }
    ],
    {
      "tag": "c:organic_dust"
    }
  ],
  "result": {
    "count": 2,
    "item": "create:tree_fertilizer"
  }
}