{
  "format_version": "1.12.0",
  "minecraft:geometry": [
    {
      "description": {
        "identifier": "geometry.unknown",
        "texture_width": 64,
        "texture_height": 64,
        "visible_bounds_width": 3,
        "visible_bounds_height": 3.5,
        "visible_bounds_offset": [0, 1.25, 0]
      },
      "bones": [
        {
          "name": "toucannon",
          "pivot": [0, 0, 0]
        },
        {
          "name": "full_body",
          "parent": "toucannon",
          "pivot": [0, 0, 0]
        },
        {
          "name": "body",
          "parent": "full_body",
          "pivot": [0, 7.5, 0],
          "rotation": [-50, 0, 0],
          "cubes": [
            { "origin": [-3, 4, -8], "size": [6, 6, 13], "uv": [0, 0] },
            {
              "origin": [3, 4, 5],
              "size": [0, 6, 3],
              "pivot": [3, 7, 5],
              "rotation": [0, 17.5, 0],
              "uv": [0, 35]
            },
            {
              "origin": [-3, 4, 5],
              "size": [0, 6, 3],
              "pivot": [-3, 7, 5],
              "rotation": [0, -17.5, 0],
              "uv": [25, 16]
            },
            {
              "origin": [-3, 4, 5],
              "size": [6, 0, 3],
              "pivot": [0, 4, 5],
              "rotation": [-27.5, 0, 0],
              "uv": [22, 29]
            },
            {
              "origin": [-3, 10, 5],
              "size": [6, 0, 3],
              "pivot": [0, 10, 5],
              "rotation": [62.5, 0, 0],
              "uv": [22, 26]
            }
          ]
        },
        {
          "name": "tail",
          "parent": "body",
          "pivot": [0, 9, 5],
          "cubes": [
            { "origin": [-2, 8, 5], "size": [4, 1, 6], "uv": [37, 5] },
            {
              "origin": [-2, 9, 11],
              "size": [4, 4, 0],
              "pivot": [0, 9, 11],
              "rotation": [-47.5, 0, 0],
              "uv": [0, 8]
            }
          ]
        },
        {
          "name": "left_wing",
          "parent": "body",
          "pivot": [3.5, 8, -7],
          "cubes": [{ "origin": [3, 5, -7], "size": [1, 6, 10], "uv": [0, 38] }]
        },
        {
          "name": "bone3",
          "parent": "left_wing",
          "pivot": [3, 10, 2.5],
          "rotation": [0, 180, 0]
        },
        {
          "name": "right_wing",
          "parent": "body",
          "pivot": [-3.5, 8, -7],
          "cubes": [
            { "origin": [-4, 5, -7], "size": [1, 6, 10], "uv": [28, 28] }
          ]
        },
        {
          "name": "bone4",
          "parent": "right_wing",
          "pivot": [-4, 10, 2.5],
          "rotation": [0, 180, 0]
        },
        {
          "name": "head",
          "parent": "body",
          "pivot": [0, 7.98793, -6.34231],
          "rotation": [10, 0, 0],
          "cubes": [
            {
              "origin": [-3, 11, -15],
              "size": [6, 7, 7],
              "inflate": -0.1,
              "pivot": [0, 7.5, -14.5],
              "rotation": [-52.5, 0, 0],
              "uv": [31, 12]
            },
            {
              "origin": [-3, 11, -20],
              "size": [6, 7, 6],
              "inflate": -0.3,
              "pivot": [0, 7.5, -14.5],
              "rotation": [-52.5, 0, 0],
              "uv": [22, 44]
            },
            {
              "origin": [-2, 6, -20],
              "size": [4, 6, 5],
              "inflate": -0.2,
              "pivot": [0, 7.5, -14.5],
              "rotation": [-52.5, 0, 0],
              "uv": [40, 26]
            },
            {
              "origin": [-2, 3.55393, -20.02719],
              "size": [4, 6, 5],
              "inflate": -0.3,
              "pivot": [0, 8.7494, -17.10302],
              "rotation": [-37.5, 0, 0],
              "uv": [25, 0]
            },
            {
              "origin": [-1, 1.89695, -21.70022],
              "size": [2, 4, 4],
              "pivot": [0, 5.48366, -20.41775],
              "rotation": [-17.5, 0, 0],
              "uv": [46, 50]
            }
          ]
        },
        {
          "name": "left_eye",
          "parent": "head",
          "pivot": [0, 7.5, -14.5],
          "cubes": [
            {
              "origin": [2.8, 12.42931, -12.87054],
              "size": [0, 3, 2],
              "pivot": [3, 13.92931, -11.87054],
              "rotation": [-52.5, 0, 0],
              "uv": [6, 36]
            },
            {
              "origin": [2.9, 12.92379, -13.87326],
              "size": [0, 2.5, 1],
              "pivot": [-2.9, 14.17379, -13.37326],
              "rotation": [-25, 0, 0],
              "uv": [10, 7]
            }
          ]
        },
        {
          "name": "righteye",
          "parent": "head",
          "pivot": [-6, 7.5, -14.5],
          "cubes": [
            {
              "origin": [-2.8, 12.42931, -12.87054],
              "size": [0, 3, 2],
              "pivot": [-3, 13.92931, -11.87054],
              "rotation": [-52.5, 0, 0],
              "uv": [25, 0]
            },
            {
              "origin": [-2.9, 12.92379, -13.87326],
              "size": [0, 2.5, 1],
              "pivot": [-2.9, 14.17379, -13.37326],
              "rotation": [-25, 0, 0],
              "uv": [10, 9]
            }
          ]
        },
        {
          "name": "jaw",
          "parent": "head",
          "pivot": [0, 9.74393, -11.79267],
          "rotation": [5, 0, 0],
          "cubes": [
            {
              "origin": [-2, 3.55393, -16.02719],
              "size": [4, 6, 2],
              "inflate": -0.4,
              "pivot": [0, 8.7494, -17.10302],
              "rotation": [-42.5, 0, 0],
              "uv": [0, 19]
            },
            {
              "origin": [-2, 6, -16],
              "size": [4, 6, 2],
              "inflate": -0.3,
              "pivot": [0, 7.5, -14.5],
              "rotation": [-52.5, 0, 0],
              "uv": [0, 0]
            }
          ]
        },
        {
          "name": "right_leg",
          "parent": "full_body",
          "pivot": [2, 8, -3.5],
          "rotation": [20, 0, 0],
          "cubes": [
            {
              "origin": [0.5, 4.5, -5],
              "size": [3, 4, 3],
              "inflate": -0.1,
              "uv": [50, 37]
            },
            {
              "origin": [1.5, 2.5, -4],
              "size": [1, 3, 1],
              "inflate": 0.1,
              "uv": [12, 44]
            }
          ]
        },
        {
          "name": "bone",
          "parent": "right_leg",
          "pivot": [2, 3, -3.5],
          "rotation": [-45, 0, 0],
          "cubes": [
            { "origin": [1.5, -0.5, -4], "size": [1, 4, 1], "uv": [6, 41] }
          ]
        },
        {
          "name": "foot",
          "parent": "bone",
          "pivot": [2, 0, -3],
          "rotation": [30, 0, 0]
        },
        {
          "name": "toe",
          "parent": "foot",
          "pivot": [2, 0, -3],
          "rotation": [0, -25, 0],
          "cubes": [
            {
              "origin": [1.5, -0.5, -6],
              "size": [1, 1, 3],
              "inflate": -0.1,
              "uv": [38, 0]
            },
            { "origin": [2, -0.5, -6.8], "size": [0, 1, 1], "uv": [0, 11] }
          ]
        },
        {
          "name": "toe2",
          "parent": "foot",
          "pivot": [2, 0, -3],
          "rotation": [0, 25, 0],
          "cubes": [
            {
              "origin": [1.5, -0.5, -6],
              "size": [1, 1, 3],
              "inflate": -0.1,
              "uv": [5, 28]
            },
            { "origin": [2, -0.5, -6.8], "size": [0, 1, 1], "uv": [10, 0] }
          ]
        },
        {
          "name": "left_leg",
          "parent": "full_body",
          "pivot": [-2, 8, -3.5],
          "rotation": [20, 0, 0],
          "cubes": [
            {
              "origin": [-3.5, 4.5, -5],
              "size": [3, 4, 3],
              "inflate": -0.1,
              "uv": [50, 12]
            },
            {
              "origin": [-2.5, 2.5, -4],
              "size": [1, 3, 1],
              "inflate": 0.1,
              "uv": [0, 44]
            }
          ]
        },
        {
          "name": "bone2",
          "parent": "left_leg",
          "pivot": [-2, 3, -3.5],
          "rotation": [-45, 0, 0],
          "cubes": [
            { "origin": [-2.5, -0.5, -4], "size": [1, 4, 1], "uv": [40, 26] }
          ]
        },
        {
          "name": "foot2",
          "parent": "bone2",
          "pivot": [-2, 0, -3],
          "rotation": [30, 0, 0]
        },
        {
          "name": "toe3",
          "parent": "foot2",
          "pivot": [-2, 0, -3],
          "rotation": [0, -25, 0],
          "cubes": [
            {
              "origin": [-2.5, -0.5, -6],
              "size": [1, 1, 3],
              "inflate": -0.1,
              "uv": [0, 27]
            },
            { "origin": [-2, -0.5, -6.8], "size": [0, 1, 1], "uv": [8, 7] }
          ]
        },
        {
          "name": "toe4",
          "parent": "foot2",
          "pivot": [-2, 0, -3],
          "rotation": [0, 25, 0],
          "cubes": [
            {
              "origin": [-2.5, -0.5, -6],
              "size": [1, 1, 3],
              "inflate": -0.1,
              "uv": [5, 9]
            },
            { "origin": [-2, -0.5, -6.8], "size": [0, 1, 1], "uv": [0, 0] }
          ]
        }
      ]
    }
  ]
}
