{
  "species": "cobblemon:typhlosion",
  "order": 0,
  "variations": [
    {
      "aspects": [],
      "poser": "cobblemon:typhlosion",
      "model": "cobblemon:typhlosion.geo",
      "texture": "cobblemon:textures/pokemon/0157_typhlosion/typhlosion.png",
      "layers": [
        {
          "name": "emissive",
          "texture": "cobblemon:textures/pokemon/0157_typhlosion/typhlosion_fire_emissive.png",
          "emissive": true,
          "translucent": true
        }
      ]
    },
    {
      "aspects": [
        "shiny"
      ],
      "texture": "cobblemon:textures/pokemon/0157_typhlosion/typhlosion_shiny.png"
    },
{
      "aspects": [
        "female"
      ],
      "texture": "cobblemon:textures/pokemon/0157_typhlosion/typhlosion_female.png"
    },
{
      "aspects": [
        "shiny","female"
      ],
      "texture": "cobblemon:textures/pokemon/0157_typhlosion/typhlosion_female_shiny.png"
    }
  ]
}