{
  "format_version": "1.12.0",
  "minecraft:geometry": [
    {
      "description": {
        "identifier": "geometry.unknown",
        "texture_width": 64,
        "texture_height": 64,
        "visible_bounds_width": 2,
        "visible_bounds_height": 2.5,
        "visible_bounds_offset": [0, 0.75, 0]
      },
      "bones": [
        {
          "name": "foongus",
          "pivot": [0, 0, 0]
        },
        {
          "name": "body_bot",
          "parent": "foongus",
          "pivot": [0, 1.5, 0],
          "cubes": [
            { "origin": [-3.5, 0, -3.5], "size": [7, 3, 7], "uv": [0, 40] }
          ]
        },
        {
          "name": "body_top",
          "parent": "body_bot",
          "pivot": [0, 2, 0],
          "cubes": [
            { "origin": [-3, 1, -3], "size": [6, 8, 6], "uv": [40, 18] },
            { "origin": [-2.5, 9, -2.5], "size": [5, 4, 5], "uv": [28, 41] }
          ]
        },
        {
          "name": "eye",
          "parent": "body_top",
          "pivot": [0, 6, -3.025],
          "cubes": [
            { "origin": [-2.15, 5, -3.025], "size": [1, 2, 0], "uv": [6, 6] },
            { "origin": [1.15, 5, -3.025], "size": [1, 2, 0], "uv": [0, 7] }
          ]
        },
        {
          "name": "right_hand",
          "parent": "body_top",
          "pivot": [-2, 5.5, -1],
          "cubes": [
            {
              "origin": [-4.5, 5, -1.5],
              "size": [3, 1, 1],
              "uv": [0, 2],
              "mirror": true
            }
          ]
        },
        {
          "name": "left_hand",
          "parent": "body_top",
          "pivot": [2, 5.5, -1],
          "cubes": [
            { "origin": [1.5, 5, -1.5], "size": [3, 1, 1], "uv": [0, 2] }
          ]
        },
        {
          "name": "mouth",
          "parent": "body_top",
          "pivot": [0, 0, 2.5],
          "cubes": [
            { "origin": [-1, 4, -3.5], "size": [2, 2, 1], "uv": [0, 4] },
            {
              "origin": [-0.5, 4.425, -3.8],
              "size": [1, 1, 1],
              "inflate": -0.275,
              "uv": [6, 4]
            }
          ]
        },
        {
          "name": "hat",
          "parent": "body_top",
          "pivot": [1, -2, -1],
          "cubes": [
            { "origin": [-6, 11, -6], "size": [12, 6, 12], "uv": [0, 0] },
            { "origin": [-6, 10, -8], "size": [12, 3, 2], "uv": [36, 5] },
            { "origin": [-6, 10, 6], "size": [12, 3, 2], "uv": [36, 0] },
            { "origin": [6, 10, -8], "size": [2, 3, 16], "uv": [20, 21] },
            { "origin": [-8, 10, -8], "size": [2, 3, 16], "uv": [0, 18] }
          ]
        }
      ]
    }
  ]
}
