{
	"format_version": "1.12.0",
	"minecraft:geometry": [
		{
			"description": {
				"identifier": "geometry.ursaluna_bloodmoon",
				"texture_width": 256,
				"texture_height": 256,
				"visible_bounds_width": 7,
				"visible_bounds_height": 5.5,
				"visible_bounds_offset": [0, 2.25, 0]
			},
			"bones": [
				{
					"name": "ursaluna",
					"pivot": [0, 0, 0]
				},
				{
					"name": "body",
					"parent": "ursaluna",
					"pivot": [0, 25, 2]
				},
				{
					"name": "leg_left",
					"parent": "body",
					"pivot": [9, 19, 3],
					"rotation": [0, 0, 90],
					"cubes": [
						{"origin": [6, 14, -1], "size": [13, 9, 9], "inflate": 0.01, "uv": [101, 145]}
					]
				},
				{
					"name": "leg_left2",
					"parent": "leg_left",
					"pivot": [19, 19, -1],
					"cubes": [
						{"origin": [23, 14, -1], "size": [5, 9, 9], "inflate": 0.02, "uv": [117, 9]},
						{"origin": [19, 13.5, -1.5], "size": [5, 10, 10], "uv": [104, 118]}
					]
				},
				{
					"name": "feet_left",
					"parent": "leg_left2",
					"pivot": [27, 19, 3],
					"cubes": [
						{"origin": [26, 13.5, -1.5], "size": [4, 10, 10], "uv": [67, 143]}
					]
				},
				{
					"name": "claw_left",
					"parent": "feet_left",
					"pivot": [26, 21.5, -1.5],
					"cubes": [
						{"origin": [26, 21.5, -6.5], "size": [4, 0, 5], "uv": [44, 70]}
					]
				},
				{
					"name": "claw_left2",
					"parent": "feet_left",
					"pivot": [26, 19, -1.5],
					"cubes": [
						{"origin": [26, 18.5, -6.5], "size": [4, 0, 5], "uv": [36, 70]}
					]
				},
				{
					"name": "claw_left3",
					"parent": "feet_left",
					"pivot": [26, 16.5, -1.5],
					"cubes": [
						{"origin": [26, 15.5, -6.5], "size": [4, 0, 5], "uv": [28, 70]}
					]
				},
				{
					"name": "leg_right",
					"parent": "body",
					"pivot": [-9, 19, 3],
					"rotation": [0, 0, -90],
					"cubes": [
						{"origin": [-19, 14, -1], "size": [13, 9, 9], "inflate": 0.01, "uv": [101, 145], "mirror": true}
					]
				},
				{
					"name": "leg_right2",
					"parent": "leg_right",
					"pivot": [-19, 19, -1],
					"cubes": [
						{"origin": [-28, 14, -1], "size": [5, 9, 9], "inflate": 0.02, "uv": [117, 9], "mirror": true},
						{"origin": [-24, 13.5, -1.5], "size": [5, 10, 10], "uv": [104, 118], "mirror": true}
					]
				},
				{
					"name": "feet_right",
					"parent": "leg_right2",
					"pivot": [-27, 19, 3],
					"cubes": [
						{"origin": [-30, 13.5, -1.5], "size": [4, 10, 10], "uv": [67, 143], "mirror": true}
					]
				},
				{
					"name": "claw_right",
					"parent": "feet_right",
					"pivot": [-26, 21.5, -1.5],
					"cubes": [
						{"origin": [-30, 21.5, -6.5], "size": [4, 0, 5], "uv": [44, 70], "mirror": true}
					]
				},
				{
					"name": "claw_right2",
					"parent": "feet_right",
					"pivot": [-26, 19, -1.5],
					"cubes": [
						{"origin": [-30, 18.5, -6.5], "size": [4, 0, 5], "uv": [36, 70], "mirror": true}
					]
				},
				{
					"name": "claw_right3",
					"parent": "feet_right",
					"pivot": [-26, 16.5, -1.5],
					"cubes": [
						{"origin": [-30, 15.5, -6.5], "size": [4, 0, 5], "uv": [28, 70], "mirror": true}
					]
				},
				{
					"name": "torso",
					"parent": "body",
					"pivot": [0, 19, 3],
					"cubes": [
						{"origin": [-7.5, 11, -7], "size": [15, 14, 15], "uv": [161, 83], "mirror": true}
					]
				},
				{
					"name": "upper_body",
					"parent": "torso",
					"pivot": [0, 18, -1],
					"cubes": [
						{"origin": [-10, 9, -22], "size": [20, 19, 18], "uv": [115, 181]}
					]
				},
				{
					"name": "upper_body2",
					"parent": "upper_body",
					"pivot": [0, 21.5, -10],
					"cubes": [
						{"origin": [-13.5, 9, -25], "size": [27, 26, 15], "inflate": 0.01, "uv": [0, 0]},
						{"origin": [3.25, 13.5, -20], "size": [1.5, 2.3, 1.5], "pivot": [6.75, 16.5, -20.25], "rotation": [0, 0, 45], "uv": [126, 1]},
						{"origin": [3.75, 18.5, -20], "size": [1.5, 2.2, 1.5], "pivot": [6.75, 16.5, -20.25], "rotation": [0, 0, -45], "uv": [126, 1], "mirror": true}
					]
				},
				{
					"name": "spikes",
					"parent": "upper_body2",
					"pivot": [0, 29, -21.5]
				},
				{
					"name": "spike_right",
					"parent": "spikes",
					"pivot": [-5.25, 30.5, -21.5],
					"rotation": [0, 0, -15],
					"cubes": [
						{"origin": [-6.98895, 32.23289, -21], "size": [4, 8, 0], "pivot": [-5.25, 30.5, -21.5], "rotation": [0, 0, 2.5], "uv": [17, 107]}
					]
				},
				{
					"name": "spike_right2",
					"parent": "spikes",
					"pivot": [-8.25, 30.5, -21.5],
					"rotation": [0, 0, -20]
				},
				{
					"name": "spike_right3",
					"parent": "spikes",
					"pivot": [-11.5, 29.25, -21.5],
					"rotation": [0, 0, -40],
					"cubes": [
						{"origin": [-12.21442, 29.03209, -21.001], "size": [4, 8, 0], "pivot": [-11.5, 29.25, -21.5], "rotation": [0, 0, 7.5], "uv": [104, 105]}
					]
				},
				{
					"name": "spike_right4",
					"parent": "spikes",
					"pivot": [-14.5, 30.2, -21.5],
					"rotation": [0, 0, -72.5],
					"cubes": [
						{"origin": [-17.50532, 25.98744, -21], "size": [4, 8, 0], "pivot": [-17.41275, 26.13603, -21.5], "rotation": [0, 0, 10], "uv": [96, 105]}
					]
				},
				{
					"name": "spike_left",
					"parent": "spikes",
					"pivot": [5.25, 30.5, -21.5],
					"rotation": [0, 0, 15],
					"cubes": [
						{"origin": [2.98895, 32.23289, -21], "size": [4, 8, 0], "pivot": [5.25, 30.5, -21.5], "rotation": [0, 0, -2.5], "uv": [0, 91]}
					]
				},
				{
					"name": "spike_left2",
					"parent": "spikes",
					"pivot": [8.25, 30.5, -21.5],
					"rotation": [0, 0, 20]
				},
				{
					"name": "spike_left3",
					"parent": "spikes",
					"pivot": [11.5, 29.25, -21.5],
					"rotation": [0, 0, 40],
					"cubes": [
						{"origin": [8.21442, 29.03209, -21.001], "size": [4, 8, 0], "pivot": [11.5, 29.25, -21.5], "rotation": [0, 0, -7.5], "uv": [0, 70]}
					]
				},
				{
					"name": "spike_left4",
					"parent": "spikes",
					"pivot": [14.5, 29.2, -21.5],
					"rotation": [0, 0, 72.5],
					"cubes": [
						{"origin": [12.5516, 25.28814, -21], "size": [4, 8, 0], "pivot": [16.45903, 25.43673, -21.5], "rotation": [0, 0, -7.5], "uv": [0, 41]}
					]
				},
				{
					"name": "spikes_bottom",
					"parent": "upper_body2",
					"pivot": [0, 16, -20.5]
				},
				{
					"name": "spike_right5",
					"parent": "spikes_bottom",
					"pivot": [-3.25, 9.5, -20.5],
					"rotation": [0, 0, 7.5],
					"cubes": [
						{"origin": [-4.84408, 4.59381, -21], "size": [3, 8, 0], "pivot": [-4.89408, 14.3267, -20.5], "rotation": [0, 0, -2.5], "uv": [120, 46]}
					]
				},
				{
					"name": "spike_right6",
					"parent": "spikes_bottom",
					"pivot": [-6.25, 9.5, -20.5],
					"rotation": [0, 0, 20],
					"cubes": [
						{"origin": [-8.28949, 4.88504, -21], "size": [3, 8, 0], "pivot": [-9.83949, 13.51442, -20.5], "rotation": [0, 0, -5], "uv": [118, 0]}
					]
				},
				{
					"name": "spike_right7",
					"parent": "spikes_bottom",
					"pivot": [-9.5, 9.75, -20.5],
					"rotation": [0, 0, 40],
					"cubes": [
						{"origin": [-11.60324, 5.81069, -21], "size": [3, 8, 0], "pivot": [-14.88881, 13.06069, -20.5], "rotation": [0, 0, -7.5], "uv": [55, 113]}
					]
				},
				{
					"name": "spike_left5",
					"parent": "spikes_bottom",
					"pivot": [3.25, 9.5, -20.5],
					"rotation": [0, 0, -7.5],
					"cubes": [
						{"origin": [1.84408, 4.59381, -21], "size": [3, 8, 0], "pivot": [4.89408, 14.3267, -20.5], "rotation": [0, 0, 2.5], "uv": [43, 113]}
					]
				},
				{
					"name": "spike_left6",
					"parent": "spikes_bottom",
					"pivot": [6.25, 9.5, -20.5],
					"rotation": [0, 0, -20],
					"cubes": [
						{"origin": [5.15545, 4.88504, -21], "size": [3, 8, 0], "pivot": [9.83949, 13.51442, -20.5], "rotation": [0, 0, 5], "uv": [25, 107]}
					]
				},
				{
					"name": "spike_left7",
					"parent": "spikes_bottom",
					"pivot": [9.5, 9.75, -20.5],
					"rotation": [0, 0, -40],
					"cubes": [
						{"origin": [8.60324, 5.81069, -21], "size": [3, 8, 0], "pivot": [14.88881, 13.06069, -20.5], "rotation": [0, 0, 7.5], "uv": [0, 0]}
					]
				},
				{
					"name": "arm_left",
					"parent": "upper_body2",
					"pivot": [14.5, 22.7, -18],
					"rotation": [0, 0, 45],
					"cubes": [
						{"origin": [11.87868, 15.87868, -23], "size": [10, 10, 10], "pivot": [17.37868, 20.37868, -18], "rotation": [0, 0, -45], "uv": [84, 18]}
					]
				},
				{
					"name": "bone2",
					"parent": "arm_left",
					"pivot": [19.5, 24.5, -12.999],
					"cubes": [
						{"origin": [18.76777, 24.7, -13], "size": [6, 3, 0], "pivot": [19.76777, 24.35355, -12.999], "rotation": [7.5, 0, -45], "uv": [100, 38]}
					]
				},
				{
					"name": "bone3",
					"parent": "arm_left",
					"pivot": [17.11378, 26.80057, -18],
					"cubes": [
						{"origin": [14.47417, 30.71722, -22.6], "size": [6, 0, 3], "pivot": [20.47417, 30.71822, -20], "rotation": [10.00933, 2.462, -44.56561], "uv": [74, 0]},
						{"origin": [14.47417, 30.71722, -16.4], "size": [6, 0, 3], "pivot": [20.47417, 30.71822, -16], "rotation": [-10.00933, -2.462, -44.56561], "uv": [74, 0]}
					]
				},
				{
					"name": "bone7",
					"parent": "arm_left",
					"pivot": [19.76777, 24.35355, -22.999],
					"cubes": [
						{"origin": [18.76777, 24.35355, -23], "size": [6, 3, 0], "pivot": [19.76777, 24.35355, -23], "rotation": [-7.5, 0, -45], "uv": [33, 75]}
					]
				},
				{
					"name": "arm_left2",
					"parent": "arm_left",
					"pivot": [19.87868, 22.37868, -17.5],
					"cubes": [
						{"origin": [16.87868, 17.37868, -21.5], "size": [13, 8, 7], "uv": [5, 175], "mirror": true}
					]
				},
				{
					"name": "arm_left3",
					"parent": "arm_left2",
					"pivot": [29.87868, 22.37868, -14],
					"cubes": [
						{"origin": [29.3, 17.37868, -21.5], "size": [13, 8, 7], "inflate": 0.01, "uv": [70, 181]},
						{"origin": [25.3, 25.37868, -19.5], "size": [4, 0, 4], "inflate": 0.01, "pivot": [29.3, 25.37868, -17.5], "rotation": [0, 0, 15], "uv": [61, 169]},
						{"origin": [34.8, 23.2, -22], "size": [6, 2, 2], "inflate": 0.01, "uv": [106, 171]},
						{"origin": [34.8, 17.6, -22], "size": [6, 2, 3], "inflate": 0.01, "uv": [105, 170]}
					]
				},
				{
					"name": "finger_left4",
					"parent": "arm_left3",
					"pivot": [42.37868, 18.37868, -18],
					"rotation": [0, -90, 0],
					"cubes": [
						{"origin": [40.37868, 18.37868, -25], "size": [4, 0, 7], "uv": [0, 0]}
					]
				},
				{
					"name": "finger_left3",
					"parent": "arm_left3",
					"pivot": [42.37868, 20.37868, -18],
					"rotation": [0, -90, 0],
					"cubes": [
						{"origin": [40.37868, 20.37868, -25], "size": [4, 0, 7], "uv": [0, 7]}
					]
				},
				{
					"name": "finger_left2",
					"parent": "arm_left3",
					"pivot": [42.37868, 22.37868, -18],
					"rotation": [0, -90, 0],
					"cubes": [
						{"origin": [40.37868, 22.37868, -25], "size": [4, 0, 7], "uv": [43, 41]}
					]
				},
				{
					"name": "finger_left",
					"parent": "arm_left3",
					"pivot": [42.37868, 24.37868, -18],
					"rotation": [0, -90, 0],
					"cubes": [
						{"origin": [40.37868, 24.37868, -25], "size": [4, 0, 7], "uv": [51, 41]}
					]
				},
				{
					"name": "thumb_left",
					"parent": "arm_left3",
					"pivot": [39.37768, 17.3, -18],
					"rotation": [0, -90, 0],
					"cubes": [
						{"origin": [37.37768, 10.3, -18.001], "size": [4, 7, 0], "uv": [42, 98]}
					]
				},
				{
					"name": "arm_right",
					"parent": "upper_body2",
					"pivot": [-14.5, 22.7, -18],
					"rotation": [0, 0, -45],
					"cubes": [
						{"origin": [-21.87868, 15.87868, -23], "size": [10, 10, 10], "pivot": [-17.37868, 20.37868, -18], "rotation": [0, 0, 45], "uv": [84, 18], "mirror": true}
					]
				},
				{
					"name": "bone8",
					"parent": "arm_right",
					"pivot": [-19.5, 24.5, -12.999],
					"cubes": [
						{"origin": [-24.76777, 24.7, -13], "size": [6, 3, 0], "pivot": [-19.76777, 24.35355, -12.999], "rotation": [7.5, 0, 45], "uv": [100, 38], "mirror": true}
					]
				},
				{
					"name": "bone9",
					"parent": "arm_right",
					"pivot": [-17.11378, 26.80057, -18],
					"cubes": [
						{"origin": [-20.47417, 30.71722, -22.6], "size": [6, 0, 3], "pivot": [-20.47417, 30.71822, -20], "rotation": [10.00933, -2.462, 44.56561], "uv": [74, 0], "mirror": true},
						{"origin": [-20.47417, 30.71722, -16.4], "size": [6, 0, 3], "pivot": [-20.47417, 30.71822, -16], "rotation": [-10.00933, 2.462, 44.56561], "uv": [74, 0], "mirror": true}
					]
				},
				{
					"name": "bone10",
					"parent": "arm_right",
					"pivot": [-19.76777, 24.35355, -22.999],
					"cubes": [
						{"origin": [-24.76777, 24.35355, -23], "size": [6, 3, 0], "pivot": [-19.76777, 24.35355, -23], "rotation": [-7.5, 0, 45], "uv": [33, 75], "mirror": true}
					]
				},
				{
					"name": "arm_right2",
					"parent": "arm_right",
					"pivot": [-19.87868, 22.37868, -17.5],
					"cubes": [
						{"origin": [-29.87868, 17.37868, -21.5], "size": [13, 8, 7], "uv": [5, 175]}
					]
				},
				{
					"name": "arm_right3",
					"parent": "arm_right2",
					"pivot": [-29.87868, 22.37868, -14],
					"cubes": [
						{"origin": [-42.3, 17.37868, -21.5], "size": [13, 8, 7], "inflate": 0.01, "uv": [70, 181], "mirror": true},
						{"origin": [-29.3, 25.37868, -19.5], "size": [4, 0, 4], "inflate": 0.01, "pivot": [-29.3, 25.37868, -17.5], "rotation": [0, 0, -15], "uv": [61, 169], "mirror": true},
						{"origin": [-40.8, 23.2, -22], "size": [6, 2, 2], "inflate": 0.01, "uv": [106, 171], "mirror": true},
						{"origin": [-40.8, 17.6, -22], "size": [6, 2, 3], "inflate": 0.01, "uv": [105, 170], "mirror": true}
					]
				},
				{
					"name": "finger_right4",
					"parent": "arm_right3",
					"pivot": [-42.37868, 18.37868, -18],
					"rotation": [0, 90, 0],
					"cubes": [
						{"origin": [-44.37868, 18.37868, -25], "size": [4, 0, 7], "uv": [0, 0], "mirror": true}
					]
				},
				{
					"name": "finger_right3",
					"parent": "arm_right3",
					"pivot": [-42.37868, 20.37868, -18],
					"rotation": [0, 90, 0],
					"cubes": [
						{"origin": [-44.37868, 20.37868, -25], "size": [4, 0, 7], "uv": [0, 7], "mirror": true}
					]
				},
				{
					"name": "finger_right2",
					"parent": "arm_right3",
					"pivot": [-42.37868, 22.37868, -18],
					"rotation": [0, 90, 0],
					"cubes": [
						{"origin": [-44.37868, 22.37868, -25], "size": [4, 0, 7], "uv": [43, 41], "mirror": true}
					]
				},
				{
					"name": "finger_right",
					"parent": "arm_right3",
					"pivot": [-42.37868, 24.37868, -18],
					"rotation": [0, 90, 0],
					"cubes": [
						{"origin": [-44.37868, 24.37868, -25], "size": [4, 0, 7], "uv": [51, 41], "mirror": true}
					]
				},
				{
					"name": "thumb_right",
					"parent": "arm_right3",
					"pivot": [-39.37768, 17.3, -18],
					"rotation": [0, 90, 0],
					"cubes": [
						{"origin": [-41.37768, 10.3, -18.001], "size": [4, 7, 0], "uv": [42, 98], "mirror": true}
					]
				},
				{
					"name": "arm_left4",
					"parent": "upper_body2",
					"pivot": [14.5, 22.7, -18],
					"rotation": [0, 0, 45]
				},
				{
					"name": "bone4",
					"parent": "arm_left4",
					"pivot": [19.5, 24.5, -12.999]
				},
				{
					"name": "bone5",
					"parent": "arm_left4",
					"pivot": [17.11378, 26.80057, -18]
				},
				{
					"name": "bone6",
					"parent": "arm_left4",
					"pivot": [19.76777, 24.35355, -22.999]
				},
				{
					"name": "arm_left5",
					"parent": "arm_left4",
					"pivot": [19.87868, 22.37868, -17.5]
				},
				{
					"name": "arm_left6",
					"parent": "arm_left5",
					"pivot": [29.87868, 22.37868, -14]
				},
				{
					"name": "finger_left5",
					"parent": "arm_left6",
					"pivot": [42.37868, 19.37868, -18],
					"rotation": [0, -90, 0]
				},
				{
					"name": "finger_left6",
					"parent": "arm_left6",
					"pivot": [42.37868, 21.37868, -18],
					"rotation": [0, -90, 0]
				},
				{
					"name": "finger_left7",
					"parent": "arm_left6",
					"pivot": [42.37868, 23.37868, -18],
					"rotation": [0, -90, 0]
				},
				{
					"name": "finger_left8",
					"parent": "arm_left6",
					"pivot": [42.37868, 25.37868, -18],
					"rotation": [0, -90, 0]
				},
				{
					"name": "thumb_left2",
					"parent": "arm_left6",
					"pivot": [39.37868, 17.87868, -18],
					"rotation": [0, -90, 0]
				},
				{
					"name": "upper_body3",
					"parent": "upper_body2",
					"pivot": [0, 20.5, -25],
					"cubes": [
						{"origin": [-10.5, 11, -32], "size": [21, 19, 11], "uv": [-2, 133]}
					]
				},
				{
					"name": "head",
					"parent": "upper_body3",
					"pivot": [0, 18, -31],
					"cubes": [
						{"origin": [-5.5, 13, -41], "size": [11, 10, 11], "uv": [0, 70]},
						{"origin": [3, 15.3, -41.001], "size": [1, 2, 0], "uv": [9, 74]},
						{"origin": [-3, 18, -41.04], "size": [6, 5, 0], "uv": [77, 3]},
						{"origin": [-3, 23, -41.04], "size": [6, 0, 1], "pivot": [0, 23, -41.04], "rotation": [5, 0, 0], "uv": [0, 14]},
						{"origin": [-0.25, 13.6, -43.7], "size": [3, 3, 4], "inflate": 0.2, "pivot": [0.5, 15.5, -40.5], "rotation": [7.5, 0, 0], "uv": [90, 69]},
						{"origin": [-2.75, 13.6, -43.7], "size": [3, 3, 4], "inflate": 0.2, "pivot": [0.25, 15.5, -40.5], "rotation": [7.5, 0, 0], "uv": [44, 75]},
						{"origin": [-0.5, 13.4, -43.91], "size": [1, 3, 0], "pivot": [0.5, 15.5, -40.5], "rotation": [7.5, 0, 0], "uv": [4, 11]},
						{"origin": [-0.5, 15.5, -44], "size": [1, 1, 1], "pivot": [0, 15.5, -40.5], "rotation": [7.5, 0, 0], "uv": [0, 11]},
						{"origin": [-3, 16, -42.36264], "size": [6, 1, 2], "pivot": [0, 16.51858, -41.36264], "rotation": [7.5, 0, 0], "uv": [84, 38]},
						{"origin": [-1.5, 16.37103, -41.84155], "size": [3, 1, 2], "pivot": [0, 16.87103, -40.84155], "rotation": [7.5, 0, 0], "uv": [0, 78]},
						{"origin": [1.9, 12.8, -43.1], "size": [1, 1, 1], "pivot": [2.4, 13.3, -42.5], "rotation": [-37.5, 0, 0], "uv": [3, 63], "mirror": true},
						{"origin": [-2.9, 12.8, -43.1], "size": [1, 1, 1], "pivot": [-2.4, 13.3, -42.5], "rotation": [-37.5, 0, 0], "uv": [3, 63]},
						{"origin": [1.9, 12.8, -42.1], "size": [1, 1, 1], "pivot": [2.4, 13.3, -41.5], "rotation": [-32.5, 0, 0], "uv": [3, 63], "mirror": true},
						{"origin": [-2.9, 12.8, -42.1], "size": [1, 1, 1], "pivot": [-2.4, 13.3, -41.5], "rotation": [-32.5, 0, 0], "uv": [3, 63]}
					]
				},
				{
					"name": "eye_left",
					"parent": "head",
					"pivot": [2.38556, 17.83801, -41.02],
					"rotation": [0, 0, -7.5],
					"cubes": [
						{"origin": [0.98556, 16.7, -41.01], "size": [3, 2, 0], "uv": [1, 129]},
						{"origin": [0.98556, 17.7, -41.03], "size": [3, 1, 0], "uv": [31, 108]}
					]
				},
				{
					"name": "pupil2",
					"parent": "eye_left",
					"pivot": [2.48556, 18.00468, -41.02],
					"cubes": [
						{"origin": [1.68556, 17.30468, -41.02], "size": [1, 1, 0], "uv": [2, 13]}
					]
				},
				{
					"name": "mindsEye",
					"parent": "pupil2",
					"pivot": [2.48556, 18.00468, -41.02],
					"cubes": [
						{"origin": [1.68556, 17.30468, -41.025], "size": [1, 1, 0], "uv": [21, 59]}
					]
				},
				{
					"name": "shiny_pupil",
					"parent": "pupil2",
					"pivot": [2.48556, 18.00468, -41.02],
					"cubes": [
						{"origin": [1.68556, 17.30468, -40.025], "size": [1, 1, 0], "uv": [3, 8]}
					]
				},
				{
					"name": "eye_right",
					"parent": "head",
					"pivot": [-2.38556, 17.83801, -41.02],
					"rotation": [0, 0, 7.5],
					"cubes": [
						{"origin": [-3.98556, 16.7, -41.01], "size": [3, 2, 0], "uv": [0, 8], "mirror": true},
						{"origin": [-3.98556, 17.7, -41.03], "size": [3, 1, 0], "uv": [0, 10], "mirror": true}
					]
				},
				{
					"name": "pupil",
					"parent": "eye_right",
					"pivot": [-2.48556, 18.00468, -41.02],
					"cubes": [
						{"origin": [-2.9, 17.30468, -41.02], "size": [1, 1, 0], "uv": [2, 13], "mirror": true}
					]
				},
				{
					"name": "bone",
					"parent": "head",
					"pivot": [3, 13, -36],
					"cubes": [
						{"origin": [-1.5, 9.38271, -40], "size": [3, 4, 0], "pivot": [0, 11.38271, -39.65552], "rotation": [-27.47273, -0.0536, 0.74167], "uv": [50, 180]},
						{"origin": [-4.96481, 10.02949, -38.3536], "size": [3, 4, 0], "pivot": [-3.09447, 12.90989, -38.6498], "rotation": [-18.17256, 28.057, 14.30341], "uv": [50, 180]},
						{"origin": [1.96481, 10.02949, -38.3536], "size": [3, 4, 0], "pivot": [3.09447, 12.90989, -38.6498], "rotation": [-18.17256, -28.057, -14.30341], "uv": [50, 180], "mirror": true}
					]
				},
				{
					"name": "Whiskers",
					"parent": "head",
					"pivot": [-5.5, 17, -36.39774],
					"rotation": [12.5, 0, 0],
					"cubes": [
						{"origin": [-7.83013, 19.5, -38.4], "size": [5, 0, 2], "pivot": [-0.5, 17, -35.6], "rotation": [0, -2.5, -30], "uv": [48, 48]},
						{"origin": [-7.83013, 19.5, -40.5], "size": [5, 0, 2], "pivot": [-0.5, 17, -35.9], "rotation": [0, -5, -30], "uv": [48, 48]},
						{"origin": [-7.83013, 19.5, -34.3], "size": [5, 0, 2], "pivot": [-0.5, 17, -35], "rotation": [0, 5, -30], "uv": [48, 48]},
						{"origin": [-7.83013, 19.5, -36.4], "size": [5, 0, 2], "pivot": [-0.5, 17, -35.3], "rotation": [0, 2.5, -30], "uv": [48, 48]}
					]
				},
				{
					"name": "Whiskers2",
					"parent": "head",
					"pivot": [5.5, 17, -36.39774],
					"rotation": [12.5, 0, 0],
					"cubes": [
						{"origin": [2.83013, 19.5, -38.4], "size": [5, 0, 2], "pivot": [0.5, 17, -35.6], "rotation": [0, 2.5, 30], "uv": [48, 48], "mirror": true},
						{"origin": [2.83013, 19.5, -40.5], "size": [5, 0, 2], "pivot": [0.5, 17, -35.9], "rotation": [0, 5, 30], "uv": [48, 48], "mirror": true},
						{"origin": [2.83013, 19.5, -34.3], "size": [5, 0, 2], "pivot": [0.5, 17, -35], "rotation": [0, -5, 30], "uv": [48, 48], "mirror": true},
						{"origin": [2.83013, 19.5, -36.4], "size": [5, 0, 2], "pivot": [0.5, 17, -35.3], "rotation": [0, -2.5, 30], "uv": [48, 48], "mirror": true}
					]
				},
				{
					"name": "mouth",
					"parent": "head",
					"pivot": [0.5, 13.5, -40],
					"cubes": [
						{"origin": [-2.5, 12.7, -43.3], "size": [5, 1, 3], "inflate": -0.01, "pivot": [-1.1, 12.5, -40], "rotation": [2.5, 0, 0], "uv": [74, 97]}
					]
				},
				{
					"name": "ear_left",
					"parent": "head",
					"pivot": [3, 22, -36],
					"cubes": [
						{"origin": [2, 20, -37.5], "size": [3, 4, 3], "pivot": [4.5, 22.5, -35.5], "rotation": [-12.5, -60, 45], "uv": [34, 91]}
					]
				},
				{
					"name": "ear_right",
					"parent": "head",
					"pivot": [-3, 22, -36],
					"cubes": [
						{"origin": [-5, 20, -37.5], "size": [3, 4, 3], "pivot": [-4.5, 22.5, -35.5], "rotation": [-12.5, 60, -45], "uv": [90, 76]}
					]
				},
				{
					"name": "tail",
					"parent": "torso",
					"pivot": [0, 24.5, 7.5],
					"cubes": [
						{"origin": [-4.5, 20, 7], "size": [9, 9, 9], "uv": [104, 69]}
					]
				}
			]
		}
	]
}