{
  "species": "cobblemon:umbreon",
  "order": 0,
  "variations": [
    {
      "aspects": [],
      "poser": "cobblemon:umbreon",
      "model": "cobblemon:umbreon.geo",
      "texture": "cobblemon:textures/pokemon/0197_umbreon/umbreon.png",
      "layers": [
        {
              "name": "emissive",
              "emissive": true,
              "texture": "cobblemon:textures/pokemon/0197_umbreon/umbreon_emissive.png",
              "translucent": true
        }
      ]
    },
    {
      "aspects": [
        "shiny"
      ],
      "texture": "cobblemon:textures/pokemon/0197_umbreon/umbreon_shiny.png",
      "layers": [
        {
              "name": "emissive",
              "emissive": true,
              "texture": "cobblemon:textures/pokemon/0197_umbreon/umbreon_shiny_emissive.png",
              "translucent": true
        }
      ]
    }
  ]
}
