{
  "format_version": "1.12.0",
  "minecraft:geometry": [
    {
      "description": {
        "identifier": "geometry.bronzor2",
        "texture_width": 64,
        "texture_height": 64,
        "visible_bounds_width": 2,
        "visible_bounds_height": 3.5,
        "visible_bounds_offset": [0, 1.25, 0]
      },
      "bones": [
        {
          "name": "bronzor",
          "pivot": [0, 0, 0]
        },
        {
          "name": "body",
          "parent": "bronzor",
          "pivot": [0, 17, 0]
        },
        {
          "name": "head",
          "parent": "body",
          "pivot": [0, 17, 0]
        },
        {
          "name": "head_ai",
          "parent": "head",
          "pivot": [0, 17, 0],
          "cubes": [
            { "origin": [-6, 11, -1], "size": [12, 12, 2], "uv": [0, 0] },
            {
              "origin": [-1.75, 15.25, -1.01],
              "size": [3.5, 3.5, 0],
              "uv": [0, 23]
            },
            {
              "origin": [-3.5, 13.5, -1.01],
              "size": [7, 7, 0],
              "pivot": [0, 0, 0],
              "rotation": [0, 180, 0],
              "uv": [0, 14]
            },
            { "origin": [-1, 16, -2], "size": [2, 2, 1], "uv": [0, 29] },
            {
              "origin": [1.25, 15.75, -1.75],
              "size": [2.5, 2.5, 1],
              "uv": [6, 20]
            },
            {
              "origin": [-3.75, 15.75, -1.75],
              "size": [2.5, 2.5, 1],
              "uv": [18, 20]
            },
            { "origin": [2, 16, -1.76], "size": [1, 2, 0], "uv": [7, 14] },
            { "origin": [-3, 16, -1.76], "size": [1, 2, 0], "uv": [0, 0] },
            { "origin": [1.5, 18.5, -1.02], "size": [1, 1, 0], "uv": [0, 22] },
            { "origin": [-2.5, 18.5, -1.02], "size": [1, 1, 0], "uv": [3, 22] },
            { "origin": [-2.5, 14.5, -1.02], "size": [1, 1, 0], "uv": [1, 22] },
            { "origin": [1.5, 14.5, -1.02], "size": [1, 1, 0], "uv": [2, 22] }
          ]
        },
        {
          "name": "eyes",
          "parent": "head_ai",
          "pivot": [0, 0, 1],
          "cubes": [
            {
              "origin": [1.25, 15.75, -0.76],
              "size": [2.5, 2.5, 1],
              "inflate": 0.01,
              "uv": [16, 14]
            },
            {
              "origin": [-3.75, 15.75, -0.76],
              "size": [2.5, 2.5, 1],
              "inflate": 0.01,
              "uv": [24, 20]
            },
            { "origin": [1.5, 16.5, -0.78], "size": [2, 1, 0], "uv": [4, 21] },
            { "origin": [-3.5, 16.5, -0.78], "size": [2, 1, 0], "uv": [0, 21] }
          ]
        },
        {
          "name": "spheres",
          "parent": "head_ai",
          "pivot": [0, 0, 0],
          "cubes": [
            { "origin": [-1.5, 22, -1.5], "size": [3, 3, 3], "uv": [19, 14] },
            {
              "origin": [-1.5, 22, -1.5],
              "size": [3, 3, 3],
              "pivot": [0, 17, 0],
              "rotation": [0, 0, 60],
              "uv": [18, 23]
            },
            {
              "origin": [-1.5, 22, -1.5],
              "size": [3, 3, 3],
              "pivot": [0, 17, 0],
              "rotation": [0, 0, -60],
              "uv": [0, 23]
            },
            { "origin": [-1.5, 9, -1.5], "size": [3, 3, 3], "uv": [9, 26] },
            {
              "origin": [-1.5, 9, -1.5],
              "size": [3, 3, 3],
              "pivot": [0, 17, 0],
              "rotation": [0, 0, -60],
              "uv": [9, 20]
            },
            {
              "origin": [-1.5, 9, -1.5],
              "size": [3, 3, 3],
              "pivot": [0, 17, 0],
              "rotation": [0, 0, 60],
              "uv": [7, 14]
            }
          ]
        }
      ]
    }
  ]
}
