{
  "format_version": "1.12.0",
  "minecraft:geometry": [
    {
      "description": {
        "identifier": "geometry.unknown",
        "texture_width": 64,
        "texture_height": 64,
        "visible_bounds_width": 3,
        "visible_bounds_height": 3.5,
        "visible_bounds_offset": [0, 1.25, 0]
      },
      "bones": [
        {
          "name": "body",
          "pivot": [0, 0, 0],
          "cubes": [
            { "origin": [-4, 9, 1], "size": [8, 14, 10], "uv": [0, 0] },
            { "origin": [-3, 21, -3], "size": [6, 5, 11], "uv": [25, 13] },
            { "origin": [-3, 5, -3], "size": [6, 5, 11], "uv": [0, 24] },
            {
              "origin": [-2, 21, -2],
              "size": [4, 4, 6],
              "pivot": [0, 0, 0],
              "rotation": [12.5, 0, 0],
              "uv": [14, 44]
            },
            {
              "origin": [-2, 5, -9],
              "size": [4, 4, 6],
              "pivot": [0, 0, 0],
              "rotation": [-12.5, 0, 0],
              "uv": [0, 40]
            }
          ]
        },
        {
          "name": "bb_main",
          "parent": "body",
          "pivot": [0, 0, 0],
          "cubes": [
            { "origin": [-3, 14, -4], "size": [6, 4, 6], "uv": [28, 34] },
            { "origin": [-4, 13, -1], "size": [8, 6, 2], "uv": [34, 44] },
            { "origin": [-5, 14, 3], "size": [10, 4, 4], "uv": [26, 0] }
          ]
        },
        {
          "name": "eye_lid",
          "parent": "bb_main",
          "pivot": [0, 0, 0]
        },
        {
          "name": "up",
          "parent": "eye_lid",
          "pivot": [0, 0, 0],
          "cubes": [
            {
              "origin": [-5.25, 17, 2.75],
              "size": [10.5, 1.25, 4.55],
              "uv": [24, 23]
            }
          ]
        },
        {
          "name": "down",
          "parent": "eye_lid",
          "pivot": [0, 0, 0],
          "cubes": [
            {
              "origin": [-5.25, 13.75, 2.75],
              "size": [10.5, 1.5, 4.55],
              "uv": [24, 23]
            }
          ]
        }
      ]
    }
  ]
}
