{
  "format_version": "1.12.0",
  "minecraft:geometry": [
    {
      "description": {
        "identifier": "geometry.charjabug",
        "texture_width": 64,
        "texture_height": 64,
        "visible_bounds_width": 2,
        "visible_bounds_height": 1.5,
        "visible_bounds_offset": [0, 0.25, 0]
      },
      "bones": [
        {
          "name": "charjabug",
          "pivot": [0, 0, 0]
        },
        {
          "name": "body",
          "parent": "charjabug",
          "pivot": [-1.6, 3.6, 1.3],
          "rotation": [0, -90, 0],
          "cubes": [
            { "origin": [-7.6, 0.1, -2.7], "size": [4, 7, 8], "uv": [16, 7] },
            { "origin": [0.4, 0.1, -2.7], "size": [4, 7, 8], "uv": [0, 15] },
            { "origin": [-3.6, 0.1, -2.7], "size": [4, 7, 8], "uv": [0, 0] }
          ]
        },
        {
          "name": "tusks",
          "parent": "body",
          "pivot": [0, -4.9, 1.3],
          "rotation": [0, 90, 0],
          "cubes": [
            { "origin": [-3.5, 0.8, -7.2], "size": [2, 2, 2], "uv": [0, 4] },
            {
              "origin": [-2.8, 1.4, -7.8],
              "size": [1, 1, 1],
              "pivot": [-2.5, 1.9, -7.4],
              "rotation": [0, -45, 0],
              "uv": [22, 4]
            },
            {
              "origin": [2.3, 1.4, -7.7],
              "size": [1, 1, 1],
              "pivot": [2.6, 1.9, -7.4],
              "rotation": [0, -45, 0],
              "uv": [22, 0]
            },
            { "origin": [1.6, 0.8, -7.2], "size": [2, 2, 2], "uv": [0, 0] }
          ]
        },
        {
          "name": "legs",
          "parent": "charjabug",
          "pivot": [0, -4.9, 1.3]
        },
        {
          "name": "back_right_foot",
          "parent": "legs",
          "pivot": [1.8, 1, 3.6],
          "cubes": [
            {
              "origin": [0.8, 0.3, 2.6],
              "size": [2, 2, 2],
              "pivot": [1.8, 1, 3.6],
              "rotation": [0, 0, -90],
              "uv": [0, 19]
            }
          ]
        },
        {
          "name": "back_left_foot",
          "parent": "legs",
          "pivot": [1.8, 1, -0.4],
          "cubes": [
            {
              "origin": [0.8, 0, -1.1],
              "size": [2, 2, 2],
              "pivot": [1.8, 1, -0.4],
              "rotation": [90, 0, -90],
              "uv": [0, 15]
            }
          ]
        },
        {
          "name": "right_front_foot",
          "parent": "legs",
          "pivot": [-4.7, 1, -0.6],
          "cubes": [
            {
              "origin": [-1.7, 0, -1.6],
              "size": [2, 2, 2],
              "pivot": [-4.8, 1, -0.5],
              "rotation": [0, -90, 0],
              "uv": [16, 4]
            }
          ]
        },
        {
          "name": "left_front_foot",
          "parent": "legs",
          "pivot": [-5.57791, 1, -1.00229],
          "cubes": [
            {
              "origin": [-7.07791, 0, -1.10229],
              "size": [2, 2, 2],
              "pivot": [-5.57791, 1, -1.00229],
              "rotation": [0, 90, 0],
              "uv": [16, 0]
            }
          ]
        }
      ]
    }
  ]
}
