{
  "name": "Tyrantrum",
  "nationalPokedexNumber": 697,
  "primaryType": "rock",
  "secondaryType": "dragon",
  "abilities": [
    "strongjaw",
    "h:rockhead"
  ],
  "baseStats": {
    "hp": 82,
    "attack": 121,
    "defence": 119,
    "special_attack": 69,
    "special_defence": 59,
    "speed": 71
  },
  "catchRate": 45,
  "maleRatio": 0.875,
  "shoulderMountable": false,
  "baseExperienceYield": 182,
  "experienceGroup": "medium_fast",
  "eggCycles": 30,
  "eggGroups": [
    "monster",
    "dragon"
  ],
  "moves": [
    "1:headsmash",
    "1:tackle",
    "1:tailwhip",
    "6:roar",
    "10:stomp",
    "12:bide",
    "15:stealthrock",
    "17:bite",
    "20:charm",
    "26:ancientpower",
    "30:dragontail",
    "34:crunch",
    "37:dragonclaw",
    "42:thrash",
    "47:earthquake",
    "53:horndrill",
    "68:rockslide",
    "75:gigaimpact",
    "100:aerialace",
    "100:assurance",
    "100:attract",
    "100:bodyslam",
    "100:breakingswipe",
    "100:brickbreak",
    "100:brutalswing",
    "100:bulldoze",
    "100:charm",
    "100:closecombat",
    "100:confide",
    "100:crunch",
    "100:darkpulse",
    "100:dig",
    "100:doubleteam",
    "100:dragonclaw",
    "100:dragondance",
    "100:dragonpulse",
    "100:dragontail",
    "100:earthpower",
    "100:earthquake",
    "100:endure",
    "100:facade",
    "100:firefang",
    "100:frustration",
    "100:gigaimpact",
    "100:hiddenpower",
    "100:highhorsepower",
    "100:honeclaws",
    "100:hyperbeam",
    "100:hypervoice",
    "100:icefang",
    "100:irondefense",
    "100:ironhead",
    "100:irontail",
    "100:outrage",
    "100:playrough",
    "100:protect",
    "100:psychicfangs",
    "100:rest",
    "100:return",
    "100:roar",
    "100:rockblast",
    "100:rockpolish",
    "100:rockslide",
    "100:rocksmash",
    "100:rocktomb",
    "100:round",
    "100:sandstorm",
    "100:scaryface",
    "100:secretpower",
    "100:sleeptalk",
    "100:snore",
    "100:stealthrock",
    "100:stompingtantrum",
    "100:stoneedge",
    "100:strength",
    "100:substitute",
    "100:sunnyday",
    "100:superpower",
    "100:swagger",
    "100:thunderfang",
    "100:toxic",
    "100:zenheadbutt",
    "100:block",
    "100:dracometeor",
    "100:dragonpulse",
    "100:earthpower",
    "100:hypervoice",
    "100:irondefense",
    "100:ironhead",
    "100:irontail",
    "100:lashout",
    "100:meteorbeam",
    "100:outrage",
    "100:scaleshot",
    "100:snore",
    "100:stealthrock",
    "100:stompingtantrum",
    "100:superpower",
    "100:zenheadbutt"
  ],
  "labels": [
    "gen6"
  ],
  "pokedex": [
    "cobblemon.species.tyrantrum.desc"
  ],
  "preEvolution": "tyrunt",
  "evolutions": [],
  "baseScale": 1.8,
  "hitbox": {
    "width": 1.2,
    "height": 2,
    "fixed": false
  },
  "baseFriendship": 50,
  "evYield": {
    "hp": 0,
    "attack": 2,
    "defence": 0,
    "special_attack": 0,
    "special_defence": 0,
    "speed": 0
  },
  "height": 25,
  "weight": 2700,
  "aspects": [],
  "cannotDynamax": false,
  "implemented": true
}