{
  "name": "Tyrunt",
  "nationalPokedexNumber": 696,
  "primaryType": "rock",
  "secondaryType": "dragon",
  "abilities": [
    "strongjaw",
    "h:sturdy"
  ],
  "baseStats": {
    "hp": 58,
    "attack": 89,
    "defence": 77,
    "special_attack": 45,
    "special_defence": 45,
    "speed": 48
  },
  "catchRate": 45,
  "maleRatio": 0.875,
  "shoulderMountable": false,
  "baseExperienceYield": 72,
  "experienceGroup": "medium_fast",
  "eggCycles": 30,
  "eggGroups": [
    "monster",
    "dragon"
  ],
  "moves": [
    "1:tackle",
    "1:tailwhip",
    "6:roar",
    "10:stomp",
    "12:bide",
    "15:stealthrock",
    "17:bite",
    "20:charm",
    "26:ancientpower",
    "28:rockslide",
    "30:dragontail",
    "34:crunch",
    "37:dragonclaw",
    "40:thrash",
    "44:earthquake",
    "49:horndrill",
    "100:curse",
    "100:dragondance",
    "100:firefang",
    "100:icefang",
    "100:poisonfang",
    "100:rockpolish",
    "100:rockthrow",
    "100:thunderfang",
    "100:aerialace",
    "100:assurance",
    "100:attract",
    "100:bodyslam",
    "100:brickbreak",
    "100:bulldoze",
    "100:charm",
    "100:closecombat",
    "100:confide",
    "100:crunch",
    "100:darkpulse",
    "100:dig",
    "100:doubleteam",
    "100:dragonclaw",
    "100:dragondance",
    "100:dragonpulse",
    "100:dragontail",
    "100:earthpower",
    "100:earthquake",
    "100:endure",
    "100:facade",
    "100:firefang",
    "100:frustration",
    "100:hiddenpower",
    "100:honeclaws",
    "100:hypervoice",
    "100:icefang",
    "100:irondefense",
    "100:ironhead",
    "100:irontail",
    "100:outrage",
    "100:playrough",
    "100:protect",
    "100:psychicfangs",
    "100:rest",
    "100:return",
    "100:roar",
    "100:rockblast",
    "100:rockpolish",
    "100:rockslide",
    "100:rocksmash",
    "100:rocktomb",
    "100:round",
    "100:sandstorm",
    "100:scaryface",
    "100:secretpower",
    "100:sleeptalk",
    "100:snore",
    "100:stealthrock",
    "100:stompingtantrum",
    "100:stoneedge",
    "100:strength",
    "100:substitute",
    "100:sunnyday",
    "100:superpower",
    "100:swagger",
    "100:thunderfang",
    "100:toxic",
    "100:zenheadbutt",
    "100:block",
    "100:dracometeor",
    "100:dragonpulse",
    "100:earthpower",
    "100:hypervoice",
    "100:irondefense",
    "100:ironhead",
    "100:irontail",
    "100:lashout",
    "100:meteorbeam",
    "100:outrage",
    "100:roar",
    "100:scaleshot",
    "100:snore",
    "100:stealthrock",
    "100:stomp",
    "100:stompingtantrum",
    "100:superpower",
    "100:tackle",
    "100:tailwhip",
    "100:zenheadbutt"
  ],
  "labels": [
    "gen6"
  ],
  "pokedex": [
    "cobblemon.species.tyrunt.desc"
  ],
  "evolutions": [
    {
      "id": "tyrunt_tyrantrum",
      "variant": "level_up",
      "result": "tyrantrum",
      "consumeHeldItem": false,
      "learnableMoves": [],
      "requirements": [
        {
          "variant": "level",
          "minLevel": 39
        },
        {
          "variant": "time_range",
          "range": "day"
        }
      ]
    }
  ],
  "baseScale": 1,
  "hitbox": {
    "width": 1,
    "height": 1,
    "fixed": false
  },
  "baseFriendship": 50,
  "evYield": {
    "hp": 0,
    "attack": 1,
    "defence": 0,
    "special_attack": 0,
    "special_defence": 0,
    "speed": 0
  },
  "height": 8,
  "weight": 260,
  "aspects": [],
  "cannotDynamax": false,
  "implemented": true
}