{
  "implemented": true,
  "name": "Yveltal",
  "nationalPokedexNumber": 717,
  "primaryType": "dark",
  "secondaryType": "flying",
  "abilities": [
    "darkaura"
  ],
  "baseStats": {
    "hp": 126,
    "attack": 131,
    "defence": 95,
    "special_attack": 131,
    "special_defence": 98,
    "speed": 99
  },
  "catchRate": 15,
  "maleRatio": -1,
  "shoulderMountable": false,
  "baseExperienceYield": 285,
  "experienceGroup": "slow",
  "eggCycles": 120,
  "eggGroups": [
    "undiscovered"
  ],
  "moves": [
    "1:hurricane",
    "1:razorwind",
    "1:taunt",
    "5:doubleteam",
    "10:airslash",
    "18:snarl",
    "26:oblivionwing",
    "35:disable",
    "44:darkpulse",
    "51:foulplay",
    "55:phantomforce",
    "59:psychic",
    "63:dragonrush",
    "72:focusblast",
    "80:suckerpunch",
    "88:hyperbeam",
    "93:skyattack",
    "tm:honeclaws",
    "tm:dragonclaw",
    "tm:toxic",
    "tm:hiddenpower",
    "tm:sunnyday",
    "tm:taunt",
    "tm:hyperbeam",
    "tm:protect",
    "tm:raindance",
    "tm:roost",
    "tm:frustration",
    "tm:return",
    "tm:psychic",
    "tm:shadowball",
    "tm:doubleteam",
    "tm:aerialace",
    "tm:torment",
    "tm:facade",
    "tm:rest",
    "tm:thief",
    "tm:round",
    "tm:steelwing",
    "tm:focusblast",
    "tm:skydrop",
    "tm:acrobatics",
    "tm:embargo",
    "tm:shadowclaw",
    "tm:gigaimpact",
    "tm:rockslide",
    "tm:dreameater",
    "tm:swagger",
    "tm:sleeptalk",
    "tm:uturn",
    "tm:substitute",
    "tm:secretpower",
    "tm:snarl",
    "tm:darkpulse",
    "tm:fly",
    "tm:cut",
    "tm:confide"
  ],
  "labels": [
    "gen6",
    "legendary"
  ],
  "pokedex": [
    "cobblemon.species.yveltal.desc"
  ],
  "preEvolution": null,
  "evolutions": [],
  "baseScale": 1.8,
  "hitbox": {
    "width": 1.7,
    "height": 4.5,
    "fixed": false
  },
  "baseFriendship": 70,
  "evYield": {
    "hp": 0,
    "attack": 1,
    "defence": 2,
    "special_attack": 0,
    "special_defence": 0,
    "speed": 0
  },
  "height": 19,
  "weight": 447,
  "aspects": [],
  "cannotDynamax": false
  
}