{
  "format_version": "1.12.0",
  "minecraft:geometry": [
    {
      "description": {
        "identifier": "geometry.unknown",
        "texture_width": 256,
        "texture_height": 256,
        "visible_bounds_width": 5,
        "visible_bounds_height": 8.5,
        "visible_bounds_offset": [0, 3.75, 0]
      },
      "bones": [
        {
          "name": "cosmoem",
          "pivot": [0, 0, 0]
        },
        {
          "name": "full_body",
          "parent": "cosmoem",
          "pivot": [0.49612, 26.9547, 0.5],
          "cubes": [
            { "origin": [-7, 20, -7], "size": [15, 13, 15], "uv": [0, 0] },
            { "origin": [-3, 33, -5], "size": [7, 5, 11], "uv": [92, 51] },
            { "origin": [8, 21, -5], "size": [4, 11, 11], "uv": [80, 0] },
            { "origin": [-11, 21, -5], "size": [4, 11, 11], "uv": [78, 72] },
            { "origin": [-3, 16, -5], "size": [7, 5, 11], "uv": [89, 35] },
            {
              "origin": [-13, 30, -6],
              "size": [11, 5, 13],
              "pivot": [-7, 35, 0.5],
              "rotation": [0, 0, -32.5],
              "uv": [39, 41]
            },
            {
              "origin": [3, 30, -6],
              "size": [10, 5, 13],
              "pivot": [8, 35, 0.5],
              "rotation": [0, 0, 32.5],
              "uv": [47, 15]
            },
            {
              "origin": [4, 19, -6],
              "size": [10, 4, 13],
              "pivot": [8, 18, 0.5],
              "rotation": [0, 0, -32.5],
              "uv": [33, 59]
            },
            {
              "origin": [-13, 19, -6],
              "size": [10, 4, 13],
              "pivot": [-7, 18, 0.5],
              "rotation": [0, 0, 32.5],
              "uv": [0, 54]
            },
            {
              "origin": [0.5, 37, -0.5],
              "size": [9, 3, 2],
              "pivot": [1.5, 38, 0.5],
              "rotation": [0, 0, 15],
              "uv": [101, 123]
            },
            {
              "origin": [9.326, 30.81708, -0.5],
              "size": [9, 7, 2],
              "pivot": [9.70348, 36.24772, 0.5],
              "rotation": [0, 0, 37.5],
              "uv": [123, 67]
            },
            {
              "origin": [-8.5, 37, -0.5],
              "size": [9, 3, 2],
              "pivot": [-0.5, 38, 0.5],
              "rotation": [0, 0, -15],
              "uv": [123, 76]
            },
            {
              "origin": [-17.326, 30.81708, -0.5],
              "size": [9, 7, 2],
              "pivot": [-8.70348, 36.24772, 0.5],
              "rotation": [0, 0, -37.5],
              "uv": [57, 120]
            },
            {
              "origin": [-25.326, 22.81708, 0.5],
              "size": [13, 9, 0],
              "uv": [99, 0]
            },
            {
              "origin": [13.674, 22.81708, 0.5],
              "size": [13, 9, 0],
              "uv": [58, 0]
            },
            {
              "origin": [-8.5, 13, -0.5],
              "size": [9, 3, 2],
              "pivot": [-0.5, 15, 0.5],
              "rotation": [0, 0, 25],
              "uv": [118, 114]
            },
            {
              "origin": [-17.91693, 16.87434, -0.5],
              "size": [9, 6, 2],
              "pivot": [-8.94646, 18.25219, 0.5],
              "rotation": [0, 0, 40],
              "uv": [79, 123]
            },
            {
              "origin": [0.5, 13, -0.5],
              "size": [9, 3, 2],
              "pivot": [1.5, 15, 0.5],
              "rotation": [0, 0, -25],
              "uv": [117, 57]
            },
            {
              "origin": [9.91693, 16.87434, -0.5],
              "size": [9, 6, 2],
              "pivot": [9.94646, 18.25219, 0.5],
              "rotation": [0, 0, -40],
              "uv": [35, 33]
            },
            { "origin": [-4, 22, -8], "size": [9, 9, 17], "uv": [0, 28] }
          ]
        },
        {
          "name": "head",
          "parent": "full_body",
          "pivot": [0, 0, 0]
        },
        {
          "name": "bone",
          "parent": "full_body",
          "pivot": [0, 0, 0],
          "cubes": [
            { "origin": [-0.5, 38, -4], "size": [2, 5, 9], "uv": [35, 102] },
            {
              "origin": [-0.5, 39, 5],
              "size": [2, 3, 9],
              "pivot": [0.5, 40.5, 4.5],
              "rotation": [-30, 0, 0],
              "uv": [117, 88]
            },
            {
              "origin": [-0.5, 39, -13],
              "size": [2, 3, 9],
              "pivot": [0.5, 40.5, -3.5],
              "rotation": [30, 0, 0],
              "uv": [105, 111]
            },
            { "origin": [0.5, 35, -6], "size": [0, 13, 13], "uv": [52, 76] }
          ]
        },
        {
          "name": "bone5",
          "parent": "full_body",
          "pivot": [7.5, 34, 0.5],
          "rotation": [0, 0, 30],
          "cubes": [
            { "origin": [6.5, 34, -4], "size": [2, 5, 9], "uv": [0, 97] },
            {
              "origin": [6.5, 35, 5],
              "size": [2, 3, 9],
              "pivot": [7.5, 36.5, 4.5],
              "rotation": [-30, 0, 0],
              "uv": [117, 45]
            },
            {
              "origin": [6.5, 35, -13],
              "size": [2, 3, 9],
              "pivot": [7.5, 36.5, -3.5],
              "rotation": [30, 0, 0],
              "uv": [48, 107]
            },
            { "origin": [7.5, 31, -6], "size": [0, 13, 13], "uv": [66, 46] }
          ]
        },
        {
          "name": "bone6",
          "parent": "full_body",
          "pivot": [-6.5, 34, 0.5],
          "rotation": [0, 0, -30],
          "cubes": [
            { "origin": [-7.5, 34, -4], "size": [2, 5, 9], "uv": [91, 94] },
            {
              "origin": [-7.5, 35, 5],
              "size": [2, 3, 9],
              "pivot": [-6.5, 36.5, 4.5],
              "rotation": [-30, 0, 0],
              "uv": [118, 102]
            },
            {
              "origin": [-7.5, 35, -13],
              "size": [2, 3, 9],
              "pivot": [-6.5, 36.5, -3.5],
              "rotation": [30, 0, 0],
              "uv": [83, 111]
            },
            { "origin": [-6.5, 31, -6], "size": [0, 13, 13], "uv": [52, 63] }
          ]
        },
        {
          "name": "bone7",
          "parent": "full_body",
          "pivot": [-10.5, 27, 0.5],
          "rotation": [0, 0, -90],
          "cubes": [
            { "origin": [-11.5, 27, -4], "size": [2, 5, 9], "uv": [69, 94] },
            {
              "origin": [-11.5, 28, 5],
              "size": [2, 3, 9],
              "pivot": [-10.5, 29.5, 4.5],
              "rotation": [-30, 0, 0],
              "uv": [114, 21]
            },
            {
              "origin": [-11.5, 28, -13],
              "size": [2, 3, 9],
              "pivot": [-10.5, 29.5, -3.5],
              "rotation": [30, 0, 0],
              "uv": [0, 111]
            },
            { "origin": [-10.5, 24, -6], "size": [0, 13, 13], "uv": [26, 63] }
          ]
        },
        {
          "name": "bone8",
          "parent": "full_body",
          "pivot": [11.5, 27, 0.5],
          "rotation": [180, 0, -90],
          "cubes": [
            { "origin": [10.5, 27, -4], "size": [2, 5, 9], "uv": [45, 0] },
            {
              "origin": [10.5, 28, -13],
              "size": [2, 3, 9],
              "pivot": [11.5, 29.5, -3.5],
              "rotation": [30, 0, 0],
              "uv": [35, 116]
            },
            {
              "origin": [10.5, 28, 5],
              "size": [2, 3, 9],
              "pivot": [11.5, 29.5, 4.5],
              "rotation": [-30, 0, 0],
              "uv": [104, 99]
            },
            { "origin": [11.5, 24, -6], "size": [0, 13, 13], "uv": [0, 58] }
          ]
        },
        {
          "name": "bone2",
          "parent": "full_body",
          "pivot": [0.5, 13, 0.5],
          "rotation": [0, 0, -180],
          "cubes": [
            { "origin": [-0.5, 10, -4], "size": [2, 5, 9], "uv": [13, 102] },
            {
              "origin": [-0.5, 11, 5],
              "size": [2, 3, 9],
              "pivot": [0.5, 12.5, 4.5],
              "rotation": [-30, 0, 0],
              "uv": [114, 33]
            },
            {
              "origin": [-0.5, 11, -13],
              "size": [2, 3, 9],
              "pivot": [0.5, 12.5, -3.5],
              "rotation": [30, 0, 0],
              "uv": [70, 108]
            },
            { "origin": [0.5, 7, -6], "size": [0, 13, 13], "uv": [26, 76] }
          ]
        },
        {
          "name": "bone3",
          "parent": "full_body",
          "pivot": [7.5, 20, 0.5],
          "rotation": [0, 0, 147.5],
          "cubes": [
            { "origin": [6.5, 20, -4], "size": [2, 5, 9], "uv": [101, 13] },
            {
              "origin": [6.5, 21, 5],
              "size": [2, 3, 9],
              "pivot": [7.5, 22.5, 4.5],
              "rotation": [-30, 0, 0],
              "uv": [13, 116]
            },
            {
              "origin": [6.5, 21, -13],
              "size": [2, 3, 9],
              "pivot": [7.5, 22.5, -3.5],
              "rotation": [30, 0, 0],
              "uv": [104, 85]
            },
            { "origin": [7.5, 17, -6], "size": [0, 13, 13], "uv": [74, 20] }
          ]
        },
        {
          "name": "bone4",
          "parent": "full_body",
          "pivot": [-6.5, 20, 0.5],
          "rotation": [0, 0, -147.5],
          "cubes": [
            { "origin": [-7.5, 20, -4], "size": [2, 5, 9], "uv": [97, 67] },
            {
              "origin": [-7.5, 21, 5],
              "size": [2, 3, 9],
              "pivot": [-6.5, 22.5, 4.5],
              "rotation": [-30, 0, 0],
              "uv": [114, 9]
            },
            {
              "origin": [-7.5, 21, -13],
              "size": [2, 3, 9],
              "pivot": [-6.5, 22.5, -3.5],
              "rotation": [30, 0, 0],
              "uv": [110, 72]
            },
            { "origin": [-6.5, 17, -6], "size": [0, 13, 13], "uv": [0, 71] }
          ]
        },
        {
          "name": "eye",
          "parent": "full_body",
          "pivot": [0, 0, 0],
          "cubes": [
            { "origin": [-3, 26, -8.1], "size": [3, 3, 0], "uv": [15, 133] }
          ]
        },
        {
          "name": "eye2",
          "parent": "full_body",
          "pivot": [4, 0, 0],
          "cubes": [
            { "origin": [1, 26, -8.1], "size": [3, 3, 0], "uv": [15, 133] }
          ]
        }
      ]
    }
  ]
}
