{
  "format_version": "1.12.0",
  "minecraft:geometry": [
    {
      "description": {
        "identifier": "geometry.capsakid",
        "texture_width": 32,
        "texture_height": 32,
        "visible_bounds_width": 2,
        "visible_bounds_height": 1.5,
        "visible_bounds_offset": [0, 0.25, 0]
      },
      "bones": [
        {
          "name": "all",
          "pivot": [0, 0, 0]
        },
        {
          "name": "head",
          "parent": "all",
          "pivot": [0, 3, 0],
          "cubes": [
            { "origin": [-2.5, 3, -2.5], "size": [5, 5, 5], "uv": [0, 0] },
            { "origin": [-0.5, 3, -3], "size": [1, 1, 0], "uv": [0, 0] },
            { "origin": [-0.5, 4, -3.5], "size": [1, 1, 1], "uv": [14, 14] },
            { "origin": [-0.5, 6, 2.5], "size": [1, 1, 1], "uv": [18, 14] },
            { "origin": [-3.5, 2, 0.5], "size": [7, 7, 0], "uv": [0, 10] }
          ]
        },
        {
          "name": "eyelid_right",
          "parent": "head",
          "pivot": [-0.51, 5, -1.01],
          "cubes": [
            { "origin": [-1.51, 4, -1.51], "size": [2, 2, 1], "uv": [23, 0] }
          ]
        },
        {
          "name": "eyelid_left",
          "parent": "head",
          "pivot": [0.51, 5, -1.01],
          "cubes": [
            { "origin": [-0.49, 4, -1.51], "size": [2, 2, 1], "uv": [19, 0] }
          ]
        },
        {
          "name": "body",
          "parent": "all",
          "pivot": [0, 3, 0],
          "cubes": [
            { "origin": [-1.5, 1, -1], "size": [3, 2, 2], "uv": [14, 10] }
          ]
        },
        {
          "name": "arm_left",
          "parent": "body",
          "pivot": [1.5, 2, 0],
          "cubes": [{ "origin": [1.5, 2, -1], "size": [1, 0, 2], "uv": [0, 2] }]
        },
        {
          "name": "arm_right",
          "parent": "body",
          "pivot": [-1.5, 2, 0],
          "cubes": [
            { "origin": [-2.5, 2, -1], "size": [1, 0, 2], "uv": [0, 0] }
          ]
        },
        {
          "name": "leg_right",
          "parent": "body",
          "pivot": [-1, 1, 0],
          "cubes": [
            { "origin": [-1.5, 0, -0.5], "size": [1, 1, 1], "uv": [15, 2] }
          ]
        },
        {
          "name": "leg_left",
          "parent": "body",
          "pivot": [1, 1, 0],
          "cubes": [
            { "origin": [0.5, 0, -0.5], "size": [1, 1, 1], "uv": [15, 0] }
          ]
        }
      ]
    }
  ]
}
