{
  "species": "cobblemon:samurott",
  "order": 0,
  "variations": [
    {
      "aspects": [],
      "poser": "cobblemon:samurott",
      "model": "cobblemon:samurott.geo",
      "texture": "cobblemon:textures/pokemon/0503_samurott/samurott.png",
      "layers": []
    },
    {
      "aspects": [
        "shiny"
      ],
      "texture": "cobblemon:textures/pokemon/0503_samurott/samurott_shiny.png"
    },
{
      "aspects": [
        "female"
      ],
      "texture": "cobblemon:textures/pokemon/0503_samurott/samurott_female.png"
    },
{
      "aspects": [
        "shiny","female"
      ],
      "texture": "cobblemon:textures/pokemon/0503_samurott/samurott_female_shiny.png"
    }
  ]
}