{
    "name": "jirachi",
    "nationalPokedexNumber": 385,
    "primaryType": "steel",
    "secondaryType": "psychic",
    "abilities": [
        "serenegrace"
    ],
    "baseStats": {
        "hp": 100,
        "attack": 100,
        "defence": 100,
        "special_attack": 100,
        "special_defence": 100,
        "speed": 100
    },
    "catchRate": 3,
    "maleRatio": -1,
    "shoulderMountable": false,
    "forms": [],
    "baseExperienceYield": 300,
    "experienceGroup": "slow",
    "eggCycles": 120,
    "eggGroups": [
        "undiscovered"
    ],
    "moves": [
        "1:confusion",
        "1:wish",
        "7:swift",
        "14:helpinghand",
        "21:lifedew",
        "25:refresh",
        "28:zenheadbutt",
        "30:luckychant",
        "35:gravity",
        "42:psychic",
        "49:meteormash",
        "56:healingwish",
        "63:rest",
        "70:futuresight",
        "77:doubleedge",
        "84:cosmicpower",
        "91:lastresort",
        "98:doomdesire",
        "tm:aerialace",
        "tm:allyswitch",
        "tm:amnesia",
        "tm:aurasphere",
        "tm:batonpass",
        "tm:bodyslam",
        "tm:calmmind",
        "tm:chargebeam",
        "tm:charm",
        "tm:confide",
        "tm:cosmicpower",
        "tm:dazzlinggleam",
        "tm:doubleteam",
        "tm:drainpunch",
        "tm:dreameater",
        "tm:encore",
        "tm:endure",
        "tm:energyball",
        "tm:facade",
        "tm:firepunch",
        "tm:flash",
        "tm:flashcannon",
        "tm:fling",
        "tm:frustration",
        "tm:futuresight",
        "tm:gigaimpact",
        "tm:grassknot",
        "tm:helpinghand",
        "tm:hiddenpower",
        "tm:hyperbeam",
        "tm:icepunch",
        "tm:icywind",
        "tm:imprison",
        "tm:irondefense",
        "tm:ironhead",
        "tm:lightscreen",
        "tm:magicroom",
        "tm:megakick",
        "tm:megapunch",
        "tm:metronome",
        "tm:naturalgift",
        "tm:playrough",
        "tm:poweruppunch",
        "tm:protect",
        "tm:psychic",
        "tm:psychup",
        "tm:psyshock",
        "tm:raindance",
        "tm:reflect",
        "tm:rest",
        "tm:return",
        "tm:round",
        "tm:safeguard",
        "tm:sandstorm",
        "tm:secretpower",
        "tm:shadowball",
        "tm:skillswap",
        "tm:sleeptalk",
        "tm:snore",
        "tm:stealthrock",
        "tm:storedpower",
        "tm:substitute",
        "tm:sunnyday",
        "tm:swagger",
        "tm:swift",
        "tm:thunder",
        "tm:thunderbolt",
        "tm:thunderpunch",
        "tm:thunderwave",
        "tm:toxic",
        "tm:trick",
        "tm:trickroom",
        "tm:uproar",
        "tm:uturn",
        "tm:zenheadbutt",
        "tutor:ancientpower",
        "tutor:defensecurl",
        "tutor:dynamicpunch",
        "tutor:expandingforce",
        "tutor:headbutt",
        "tutor:magiccoat",
        "tutor:meteorbeam",
        "tutor:mimic",
        "tutor:mudslap",
        "tutor:nightmare",
        "tutor:recycle",
        "tutor:shockwave",
        "tutor:signalbeam",
        "tutor:steelbeam",
        "tutor:telekinesis",
        "tutor:waterpulse"
    ],
    "labels": [
        "gen3",
        "mythical"
    ],
    "pokedex": [
        "cobblemon.species.jirachi.desc1",
        "cobblemon.species.jirachi.desc2"
    ],
    "evolutions": [],
    "baseScale": 0.6,
    "hitbox": {
        "width": 0.5,
        "height": 0.5,
        "fixed": false
    },
    "baseFriendship": 100,
    "evYield": {
        "hp": 3
    },
    "height": 3,
    "weight": 11,
    "implemented": true
}