{
  "format_version": "1.12.0",
  "minecraft:geometry": [
    {
      "description": {
        "identifier": "geometry.polteageist",
        "texture_width": 64,
        "texture_height": 64,
        "visible_bounds_width": 3,
        "visible_bounds_height": 2.5,
        "visible_bounds_offset": [0, 0.75, 0]
      },
      "bones": [
        {
          "name": "polteageist",
          "pivot": [0, 0, 0]
        },
        {
          "name": "body",
          "parent": "polteageist",
          "pivot": [0, 0, 0],
          "rotation": [0, 90, 0]
        },
        {
          "name": "torso",
          "parent": "body",
          "pivot": [0, 10.275, 0],
          "cubes": [
            { "origin": [-3, 4.775, -3], "size": [6, 11, 6], "uv": [0, 22] }
          ]
        },
        {
          "name": "head",
          "parent": "torso",
          "pivot": [0, 15.2737, -0.28356],
          "cubes": [
            {
              "origin": [-2.5, 14.25, -3.25],
              "size": [5, 7, 5],
              "pivot": [0, 18.75, -0.75],
              "rotation": [12.5, 0, 0],
              "uv": [24, 22]
            }
          ]
        },
        {
          "name": "lid",
          "parent": "head",
          "pivot": [0, 20.5, -1],
          "cubes": [
            {
              "origin": [-0.5, 21.75, -1.5],
              "size": [1, 1, 1],
              "uv": [35, 35]
            },
            { "origin": [-1, 22.25, -2], "size": [2, 1, 2], "uv": [45, 4] }
          ]
        },
        {
          "name": "lid_pot1_main",
          "parent": "lid",
          "pivot": [0, 7.75, -1],
          "cubes": [
            {
              "origin": [-7.5, 19.25, -1.5],
              "size": [2, 1, 1],
              "pivot": [0, 19.75, 2.5],
              "rotation": [0, -90, 0],
              "uv": [26, 34]
            },
            { "origin": [-4, 19.25, 2], "size": [7, 1, 1], "uv": [45, 0] },
            {
              "origin": [0.5, 19.25, -1.5],
              "size": [7, 1, 1],
              "pivot": [0, 19.75, 2.5],
              "rotation": [0, 90, 0],
              "uv": [44, 44]
            },
            { "origin": [-3, 19.25, -5], "size": [6, 1, 1], "uv": [45, 2] },
            {
              "origin": [-1.5, 19.25, -1.5],
              "size": [2, 1, 1],
              "pivot": [0, 19.75, 2.5],
              "rotation": [0, -90, 0],
              "uv": [0, 25]
            }
          ]
        },
        {
          "name": "lid_pot2_main",
          "parent": "lid",
          "pivot": [0, 7.75, -1],
          "cubes": [
            { "origin": [-3, 19.75, 1], "size": [6, 2, 1], "uv": [9, 39] },
            { "origin": [-3, 19.75, -3], "size": [1, 2, 4], "uv": [44, 46] },
            { "origin": [-3, 19.75, -4], "size": [5, 2, 1], "uv": [0, 9] },
            { "origin": [2, 19.75, -4], "size": [1, 2, 1], "uv": [25, 22] },
            { "origin": [1.975, 19.75, -1], "size": [1, 1, 2], "uv": [0, 22] },
            { "origin": [-2, 20.75, -3], "size": [5, 1, 4], "uv": [44, 18] }
          ]
        },
        {
          "name": "eye_left",
          "parent": "head",
          "pivot": [2.51, 19.40048, 0.124],
          "cubes": [
            {
              "origin": [2.51, 18.25, -0.25],
              "size": [0, 2, 1],
              "pivot": [6, 18.75, -0.5],
              "rotation": [12.5, 0, 0],
              "uv": [4, 21]
            }
          ]
        },
        {
          "name": "eyelid_left",
          "parent": "eye_left",
          "pivot": [2.41, 19.40048, 0.124],
          "cubes": [
            {
              "origin": [2.41, 18.25, -0.25],
              "size": [0, 2, 1],
              "inflate": 0.01,
              "pivot": [6, 18.75, -0.5],
              "rotation": [12.5, 0, 0],
              "uv": [0, 21]
            }
          ]
        },
        {
          "name": "eye_right",
          "parent": "head",
          "pivot": [2.51, 19.04082, -1.84482],
          "cubes": [
            {
              "origin": [2.51, 18.325, -2.25],
              "size": [0, 2, 1],
              "pivot": [6, 18.75, -0.5],
              "rotation": [12.5, 0, 0],
              "uv": [9, 0]
            }
          ]
        },
        {
          "name": "eyelid_right",
          "parent": "eye_right",
          "pivot": [2.41, 19.04082, -1.84482],
          "cubes": [
            {
              "origin": [2.41, 18.325, -2.25],
              "size": [0, 2, 1],
              "inflate": 0.01,
              "pivot": [6, 18.75, -0.5],
              "rotation": [12.5, 0, 0],
              "uv": [0, 0]
            }
          ]
        },
        {
          "name": "bodypot",
          "parent": "torso",
          "pivot": [0, 5.75, 0]
        },
        {
          "name": "pot",
          "parent": "bodypot",
          "pivot": [0, 5.75, 0],
          "cubes": [
            { "origin": [-6, 5.75, -6], "size": [12, 10, 12], "uv": [0, 0] }
          ]
        },
        {
          "name": "top_pot_main",
          "parent": "pot",
          "pivot": [0, 5.75, 0],
          "cubes": [
            { "origin": [3, 15.75, -3], "size": [1, 1, 7], "uv": [0, 39] },
            { "origin": [-4, 15.75, 3], "size": [7, 1, 1], "uv": [44, 40] },
            { "origin": [-4, 15.75, -4], "size": [1, 1, 7], "uv": [35, 36] },
            { "origin": [-3, 15.75, -4], "size": [7, 1, 1], "uv": [44, 38] }
          ]
        },
        {
          "name": "base_pot_main",
          "parent": "pot",
          "pivot": [0, 5.75, 0]
        },
        {
          "name": "base_pot1_main",
          "parent": "base_pot_main",
          "pivot": [0, 5.75, 0],
          "cubes": [
            { "origin": [-4, 4.25, 3], "size": [7, 2, 1], "uv": [44, 35] },
            { "origin": [-4, 4.25, -4], "size": [1, 2, 7], "uv": [36, 0] },
            { "origin": [-3, 4.25, -4], "size": [7, 2, 1], "uv": [24, 44] },
            { "origin": [3, 4.25, -3], "size": [1, 2, 7], "uv": [26, 34] }
          ]
        },
        {
          "name": "base_pot2_main",
          "parent": "base_pot_main",
          "pivot": [0, 5.75, 0],
          "cubes": [
            { "origin": [4, 3.5, -4], "size": [1, 1, 9], "uv": [35, 25] },
            { "origin": [-5, 3.5, 4], "size": [9, 1, 1], "uv": [39, 23] },
            { "origin": [-5, 3.5, -5], "size": [1, 1, 9], "uv": [15, 34] },
            { "origin": [-4, 3.5, -5], "size": [9, 1, 1], "uv": [36, 9] }
          ]
        },
        {
          "name": "spout",
          "parent": "bodypot",
          "pivot": [0.01005, 11.67313, -7.75],
          "rotation": [0, 90, 0],
          "cubes": [
            {
              "origin": [-2.64204, 7.12059, -9.25],
              "size": [4, 6, 3],
              "pivot": [-0.64204, 10.12059, -7.75],
              "rotation": [0, 0, 15],
              "uv": [13, 44]
            },
            {
              "origin": [-3.0508, 6.24994, -9.251],
              "size": [2, 4, 3],
              "pivot": [-3.0508, 7.24994, -7.75],
              "rotation": [0, 0, 65],
              "uv": [46, 25]
            },
            {
              "origin": [0.19699, 10.29761, -9.251],
              "size": [3, 6, 3],
              "pivot": [1.49865, 13.44981, -7.75],
              "rotation": [0, 0, 52.5],
              "uv": [0, 0]
            }
          ]
        },
        {
          "name": "handle",
          "parent": "bodypot",
          "pivot": [0, 5.5, 0.5],
          "cubes": [
            { "origin": [-1.5, 12, 5.5], "size": [3, 3, 2], "uv": [15, 53] },
            {
              "origin": [-1, 13.25, 6.25],
              "size": [2, 2, 3],
              "pivot": [0, 14.25, 7.75],
              "rotation": [30, 0, 0],
              "uv": [5, 52]
            },
            {
              "origin": [-0.999, 13.51187, 8.23911],
              "size": [2, 2, 3],
              "pivot": [0, 14.51187, 9.73911],
              "rotation": [-15, 0, 0],
              "uv": [52, 4]
            },
            {
              "origin": [-1.001, 12.29053, 9.83079],
              "size": [2, 2, 3],
              "pivot": [0, 13.29053, 11.33079],
              "rotation": [-60, 0, 0],
              "uv": [51, 49]
            },
            {
              "origin": [-0.999, 10.18793, 10.20154],
              "size": [2, 2, 3],
              "pivot": [0, 11.18793, 11.70154],
              "rotation": [-100, 0, 0],
              "uv": [35, 50]
            },
            {
              "origin": [-1.001, 8.18352, 9.1581],
              "size": [2, 2, 3],
              "pivot": [0, 9.18352, 10.6581],
              "rotation": [-135, 0, 0],
              "uv": [48, 11]
            },
            {
              "origin": [-1, 6.84241, 7.05299],
              "size": [2, 2, 4],
              "pivot": [0, 7.84241, 8.55299],
              "rotation": [-160, 0, 0],
              "uv": [36, 44]
            },
            {
              "origin": [-0.999, 5.24754, 3.70659],
              "size": [2, 2, 3],
              "pivot": [0, 6.24754, 5.20659],
              "rotation": [-145, 0, 0],
              "uv": [18, 22]
            }
          ]
        },
        {
          "name": "hand_right",
          "parent": "torso",
          "pivot": [1.10993, 18.00988, -2.69293],
          "cubes": [
            {
              "origin": [0.87829, 17.50742, -3.20661],
              "size": [1, 1, 3],
              "pivot": [0.87829, 17.50742, -2.20661],
              "rotation": [-179.25673, 56.59651, -152.21833],
              "uv": [47, 54]
            }
          ]
        },
        {
          "name": "hand_right2",
          "parent": "hand_right",
          "pivot": [1.98458, 17.52799, -3.49016],
          "cubes": [
            {
              "origin": [2.25, 16.75, -4.25],
              "size": [1, 1, 3],
              "pivot": [2.25, 16.75, -3.25],
              "rotation": [-16.4012, 32.12939, -3.0422],
              "uv": [0, 55]
            }
          ]
        },
        {
          "name": "hand_left",
          "parent": "torso",
          "pivot": [1.21508, 17.78453, 1.46652],
          "cubes": [
            {
              "origin": [1, 17.55, 0.75],
              "size": [1, 1, 3],
              "pivot": [1.5, 18.05, 2.75],
              "rotation": [15.12353, 7.24305, 1.95155],
              "uv": [53, 29]
            }
          ]
        },
        {
          "name": "hand_left2",
          "parent": "hand_left",
          "pivot": [1.99542, 18.14736, 3.26187],
          "cubes": [
            {
              "origin": [2.08352, 17.3338, 1.87536],
              "size": [1, 1, 3],
              "pivot": [2.58352, 17.8338, 2.87536],
              "rotation": [137.58756, 54.6677, 156.11971],
              "uv": [42, 52]
            }
          ]
        },
        {
          "name": "leg_right",
          "parent": "body",
          "pivot": [2.5, 4.25, -2.5],
          "cubes": [
            {
              "origin": [1.75, 0.25, -3.5],
              "size": [2, 6, 2],
              "pivot": [2.75, 3.25, -2.5],
              "rotation": [0, 0, -25],
              "uv": [27, 47]
            }
          ]
        },
        {
          "name": "leg_left",
          "parent": "body",
          "pivot": [2.5, 4.25, 2.5],
          "cubes": [
            {
              "origin": [1.75, 0.25, 1.5],
              "size": [2, 6, 2],
              "pivot": [2.75, 3.25, 2.5],
              "rotation": [0, 0, -25],
              "uv": [0, 47]
            }
          ]
        }
      ]
    }
  ]
}
