{
  "species": "cobblemon:maushold",
  "order": 0,
  "variations": [
    {
      "aspects": [],
      "poser": "cobblemon:maushold",
      "model": "cobblemon:maushold_three.geo",
      "texture": "cobblemon:textures/pokemon/0925_maushold/maushold.png",
      "layers": []
    },
    {
      "aspects": [
        "shiny"
      ],
      "texture": "cobblemon:textures/pokemon/0925_maushold/maushold_shiny.png"
    },
    {
      "aspects": [
        "maushold-family-four"
      ],
      "poser": "cobblemon:mausholdfour",
      "model": "cobblemon:maushold_four.geo",
	  "texture": "cobblemon:textures/pokemon/0925_maushold/maushold_four.png"
    },
	{
      "aspects": [
        "maushold-family-four","shiny"
      ],
      "poser": "cobblemon:mausholdfour",
      "model": "cobblemon:maushold_four.geo",
	  "texture": "cobblemon:textures/pokemon/0925_maushold/maushold_four_shiny.png"
    }
  ]
}