{
  "format_version": "1.12.0",
  "minecraft:geometry": [
    {
      "description": {
        "identifier": "geometry.glastrier",
        "texture_width": 256,
        "texture_height": 256,
        "visible_bounds_width": 11,
        "visible_bounds_height": 8.5,
        "visible_bounds_offset": [0, 3.75, 0]
      },
      "bones": [
        {
          "name": "root",
          "pivot": [0, 0, 0]
        },
        {
          "name": "glastrier",
          "parent": "root",
          "pivot": [0, 0, 0],
          "rotation": [-12, 0, 0]
        },
        {
          "name": "bodymain",
          "parent": "glastrier",
          "pivot": [-0.5, 38.8, -16.4],
          "rotation": [9, 0, 0]
        },
        {
          "name": "body_b",
          "parent": "bodymain",
          "pivot": [-1.5, 34.8, 12.5],
          "rotation": [5, 0, 0],
          "cubes": [
            {
              "origin": [-9.5, 29.32149, 1.39846],
              "size": [19, 15, 17],
              "inflate": -0.01,
              "pivot": [-1.5, 33.1, 10.4],
              "rotation": [4, 0, 0],
              "uv": [59, 58]
            },
            {
              "origin": [-9.5, 28.93277, 18.83854],
              "size": [19, 20, 19],
              "inflate": 1,
              "pivot": [-1.5, 36.9, 26.3],
              "rotation": [-16, 0, 0],
              "uv": [0, 36]
            },
            {
              "origin": [-1.5, 44.53277, 38.93854],
              "size": [3, 3, 11],
              "pivot": [-2.5, 44.5, 44.4],
              "rotation": [26, 0, 0],
              "uv": [199, 68]
            },
            {
              "origin": [-1.5, 44.63277, 46.33854],
              "size": [3, 3, 11],
              "inflate": -0.01,
              "pivot": [-2.5, 44.6, 51.8],
              "rotation": [-24, 0, 0],
              "uv": [198, 54]
            },
            {
              "origin": [-3, 16.93277, 61.83854],
              "size": [6, 0, 6],
              "pivot": [-3, 14.9, 63.3],
              "rotation": [-116, 0, 0],
              "uv": [51, 36]
            },
            {
              "origin": [-2, 40.93277, 56.53854],
              "size": [4, 4, 6],
              "pivot": [-3, 42.9, 58],
              "rotation": [-45, 0, 0],
              "uv": [104, 91]
            },
            {
              "origin": [0, 40.53277, 58.53854],
              "size": [11, 0, 15],
              "pivot": [-3, 40.5, 61],
              "rotation": [-68, 0, 0],
              "uv": [137, 112]
            },
            {
              "origin": [0, 27.73277, 63.23854],
              "size": [11, 0, 15],
              "pivot": [-3, 27.7, 65.7],
              "rotation": [-90, 0, 0],
              "uv": [125, 33]
            },
            {
              "origin": [-11, 27.73277, 63.23854],
              "size": [11, 0, 15],
              "pivot": [3, 27.7, 65.7],
              "rotation": [-90, 0, 0],
              "uv": [121, 97]
            },
            {
              "origin": [-11, 40.53277, 58.53854],
              "size": [11, 0, 15],
              "pivot": [3, 40.5, 61],
              "rotation": [-68, 0, 0],
              "uv": [130, 131]
            },
            {
              "origin": [-9.5, 38.23277, 7.23854],
              "size": [19, 12, 16],
              "pivot": [-1.5, 37.2, 12.7],
              "rotation": [6, 0, 0],
              "uv": [70, 20]
            }
          ]
        },
        {
          "name": "neckhead",
          "parent": "bodymain",
          "pivot": [-0.5, 41.2, -16.4],
          "rotation": [-8, 0, 0]
        },
        {
          "name": "neck",
          "parent": "neckhead",
          "pivot": [-0.5, 43.7, -7.4],
          "rotation": [23, 0, 0],
          "cubes": [
            {
              "origin": [-6.5, 36.53568, -12.17462],
              "size": [13, 12, 13.6],
              "inflate": -0.01,
              "pivot": [-0.5, 43.7, -11.5],
              "rotation": [94.5, 0, 0],
              "uv": [114, 48]
            },
            {
              "origin": [-4.5, 47.93568, -12.67462],
              "size": [9, 14, 16],
              "inflate": 0.2,
              "pivot": [-0.5, 57.1, -12],
              "rotation": [101.5, 0, 0],
              "uv": [102, 101]
            },
            {
              "origin": [-6.5, 35.13568, -7.47462],
              "size": [13, 13, 14],
              "inflate": -0.02,
              "pivot": [-0.5, 44.3, -6.8],
              "rotation": [107.5, 0, 0],
              "uv": [64, 90]
            }
          ]
        },
        {
          "name": "head",
          "parent": "neck",
          "pivot": [-0.5, 66.9, -17.6],
          "cubes": [
            {
              "origin": [-6.5, 60.13568, -17.77462],
              "size": [13, 15, 11],
              "inflate": -0.1,
              "pivot": [-0.5, 71.3, -16.1],
              "rotation": [103.5, 0, 0],
              "uv": [0, 142]
            },
            {
              "origin": [3.5, 65.03568, -15.77462],
              "size": [13, 12, 0],
              "pivot": [9.5, 73.2, -14.1],
              "rotation": [102.17666, -5.87369, 25.37295],
              "uv": [200, 0]
            },
            {
              "origin": [-16.5, 65.03568, -15.77462],
              "size": [13, 12, 0],
              "pivot": [-9.5, 73.2, -14.1],
              "rotation": [102.17666, 5.87369, -25.37295],
              "uv": [194, 42]
            },
            {
              "origin": [-6, 66.53568, -24.87462],
              "size": [12, 8, 7],
              "inflate": -0.2,
              "pivot": [0, 70.7, -23.2],
              "rotation": [85.5, 0, 0],
              "uv": [176, 178]
            },
            {
              "origin": [-5.49253, 64.93568, -27.87462],
              "size": [11, 14, 6],
              "pivot": [-0.49253, 72.1, -26.2],
              "rotation": [124.60968, 0.09006, -0.31407],
              "uv": [171, 91]
            },
            {
              "origin": [-6.5, 70.03568, -20.57462],
              "size": [13, 20, 9],
              "pivot": [-0.5, 79.2, -15.9],
              "rotation": [122.59383, 0, -0.44723],
              "uv": [63, 151]
            },
            {
              "origin": [-3.5, 85.13568, -10.57462],
              "size": [7, 11, 8],
              "pivot": [-0.5, 87.3, -6.9],
              "rotation": [135.59383, 0, -0.44723],
              "uv": [38, 193]
            },
            {
              "origin": [-1.51965, 94.13568, -2.57462],
              "size": [3, 9, 7],
              "pivot": [-0.51965, 94.3, 0.1],
              "rotation": [135.59383, 0, -0.44723],
              "uv": [140, 206]
            },
            {
              "origin": [-0.04746, 89.13568, -1.57462],
              "size": [0, 36, 14],
              "pivot": [-1.04746, 98.3, 5.1],
              "rotation": [135.59383, 0, -0.44723],
              "uv": [44, 103]
            },
            {
              "origin": [-3.5, 75.5265, -8.85905],
              "size": [7, 16, 2],
              "inflate": 0.2,
              "pivot": [-0.5, 73.2, -12.2],
              "rotation": [124.5, 0, 0],
              "uv": [0, 36]
            }
          ]
        },
        {
          "name": "ears_in",
          "parent": "head",
          "pivot": [-4.5, 86, -16.9],
          "rotation": [17, 0, 0],
          "cubes": [
            {
              "origin": [-4.65525, 78.83981, -17.84579],
              "size": [10, 0, 11],
              "pivot": [0.7, 83.6, -16.5],
              "rotation": [149.56046, 58.91074, 54.13283],
              "uv": [178, 54]
            },
            {
              "origin": [-7.95525, 80.23981, -15.14579],
              "size": [10, 0, 11],
              "pivot": [-2.6, 85, -13.8],
              "rotation": [-149.19316, 59.04143, 125.07045],
              "uv": [176, 144]
            },
            {
              "origin": [-5.34475, 78.83981, -17.84579],
              "size": [10, 0, 11],
              "pivot": [-0.7, 83.6, -16.5],
              "rotation": [149.56046, -58.91074, -54.13283],
              "uv": [172, 155]
            },
            {
              "origin": [-2.04475, 80.23981, -15.14579],
              "size": [10, 0, 11],
              "pivot": [2.6, 85, -13.8],
              "rotation": [-149.19316, -59.04143, -125.07045],
              "uv": [172, 166]
            }
          ]
        },
        {
          "name": "ears",
          "parent": "head",
          "pivot": [-4.5, 86.7, -16.7],
          "rotation": [13, 0, 0],
          "cubes": [
            {
              "origin": [-4.55525, 79.53981, -17.54579],
              "size": [10, 0, 11],
              "pivot": [0.8, 84.3, -16.2],
              "rotation": [149.56046, 58.91074, 54.13283],
              "uv": [21, 168]
            },
            {
              "origin": [-7.95525, 80.93981, -14.94579],
              "size": [10, 0, 11],
              "pivot": [-2.6, 85.7, -13.6],
              "rotation": [-149.19316, 59.04143, 125.07045],
              "uv": [156, 144]
            },
            {
              "origin": [-5.44475, 79.53981, -17.54579],
              "size": [10, 0, 11],
              "pivot": [-0.8, 84.3, -16.2],
              "rotation": [149.56046, -58.91074, -54.13283],
              "uv": [19, 106]
            },
            {
              "origin": [-2.04475, 80.93981, -14.94579],
              "size": [10, 0, 11],
              "pivot": [2.6, 85.7, -13.6],
              "rotation": [-149.19316, -59.04143, -125.07045],
              "uv": [99, 0]
            }
          ]
        },
        {
          "name": "ice_right",
          "parent": "head",
          "pivot": [7.7, 80.5, -0.9],
          "rotation": [-18, 30, 0],
          "cubes": [
            {
              "origin": [6.1, 72.33568, 0.32538],
              "size": [0, 29, 14],
              "pivot": [5.1, 81.5, 7],
              "rotation": [119.62758, -2.60835, -1.9298],
              "uv": [107, 150]
            },
            {
              "origin": [3.74826, 80.83033, -1.01323],
              "size": [0, 14, 11],
              "pivot": [2.2, 73.5, 14.9],
              "rotation": [99.23634, 1.29877, -6.77884],
              "uv": [0, 194]
            },
            {
              "origin": [4.46644, 79.68608, 10.18911],
              "size": [0, 14, 11],
              "pivot": [3.2, 73.5, 14.9],
              "rotation": [110.59383, 0, -0.44723],
              "uv": [125, 188]
            },
            {
              "origin": [4.7, 79.03568, -1.77462],
              "size": [3, 11, 7],
              "pivot": [5.7, 79.2, 0.9],
              "rotation": [124.59383, 0, -0.44723],
              "uv": [201, 125]
            }
          ]
        },
        {
          "name": "ice_left",
          "parent": "head",
          "pivot": [-7.7, 80.5, -0.9],
          "rotation": [-18, -30, 0],
          "cubes": [
            {
              "origin": [-4.46644, 79.68608, 10.18911],
              "size": [0, 14, 11],
              "pivot": [-3.2, 73.5, 14.9],
              "rotation": [110.59383, 0, 0.44723],
              "uv": [191, 100]
            },
            {
              "origin": [-3.74826, 80.83033, -1.01323],
              "size": [0, 14, 11],
              "pivot": [-2.2, 73.5, 14.9],
              "rotation": [99.23634, -1.29877, 6.77884],
              "uv": [68, 187]
            },
            {
              "origin": [-7.7, 79.03568, -1.77462],
              "size": [3, 11, 7],
              "pivot": [-5.7, 79.2, 0.9],
              "rotation": [124.59383, 0, 0.44723],
              "uv": [201, 125],
              "mirror": true
            },
            {
              "origin": [-6.1, 72.33568, 0.32538],
              "size": [0, 29, 14],
              "pivot": [-5.1, 81.5, 7],
              "rotation": [119.62758, 2.60835, 1.9298],
              "uv": [107, 150],
              "mirror": true
            }
          ]
        },
        {
          "name": "body_f",
          "parent": "bodymain",
          "pivot": [-1.5, 32.2, -3.3],
          "rotation": [-13, 0, 0],
          "cubes": [
            {
              "origin": [-10.5, 37.28773, -10.26422],
              "size": [21, 14, 22],
              "inflate": 1,
              "pivot": [-1.5, 38.1, -6.2],
              "rotation": [7, 0, 0],
              "uv": [0, 0]
            },
            {
              "origin": [-8.5, 32.43568, -17.07462],
              "size": [17, 7, 12],
              "inflate": -0.01,
              "pivot": [-0.5, 40.6, -16.4],
              "rotation": [78.5, 0, 0],
              "uv": [119, 78]
            },
            {
              "origin": [-8.5, 42.3865, -13.46355],
              "size": [17, 7, 12],
              "pivot": [-0.5, 42.5, -16.5],
              "rotation": [-66.5, 0, 0],
              "uv": [64, 0]
            },
            {
              "origin": [-8.5, 30.47275, -10.67583],
              "size": [17, 16, 15],
              "inflate": -0.01,
              "pivot": [-1.5, 35.5, -2.9],
              "rotation": [-3, 0, 0],
              "uv": [0, 75]
            }
          ]
        },
        {
          "name": "leg",
          "parent": "glastrier",
          "pivot": [13.7, 33.6, 30.1],
          "rotation": [15, 0, 0]
        },
        {
          "name": "leg_b_right",
          "parent": "leg",
          "pivot": [10.5125, 20.58477, 44.71807],
          "cubes": [
            {
              "origin": [7.2, 24.73296, 31.9338],
              "size": [7, 17, 10],
              "inflate": -0.2,
              "pivot": [14.2, 31.8, 34.4],
              "rotation": [29, 0, 0],
              "uv": [167, 117]
            },
            {
              "origin": [7.2, 11.00043, 34.42443],
              "size": [7, 21, 9],
              "inflate": -0.7,
              "pivot": [14.2, 22.7, 35.4],
              "rotation": [-5, 0, 0],
              "uv": [162, 24]
            },
            {
              "origin": [7.8, 14.40043, 31.72443],
              "size": [3, 10, 3],
              "pivot": [13.8, 21.1, 32.7],
              "rotation": [-21.4089, 40.96356, -14.41503],
              "uv": [64, 90]
            },
            {
              "origin": [6.2, 33.96042, 26.71103],
              "size": [8, 20, 14],
              "pivot": [14.2, 44, 31.7],
              "rotation": [8, 0, 0],
              "uv": [72, 117]
            },
            {
              "origin": [5.7, 7.3, 33.7],
              "size": [10, 5, 9],
              "inflate": -0.5,
              "pivot": [6.7, -0.7, 34.7],
              "rotation": [2, 0, 0],
              "uv": [0, 191]
            },
            {
              "origin": [10.9, 6.40903, 31.7261],
              "size": [5, 6, 4],
              "inflate": -0.5,
              "pivot": [13.9, 9.5, 33.2],
              "rotation": [-4.16694, -43.92422, 2.89328],
              "uv": [198, 211]
            },
            {
              "origin": [13.8, 11.40903, 34.0261],
              "size": [2, 5, 0],
              "pivot": [14.8, 12.5, 33.5],
              "rotation": [-19.16237, -72.74502, 15.71392],
              "uv": [79, 48]
            },
            {
              "origin": [12.4, 11.40903, 32.3261],
              "size": [2, 5, 0],
              "pivot": [13.4, 12.5, 31.8],
              "rotation": [-6.19374, -25.518, 0.03164],
              "uv": [55, 75]
            },
            {
              "origin": [5.77798, 6.40903, 31.00016],
              "size": [4, 3, 5],
              "inflate": -0.5,
              "pivot": [7.9, 9.5, 33.2],
              "rotation": [-3.28331, 23.96504, -1.33483],
              "uv": [153, 0]
            },
            {
              "origin": [8.4, 6.40903, 29.7261],
              "size": [4, 5, 4],
              "inflate": -0.5,
              "pivot": [11.4, 9.5, 31.2],
              "rotation": [-7, 0, 0],
              "uv": [42, 212]
            },
            {
              "origin": [9.1, 10.40903, 29.6261],
              "size": [2, 4, 0],
              "pivot": [12.1, 13.5, 31.1],
              "rotation": [-10.0238, 45.5595, -7.19267],
              "uv": [76, 117]
            },
            {
              "origin": [7.5, 10.60903, 27.5261],
              "size": [2, 4, 0],
              "pivot": [10.5, 13.7, 29],
              "rotation": [-170.89387, 39.64258, -174.1612],
              "uv": [72, 117]
            },
            {
              "origin": [8.4, 9.50903, 32.4261],
              "size": [5, 5, 5],
              "inflate": -0.5,
              "pivot": [10.4, 12.6, 34.9],
              "rotation": [-9.38182, 41.61661, -6.26211],
              "uv": [160, 211]
            },
            {
              "origin": [5.7, 6.3, 33.1],
              "size": [10, 3, 7],
              "inflate": -0.52,
              "pivot": [6.7, -0.7, 34.1],
              "rotation": [-1, 0, 0],
              "uv": [194, 32]
            },
            {
              "origin": [5.7, 8.2, 43.6],
              "size": [10, 3, 4],
              "inflate": -0.51,
              "pivot": [6.7, 1.2, 44.6],
              "rotation": [39, 0, 0],
              "uv": [207, 143]
            }
          ]
        },
        {
          "name": "bone22",
          "parent": "leg_b_right",
          "pivot": [6.8, 12.1, 30],
          "rotation": [0, 20, 0],
          "cubes": [
            {
              "origin": [5.12645, 8.82776, 30.74783],
              "size": [2, 4, 0],
              "pivot": [8.4, 11.9, 32.1],
              "rotation": [-10.0238, 45.5595, -7.19267],
              "uv": [0, 115]
            },
            {
              "origin": [3.69765, 9.02776, 28.24472],
              "size": [2, 4, 0],
              "pivot": [6.8, 12.1, 30],
              "rotation": [-170.89387, 39.64258, -174.1612],
              "uv": [58, 112]
            }
          ]
        },
        {
          "name": "leg_b_left",
          "parent": "leg",
          "pivot": [-10.5125, 20.58477, 44.71807],
          "cubes": [
            {
              "origin": [-14.2, 24.73296, 31.9338],
              "size": [7, 17, 10],
              "inflate": -0.2,
              "pivot": [-14.2, 31.8, 34.4],
              "rotation": [29, 0, 0],
              "uv": [165, 63]
            },
            {
              "origin": [-14.2, 11.00043, 34.42443],
              "size": [7, 21, 9],
              "inflate": -0.7,
              "pivot": [-14.2, 22.7, 35.4],
              "rotation": [-5, 0, 0],
              "uv": [151, 155]
            },
            {
              "origin": [-10.8, 14.40043, 31.72443],
              "size": [3, 10, 3],
              "pivot": [-13.8, 21.1, 32.7],
              "rotation": [-21.4089, -40.96356, 14.41503],
              "uv": [0, 75]
            },
            {
              "origin": [-14.2, 33.96042, 26.71103],
              "size": [8, 20, 14],
              "pivot": [-14.2, 44, 31.7],
              "rotation": [8, 0, 0],
              "uv": [0, 106]
            },
            {
              "origin": [-15.7, 7.3, 33.7],
              "size": [10, 5, 9],
              "inflate": -0.5,
              "pivot": [-6.7, -0.7, 34.7],
              "rotation": [2, 0, 0],
              "uv": [61, 184]
            },
            {
              "origin": [-15.9, 6.40903, 31.7261],
              "size": [5, 6, 4],
              "inflate": -0.5,
              "pivot": [-13.9, 9.5, 33.2],
              "rotation": [-4.16694, 43.92422, -2.89328],
              "uv": [180, 211]
            },
            {
              "origin": [-15.8, 11.40903, 34.0261],
              "size": [2, 5, 0],
              "pivot": [-14.8, 12.5, 33.5],
              "rotation": [-19.16237, 72.74502, -15.71392],
              "uv": [15, 0]
            },
            {
              "origin": [-14.4, 11.40903, 32.3261],
              "size": [2, 5, 0],
              "pivot": [-13.4, 12.5, 31.8],
              "rotation": [-6.19374, 25.518, -0.03164],
              "uv": [0, 0]
            },
            {
              "origin": [-9.77798, 6.40903, 31.00016],
              "size": [4, 3, 5],
              "inflate": -0.5,
              "pivot": [-7.9, 9.5, 33.2],
              "rotation": [-3.28331, -23.96504, 1.33483],
              "uv": [98, 151]
            },
            {
              "origin": [-12.4, 6.40903, 29.7261],
              "size": [4, 5, 4],
              "inflate": -0.5,
              "pivot": [-11.4, 9.5, 31.2],
              "rotation": [-7, 0, 0],
              "uv": [90, 180]
            },
            {
              "origin": [-11.1, 10.40903, 29.6261],
              "size": [2, 4, 0],
              "pivot": [-12.1, 13.5, 31.1],
              "rotation": [-10.0238, -45.5595, 7.19267],
              "uv": [54, 112]
            },
            {
              "origin": [-9.5, 10.60903, 27.5261],
              "size": [2, 4, 0],
              "pivot": [-10.5, 13.7, 29],
              "rotation": [-170.89387, -39.64258, 174.1612],
              "uv": [55, 80]
            },
            {
              "origin": [-13.4, 9.50903, 32.4261],
              "size": [5, 5, 5],
              "inflate": -0.5,
              "pivot": [-10.4, 12.6, 34.9],
              "rotation": [-9.38182, -41.61661, 6.26211],
              "uv": [209, 188]
            },
            {
              "origin": [-15.7, 6.3, 33.1],
              "size": [10, 3, 7],
              "inflate": -0.52,
              "pivot": [-6.7, -0.7, 34.1],
              "rotation": [-1, 0, 0],
              "uv": [76, 48]
            },
            {
              "origin": [-15.7, 8.2, 43.6],
              "size": [10, 3, 4],
              "inflate": -0.51,
              "pivot": [-6.7, 1.2, 44.6],
              "rotation": [39, 0, 0],
              "uv": [153, 54]
            }
          ]
        },
        {
          "name": "bone23",
          "parent": "leg_b_left",
          "pivot": [-6.8, 12.1, 30],
          "rotation": [0, -20, 0],
          "cubes": [
            {
              "origin": [-7.12645, 8.82776, 30.74783],
              "size": [2, 4, 0],
              "pivot": [-8.4, 11.9, 32.1],
              "rotation": [-10.0238, -45.5595, 7.19267],
              "uv": [50, 112]
            },
            {
              "origin": [-5.69765, 9.02776, 28.24472],
              "size": [2, 4, 0],
              "pivot": [-6.8, 12.1, 30],
              "rotation": [-170.89387, -39.64258, 174.1612],
              "uv": [55, 84]
            }
          ]
        },
        {
          "name": "leg_f_right",
          "parent": "leg",
          "pivot": [14.3, 17.2, -8.4],
          "cubes": [
            {
              "origin": [8.3, 12.40787, -14.81716],
              "size": [5, 17, 5],
              "inflate": 0.58,
              "pivot": [14.3, 17.2, -13.9],
              "rotation": [-12, 0, 0],
              "uv": [203, 150]
            },
            {
              "origin": [8.3, 12.17962, -10.48913],
              "size": [5, 13, 5],
              "inflate": -0.01,
              "pivot": [14.3, 17.2, -9.6],
              "rotation": [3, 0, 0],
              "uv": [22, 207]
            },
            {
              "origin": [6.3, 9.16042, -13.78897],
              "size": [9, 9, 8],
              "pivot": [14.3, 14.2, -11.9],
              "rotation": [-3, 0, 0],
              "uv": [91, 193]
            },
            {
              "origin": [15.7, 9.56042, -14.38897],
              "size": [5, 7, 3],
              "pivot": [18.7, 14.6, -17.5],
              "rotation": [-7.39423, -46.91586, 3.21227],
              "uv": [135, 174]
            },
            {
              "origin": [9.2, 9.56042, -18.48897],
              "size": [5, 9, 5],
              "pivot": [12.2, 14.6, -21.6],
              "rotation": [-7.50046, -0.99863, 0.05234],
              "uv": [105, 210]
            },
            {
              "origin": [2.8, 9.56042, -16.18897],
              "size": [5, 7, 3],
              "pivot": [5.8, 14.6, -20.3],
              "rotation": [-3.19215, 19.97142, -1.09128],
              "uv": [135, 164]
            },
            {
              "origin": [5.3, 9.16042, -14.18897],
              "size": [11, 6, 8],
              "pivot": [14.3, 14.2, -12.3],
              "rotation": [-3, 0, 0],
              "uv": [127, 185]
            },
            {
              "origin": [5.3, 7.56042, -8.38897],
              "size": [11, 5, 3],
              "inflate": -0.1,
              "pivot": [14.3, 12.6, -10.5],
              "rotation": [24, 0, 0],
              "uv": [207, 172]
            }
          ]
        },
        {
          "name": "bone6",
          "parent": "leg_f_right",
          "pivot": [14.3, 22.8, -10.9],
          "cubes": [
            {
              "origin": [7.3, 36.16042, -15.28897],
              "size": [7, 18, 15],
              "pivot": [14.3, 46.2, -9.3],
              "rotation": [8, 0, 0],
              "uv": [116, 131]
            }
          ]
        },
        {
          "name": "bone7",
          "parent": "bone6",
          "pivot": [14.3, 38.3, -9.9],
          "cubes": [
            {
              "origin": [7.3, 29.66042, -11.88897],
              "size": [7, 14, 9],
              "inflate": -0.2,
              "pivot": [14.3, 37.7, -10.9],
              "rotation": [-15, 0, 0],
              "uv": [168, 0]
            }
          ]
        },
        {
          "name": "bone8",
          "parent": "bone7",
          "pivot": [14.3, 21.7, -11.8],
          "rotation": [-7, 0, 0],
          "cubes": [
            {
              "origin": [7.3, 21.53948, -13.80166],
              "size": [7, 10, 8],
              "inflate": -1,
              "pivot": [14.3, 27.8, -11.5],
              "rotation": [10, 0, 0],
              "uv": [187, 193]
            }
          ]
        },
        {
          "name": "bone17",
          "parent": "leg_f_right",
          "pivot": [16.1, 21.6, -21.7],
          "cubes": [
            {
              "origin": [5.2, 18.56042, -15.58897],
              "size": [3, 6, 0],
              "pivot": [7.2, 21.6, -21.7],
              "rotation": [-16.12343, 35.90129, -9.62091],
              "uv": [6, 112]
            },
            {
              "origin": [15.1, 18.56042, -15.58897],
              "size": [3, 6, 0],
              "pivot": [16.1, 21.6, -21.7],
              "rotation": [-16.12343, -35.90129, 9.62091],
              "uv": [56, 106]
            }
          ]
        },
        {
          "name": "bone18",
          "parent": "bone17",
          "pivot": [22.1, 19.6, -14],
          "rotation": [0, -49, 0],
          "cubes": [
            {
              "origin": [11.2, 16.56042, -8.18897],
              "size": [3, 9, 0],
              "pivot": [13.2, 19.6, -14.3],
              "rotation": [-9.95814, 36.36384, -3.48319],
              "uv": [0, 106]
            },
            {
              "origin": [21.1, 16.16042, -8.18897],
              "size": [3, 9, 0],
              "pivot": [22.1, 19.2, -14.3],
              "rotation": [-10.01476, -36.7971, 8.49793],
              "uv": [49, 75]
            }
          ]
        },
        {
          "name": "bone16",
          "parent": "leg_f_right",
          "pivot": [9.3, 19.2, -21.7],
          "rotation": [0, 22, 0],
          "cubes": [
            {
              "origin": [-1.6, 16.16042, -15.58897],
              "size": [3, 6, 0],
              "pivot": [0.4, 19.2, -21.7],
              "rotation": [-16.12343, 35.90129, -9.62091],
              "uv": [6, 106]
            },
            {
              "origin": [8.3, 16.16042, -15.58897],
              "size": [3, 6, 0],
              "pivot": [9.3, 19.2, -21.7],
              "rotation": [-16.12343, -35.90129, 9.62091],
              "uv": [50, 106]
            }
          ]
        },
        {
          "name": "leg_f_left",
          "parent": "leg",
          "pivot": [-14.3, 17.2, -8.4],
          "cubes": [
            {
              "origin": [-13.3, 12.40787, -14.81716],
              "size": [5, 17, 5],
              "inflate": 0.58,
              "pivot": [-14.3, 17.2, -13.9],
              "rotation": [-12, 0, 0],
              "uv": [0, 0]
            },
            {
              "origin": [-13.3, 12.17962, -10.48913],
              "size": [5, 13, 5],
              "inflate": -0.01,
              "pivot": [-14.3, 17.2, -9.6],
              "rotation": [3, 0, 0],
              "uv": [205, 82]
            },
            {
              "origin": [-15.3, 9.16042, -13.78897],
              "size": [9, 9, 8],
              "pivot": [-14.3, 14.2, -11.9],
              "rotation": [-3, 0, 0],
              "uv": [192, 15]
            },
            {
              "origin": [-20.7, 9.56042, -14.38897],
              "size": [5, 7, 3],
              "pivot": [-18.7, 14.6, -17.5],
              "rotation": [-7.39423, 46.91586, -3.21227],
              "uv": [110, 48]
            },
            {
              "origin": [-14.2, 9.56042, -18.48897],
              "size": [5, 9, 5],
              "pivot": [-12.2, 14.6, -21.6],
              "rotation": [-7.50046, 0.99863, -0.05234],
              "uv": [85, 210]
            },
            {
              "origin": [-7.8, 9.56042, -16.18897],
              "size": [5, 7, 3],
              "pivot": [-5.8, 14.6, -20.3],
              "rotation": [-3.19215, -19.97142, 1.09128],
              "uv": [57, 45]
            },
            {
              "origin": [-16.3, 9.16042, -14.18897],
              "size": [11, 6, 8],
              "pivot": [-14.3, 14.2, -12.3],
              "rotation": [-3, 0, 0],
              "uv": [32, 179]
            },
            {
              "origin": [-16.3, 7.56042, -8.38897],
              "size": [11, 5, 3],
              "inflate": -0.1,
              "pivot": [-14.3, 12.6, -10.5],
              "rotation": [24, 0, 0],
              "uv": [205, 100]
            }
          ]
        },
        {
          "name": "bone11",
          "parent": "leg_f_left",
          "pivot": [-14.3, 22.8, -10.9],
          "cubes": [
            {
              "origin": [-14.3, 36.16042, -15.28897],
              "size": [7, 18, 15],
              "pivot": [-14.3, 46.2, -9.3],
              "rotation": [8, 0, 0],
              "uv": [124, 0]
            }
          ]
        },
        {
          "name": "bone12",
          "parent": "bone11",
          "pivot": [-14.3, 38.3, -9.9],
          "cubes": [
            {
              "origin": [-14.3, 29.66042, -11.88897],
              "size": [7, 14, 9],
              "inflate": -0.2,
              "pivot": [-14.3, 37.7, -10.9],
              "rotation": [-15, 0, 0],
              "uv": [0, 168]
            }
          ]
        },
        {
          "name": "bone13",
          "parent": "bone12",
          "pivot": [-14.3, 21.7, -11.8],
          "rotation": [-7, 0, 0],
          "cubes": [
            {
              "origin": [-14.3, 21.53948, -13.80166],
              "size": [7, 10, 8],
              "inflate": -1,
              "pivot": [-14.3, 27.8, -11.5],
              "rotation": [10, 0, 0],
              "uv": [157, 193]
            }
          ]
        },
        {
          "name": "bone19",
          "parent": "leg_f_left",
          "pivot": [-16.1, 21.6, -21.7],
          "cubes": [
            {
              "origin": [-8.2, 18.56042, -15.58897],
              "size": [3, 6, 0],
              "pivot": [-7.2, 21.6, -21.7],
              "rotation": [-16.12343, -35.90129, 9.62091],
              "uv": [104, 90]
            },
            {
              "origin": [-18.1, 18.56042, -15.58897],
              "size": [3, 6, 0],
              "pivot": [-16.1, 21.6, -21.7],
              "rotation": [-16.12343, 35.90129, -9.62091],
              "uv": [103, 48]
            }
          ]
        },
        {
          "name": "bone20",
          "parent": "bone19",
          "pivot": [-22.1, 19.6, -14],
          "rotation": [0, 49, 0],
          "cubes": [
            {
              "origin": [-14.2, 16.56042, -8.18897],
              "size": [3, 9, 0],
              "pivot": [-13.2, 19.6, -14.3],
              "rotation": [-9.95814, -36.36384, 3.48319],
              "uv": [70, 0]
            },
            {
              "origin": [-24.1, 16.16042, -8.18897],
              "size": [3, 9, 0],
              "pivot": [-22.1, 19.2, -14.3],
              "rotation": [-10.01476, 36.7971, -8.49793],
              "uv": [64, 0]
            }
          ]
        },
        {
          "name": "bone21",
          "parent": "leg_f_left",
          "pivot": [-9.3, 19.2, -21.7],
          "rotation": [0, -22, 0],
          "cubes": [
            {
              "origin": [-1.4, 16.16042, -15.58897],
              "size": [3, 6, 0],
              "pivot": [-0.4, 19.2, -21.7],
              "rotation": [-16.12343, -35.90129, 9.62091],
              "uv": [49, 84]
            },
            {
              "origin": [-11.3, 16.16042, -15.58897],
              "size": [3, 6, 0],
              "pivot": [-9.3, 19.2, -21.7],
              "rotation": [-16.12343, 35.90129, -9.62091],
              "uv": [73, 48]
            }
          ]
        }
      ]
    }
  ]
}
