{
  "format_version": "1.12.0",
  "minecraft:geometry": [
    {
      "description": {
        "identifier": "geometry.tapukoko",
        "texture_width": 128,
        "texture_height": 128,
        "visible_bounds_width": 7,
        "visible_bounds_height": 5.5,
        "visible_bounds_offset": [0, 2.25, 0]
      },
      "bones": [
        {
          "name": "tapukoko",
          "pivot": [0, 0, 0]
        },
        {
          "name": "full_body",
          "parent": "tapukoko",
          "pivot": [1, 14, 0]
        },
        {
          "name": "body",
          "parent": "full_body",
          "pivot": [1, 14, 0],
          "cubes": [
            { "origin": [-6, 27, -5], "size": [12, 7, 11], "uv": [21, 27] },
            { "origin": [6, 26, -3], "size": [2, 7, 7], "uv": [70, 95] },
            { "origin": [-8, 26, -3], "size": [2, 7, 7], "uv": [52, 94] },
            { "origin": [-3, 40, -2], "size": [6, 2, 4], "uv": [106, 88] }
          ]
        },
        {
          "name": "leftarm",
          "parent": "body",
          "pivot": [9, 29.5, 0.5],
          "rotation": [0, 15, 0],
          "cubes": [
            { "origin": [7, 29, -1], "size": [8, 3, 3], "uv": [104, 16] }
          ]
        },
        {
          "name": "bone",
          "parent": "leftarm",
          "pivot": [15.69158, 29.5, 0.5],
          "rotation": [0, 47.5, 0],
          "cubes": [
            { "origin": [15, 29, -1], "size": [7, 3, 3], "uv": [68, 10] }
          ]
        },
        {
          "name": "shell",
          "parent": "leftarm",
          "pivot": [24.23826, 44.98426, 0.47411],
          "cubes": [
            {
              "origin": [15, 29, -9],
              "size": [13, 18, 2],
              "pivot": [22, 29.5, -8],
              "rotation": [-5, 0, 0],
              "uv": [60, 45]
            },
            {
              "origin": [16, 26.95832, -8.04548],
              "size": [13, 4, 1],
              "pivot": [21.5, 28.95832, -7.54548],
              "rotation": [-4.92442, -0.86717, -9.96271],
              "uv": [16, 91]
            },
            {
              "origin": [26, 29, -7],
              "size": [6, 18, 2],
              "pivot": [29, 29, -6],
              "rotation": [-5, -62.5, 0],
              "uv": [88, 10]
            },
            {
              "origin": [24.26057, 46.89535, -6.53029],
              "size": [6, 8, 2],
              "pivot": [27.26057, 46.41438, -5.09451],
              "rotation": [-17.5, -62.5, 0],
              "uv": [57, 109]
            },
            {
              "origin": [26, 29, 6],
              "size": [6, 18, 2],
              "pivot": [29, 29, 7],
              "rotation": [5, 62.5, 0],
              "uv": [82, 75]
            },
            {
              "origin": [24.26057, 46.89535, 5.53029],
              "size": [6, 8, 2],
              "pivot": [27.26057, 46.41438, 6.09451],
              "rotation": [17.5, 62.5, 0],
              "uv": [104, 108]
            },
            {
              "origin": [15, 46.89916, -7.56193],
              "size": [11, 8, 2],
              "pivot": [20.5, 45.91819, -6.12615],
              "rotation": [-17.5, 0, 0],
              "uv": [86, 34]
            },
            {
              "origin": [15, 29, 8],
              "size": [13, 18, 2],
              "pivot": [21.5, 29, 9],
              "rotation": [5, 0, 0],
              "uv": [30, 45]
            },
            {
              "origin": [16, 26.95642, 8.0019],
              "size": [13, 4, 1],
              "pivot": [21.5, 28.95642, 8.5019],
              "rotation": [4.92442, 0.86717, -9.96271],
              "uv": [90, 59]
            },
            {
              "origin": [15, 46.90106, 6.4312],
              "size": [11, 8, 2],
              "pivot": [21.5, 46.91628, 7.08257],
              "rotation": [17.5, 0, 0],
              "uv": [90, 44]
            },
            {
              "origin": [29, 29, -3],
              "size": [2, 19, 7],
              "pivot": [32, 29.5, 0.5],
              "rotation": [0, 0, -5],
              "uv": [48, 65]
            },
            {
              "origin": [26.66764, 46.4994, -2],
              "size": [3, 9, 5],
              "pivot": [27.01501, 47.04218, 0.5],
              "rotation": [0, 0, -20],
              "uv": [88, 98]
            },
            {
              "origin": [29.66764, 46.4994, 0],
              "size": [8, 9, 0],
              "pivot": [27.01501, 47.04218, 0.5],
              "rotation": [0, 0, -20],
              "uv": [14, 110]
            },
            {
              "origin": [24.17537, 55.08326, -5],
              "size": [2, 10, 3],
              "pivot": [25.10602, 54.96074, 0.5],
              "rotation": [0, 0, -95],
              "uv": [114, 33]
            },
            {
              "origin": [24.17537, 55.08326, -2],
              "size": [2, 7, 5],
              "pivot": [25.10602, 54.96074, 0.5],
              "rotation": [0, 0, -95],
              "uv": [43, 106]
            },
            {
              "origin": [24.17537, 55.08326, 3],
              "size": [2, 10, 3],
              "pivot": [25.10602, 54.96074, 0.5],
              "rotation": [0, 0, -95],
              "uv": [0, 113]
            }
          ]
        },
        {
          "name": "bone4",
          "parent": "shell",
          "pivot": [22, 26.5, -8],
          "cubes": [
            {
              "origin": [15, 26.03977, -15.8805],
              "size": [4, 3, 7],
              "pivot": [17.5, 27.8884, -8.39572],
              "rotation": [-25, 0, 0],
              "uv": [94, 0]
            },
            {
              "origin": [15, 30.02455, -15.53188],
              "size": [4, 3, 7],
              "pivot": [17.5, 31.87317, -8.0471],
              "rotation": [12.5, 0, 0],
              "uv": [92, 64]
            }
          ]
        },
        {
          "name": "leftarm2",
          "parent": "body",
          "pivot": [-9, 29.5, 0.5],
          "rotation": [0, 165, 0],
          "cubes": [
            { "origin": [-11, 29, -1], "size": [8, 3, 3], "uv": [104, 10] }
          ]
        },
        {
          "name": "bone3",
          "parent": "leftarm2",
          "pivot": [5.72661, 44.44747, -3.49429]
        },
        {
          "name": "shell2",
          "parent": "bone3",
          "pivot": [8.72661, 44.44747, -3.49429],
          "cubes": [
            {
              "origin": [0, 29, -13],
              "size": [13, 18, 2],
              "pivot": [7, 29.5, -12],
              "rotation": [-5, 0, 0],
              "uv": [0, 45]
            },
            {
              "origin": [1, 26.95832, -12.04548],
              "size": [13, 4, 1],
              "pivot": [6.5, 28.95832, -11.54548],
              "rotation": [-4.92442, -0.86717, -9.96271],
              "uv": [90, 54]
            },
            {
              "origin": [11, 29, -11],
              "size": [6, 18, 2],
              "pivot": [14, 29, -10],
              "rotation": [-5, -62.5, 0],
              "uv": [0, 81]
            },
            {
              "origin": [9.26057, 46.89535, -10.53029],
              "size": [6, 8, 2],
              "pivot": [12.26057, 46.41438, -9.09451],
              "rotation": [-17.5, -62.5, 0],
              "uv": [104, 98]
            },
            {
              "origin": [11, 29, 2],
              "size": [6, 18, 2],
              "pivot": [14, 29, 3],
              "rotation": [5, 62.5, 0],
              "uv": [66, 75]
            },
            {
              "origin": [9.26057, 46.89535, 1.53029],
              "size": [6, 8, 2],
              "pivot": [12.26057, 46.41438, 2.09451],
              "rotation": [17.5, 62.5, 0],
              "uv": [32, 101]
            },
            {
              "origin": [0, 46.89916, -11.56193],
              "size": [11, 8, 2],
              "pivot": [5.5, 45.91819, -10.12615],
              "rotation": [-17.5, 0, 0],
              "uv": [68, 0]
            },
            {
              "origin": [0, 29, 4],
              "size": [13, 18, 2],
              "pivot": [6.5, 29, 5],
              "rotation": [5, 0, 0],
              "uv": [38, 0]
            },
            {
              "origin": [1, 26.95642, 4.0019],
              "size": [13, 4, 1],
              "pivot": [6.5, 28.95642, 4.5019],
              "rotation": [4.92442, 0.86717, -9.96271],
              "uv": [32, 20]
            },
            {
              "origin": [0, 46.90106, 2.4312],
              "size": [11, 8, 2],
              "pivot": [6.5, 46.91628, 3.08257],
              "rotation": [17.5, 0, 0],
              "uv": [66, 65]
            },
            {
              "origin": [14, 29, -7],
              "size": [2, 19, 7],
              "pivot": [17, 29.5, -3.5],
              "rotation": [0, 0, -5],
              "uv": [30, 65]
            },
            {
              "origin": [11.66764, 46.4994, -6],
              "size": [3, 9, 5],
              "pivot": [12.01501, 47.04218, -3.5],
              "rotation": [0, 0, -20],
              "uv": [98, 74]
            },
            {
              "origin": [14.66764, 46.4994, -3],
              "size": [8, 9, 0],
              "pivot": [12.01501, 47.04218, -3.5],
              "rotation": [0, 0, -20],
              "uv": [67, 36]
            },
            {
              "origin": [9.17537, 55.08326, -9],
              "size": [2, 10, 3],
              "pivot": [10.10602, 54.96074, -3.5],
              "rotation": [0, 0, -95],
              "uv": [85, 112]
            },
            {
              "origin": [9.17537, 55.08326, -6],
              "size": [2, 7, 5],
              "pivot": [10.10602, 54.96074, -3.5],
              "rotation": [0, 0, -95],
              "uv": [0, 101]
            },
            {
              "origin": [9.17537, 55.08326, -1],
              "size": [2, 10, 3],
              "pivot": [10.10602, 54.96074, -3.5],
              "rotation": [0, 0, -95],
              "uv": [30, 111]
            }
          ]
        },
        {
          "name": "bone5",
          "parent": "bone3",
          "pivot": [2.38407, 30.96341, 8.70697],
          "rotation": [0, 180, 0],
          "cubes": [
            {
              "origin": [0.38407, 27.03977, 4.83469],
              "size": [4, 3, 7],
              "pivot": [2.38407, 28.8884, 12.31947],
              "rotation": [-25, 0, 0],
              "uv": [91, 88]
            },
            {
              "origin": [0.38407, 31.02455, 5.18332],
              "size": [4, 3, 7],
              "pivot": [2.38407, 32.87317, 12.6681],
              "rotation": [12.5, 0, 0],
              "uv": [37, 91]
            }
          ]
        },
        {
          "name": "bone2",
          "parent": "leftarm2",
          "pivot": [-2.5, 30.5, 0.5],
          "rotation": [0, -47.5, 0],
          "cubes": [
            { "origin": [-3, 29, -1], "size": [7, 3, 3], "uv": [0, 38] }
          ]
        },
        {
          "name": "head",
          "parent": "body",
          "pivot": [0, 33, 0.70442],
          "cubes": [
            { "origin": [-4, 33, -4], "size": [8, 8, 8], "uv": [56, 20] },
            {
              "origin": [0, 40, -7],
              "size": [0, 15, 16],
              "pivot": [0, 47.5, -5],
              "rotation": [0, -10, 0],
              "uv": [0, 0]
            },
            {
              "origin": [0, 40, -7],
              "size": [0, 15, 16],
              "pivot": [0, 47.5, -5],
              "rotation": [0, 10, 0],
              "uv": [0, 0]
            },
            { "origin": [0, 33, -7], "size": [0, 22, 16], "uv": [0, 0] }
          ]
        },
        {
          "name": "righteye",
          "parent": "head",
          "pivot": [2.9, 37.75, -4.15],
          "rotation": [0, 0, -25],
          "cubes": [
            { "origin": [1, 36, -4.1], "size": [2, 2, 0], "uv": [0, 4] },
            { "origin": [1.3, 38, -4.2], "size": [3, 1, 0], "uv": [0, 1] }
          ]
        },
        {
          "name": "lefteye",
          "parent": "head",
          "pivot": [-2.9, 37.75, -4.15],
          "rotation": [0, 0, 25],
          "cubes": [
            { "origin": [-3, 36, -4.1], "size": [2, 2, 0], "uv": [0, 2] },
            { "origin": [-4.3, 38, -4.2], "size": [3, 1, 0], "uv": [0, 0] }
          ]
        },
        {
          "name": "tail",
          "parent": "body",
          "pivot": [0.5, 25.5, 0.5],
          "cubes": [
            { "origin": [-4, 18, -3], "size": [8, 9, 7], "uv": [0, 65] },
            { "origin": [-5, 13, -4], "size": [10, 5, 9], "uv": [0, 0] },
            { "origin": [0, 14, -5], "size": [0, 8, 2], "uv": [60, 18] },
            { "origin": [-3, 10, -2], "size": [6, 3, 5], "uv": [99, 25] }
          ]
        },
        {
          "name": "bone6",
          "parent": "tail",
          "pivot": [0, 16.5, -3],
          "rotation": [-17.5, 0, 0],
          "cubes": [
            { "origin": [-2, 6, -4], "size": [4, 11, 2], "uv": [73, 109] }
          ]
        },
        {
          "name": "bone7",
          "parent": "tail",
          "pivot": [0, 12.5, 4],
          "rotation": [20, 0, 0],
          "cubes": [
            { "origin": [-3, 1, 3], "size": [6, 12, 2], "uv": [16, 96] }
          ]
        },
        {
          "name": "bone9",
          "parent": "tail",
          "pivot": [4, 13.5, 0.5],
          "rotation": [0, 0, -30],
          "cubes": [
            { "origin": [3, 4, -1], "size": [2, 9, 3], "uv": [114, 76] }
          ]
        },
        {
          "name": "bone8",
          "parent": "tail",
          "pivot": [-4, 13.5, 0.5],
          "rotation": [0, 0, 32.5],
          "cubes": [
            { "origin": [-5, 4, -1], "size": [2, 9, 3], "uv": [114, 64] }
          ]
        }
      ]
    }
  ]
}
