{
  "implemented": true,
  "name": "Toxicroak",
  "nationalPokedexNumber": 454,
  "primaryType": "poison",
  "secondaryType": "fighting",
  "abilities": [
    "anticipation",
    "dryskin",
    "h:poisontouch"
  ],
  "baseStats": {
    "hp": 83,
    "attack": 106,
    "defence": 65,
    "special_attack": 86,
    "special_defence": 65,
    "speed": 85
  },
  "behaviour": {
    "resting": {
      "canSleep": true,
      "willSleepOnBed": false,
      "depth": "normal",
      "light": "0-4"
    }
  },
  "catchRate": 75,
  "maleRatio": 0.5,
  "shoulderMountable": false,
  "baseExperienceYield": 172,
  "experienceGroup": "medium_fast",
  "eggCycles": 20,
  "eggGroups": [
    "human_like"
  ],
  "moves": [
    "1:astonish",
    "1:mudslap",
    "1:poisonsting",
    "10:taunt",
    "15:pursuit",
    "16:lowkick",
    "17:feintattack",
    "22:revenge",
    "24:swagger",
    "29:mudbomb",
    "31:suckerpunch",
    "36:nastyplot",
    "36:toxic",
    "36:venoshock",
    "41:poisonjab",
    "49:sludgebomb",
    "54:flatter",
    "58:belch",
    "tm:acidspray",
    "tm:aerialace",
    "tm:assurance",
    "tm:attract",
    "tm:batonpass",
    "tm:bounce",
    "tm:brickbreak",
    "tm:bulkup",
    "tm:bulldoze",
    "tm:captivate",
    "tm:chillingwater",
    "tm:closecombat",
    "tm:confide",
    "tm:crosspoison",
    "tm:cut",
    "tm:darkpulse",
    "tm:dig",
    "tm:doubleteam",
    "tm:drainpunch",
    "tm:earthquake",
    "tm:embargo",
    "tm:encore",
    "tm:endure",
    "tm:facade",
    "tm:fling",
    "tm:focusblast",
    "tm:focuspunch",
    "tm:foulplay",
    "tm:frustration",
    "tm:gigaimpact",
    "tm:gunkshot",
    "tm:helpinghand",
    "tm:hiddenpower",
    "tm:hyperbeam",
    "tm:icepunch",
    "tm:icywind",
    "tm:lowkick",
    "tm:lowsweep",
    "tm:megakick",
    "tm:megapunch",
    "tm:mudshot",
    "tm:mudslap",
    "tm:nastyplot",
    "tm:naturalgift",
    "tm:payback",
    "tm:poisonjab",
    "tm:poweruppunch",
    "tm:protect",
    "tm:raindance",
    "tm:rest",
    "tm:retaliate",
    "tm:return",
    "tm:revenge",
    "tm:reversal",
    "tm:rockclimb",
    "tm:rockslide",
    "tm:rocksmash",
    "tm:rocktomb",
    "tm:round",
    "tm:scaryface",
    "tm:screech",
    "tm:secretpower",
    "tm:shadowball",
    "tm:shadowclaw",
    "tm:sleeptalk",
    "tm:sludgebomb",
    "tm:sludgewave",
    "tm:snatch",
    "tm:snore",
    "tm:stoneedge",
    "tm:strength",
    "tm:substitute",
    "tm:sunnyday",
    "tm:swagger",
    "tm:swordsdance",
    "tm:takedown",
    "tm:taunt",
    "tm:terablast",
    "tm:thief",
    "tm:throatchop",
    "tm:thunderpunch",
    "tm:torment",
    "tm:toxic",
    "tm:venomdrench",
    "tm:venoshock",
    "tm:workup",
    "tm:xscissor",
    "tutor:bounce",
    "tutor:coaching",
    "tutor:corrosivegas",
    "tutor:darkpulse",
    "tutor:drainpunch",
    "tutor:dualchop",
    "tutor:focuspunch",
    "tutor:foulplay",
    "tutor:furycutter",
    "tutor:gunkshot",
    "tutor:headbutt",
    "tutor:helpinghand",
    "tutor:icepunch",
    "tutor:icywind",
    "tutor:knockoff",
    "tutor:lashout",
    "tutor:lowkick",
    "tutor:mudslap",
    "tutor:roleplay",
    "tutor:sleeptalk",
    "tutor:snatch",
    "tutor:snore",
    "tutor:spite",
    "tutor:suckerpunch",
    "tutor:superfang",
    "tutor:throatchop",
    "tutor:thunderpunch",
    "tutor:vacuumwave"
  ],
  "labels": [
    "gen4"
  ],
  "pokedex": [
    "cobblemon.species.toxicroak.desc"
  ],
  "preEvolution": "croagunk",
  "evolutions": [],
  "baseScale": 1,
  "hitbox": {
    "width": 0.88,
    "height": 1.8,
    "fixed": false
  },
  "baseFriendship": 50,
  "evYield": {
    "hp": 0,
    "attack": 2,
    "defence": 0,
    "special_attack": 0,
    "special_defence": 0,
    "speed": 0
  },
  "height": 13,
  "weight": 444,
  "aspects": [],
  "cannotDynamax": false
}