{
  "format_version": "1.12.0",
  "minecraft:geometry": [
    {
      "description": {
        "identifier": "geometry.houndstone",
        "texture_width": 256,
        "texture_height": 256,
        "visible_bounds_width": 8,
        "visible_bounds_height": 6.5,
        "visible_bounds_offset": [0, 2.75, 0]
      },
      "bones": [
        {
          "name": "houndstone",
          "pivot": [0, 0, 0]
        },
        {
          "name": "body",
          "parent": "houndstone",
          "pivot": [0, 20.25326, 2.9659],
          "cubes": [
            { "origin": [-11, 45, -20], "size": [22, 2, 7], "uv": [60, 128] },
            { "origin": [-13, 46, -13], "size": [26, 4, 32], "uv": [0, 0] },
            { "origin": [-10, 45, 19], "size": [20, 3, 10], "uv": [0, 128] },
            { "origin": [-9, 50, -11], "size": [18, 5, 27], "uv": [84, 0] },
            { "origin": [-7.5, 55, -8], "size": [15, 3, 22], "uv": [114, 106] },
            {
              "origin": [-10, 18, 30.4],
              "size": [20, 25, 0],
              "pivot": [0, 17, -22],
              "rotation": [2.5, 0, 0],
              "uv": [0, 231]
            }
          ]
        },
        {
          "name": "tail",
          "parent": "body",
          "pivot": [0, 45.56699, 28.94358],
          "cubes": [
            {
              "origin": [-3, 14, 35],
              "size": [6, 5, 10],
              "pivot": [0, 17, -22],
              "rotation": [30, 0, 0],
              "uv": [24, 163]
            }
          ]
        },
        {
          "name": "tail2",
          "parent": "tail",
          "pivot": [0, 49.89289, 36.65133],
          "cubes": [
            {
              "origin": [-3.5, 13, 45],
              "size": [7, 7, 9],
              "pivot": [0, 17, -22],
              "rotation": [30, 0, 0],
              "uv": [124, 173]
            },
            {
              "origin": [-2.5, 30.4, 51],
              "size": [5, 5, 9],
              "pivot": [0, 17, -22],
              "rotation": [17.5, 0, 0],
              "uv": [181, 219]
            }
          ]
        },
        {
          "name": "fluff",
          "parent": "body",
          "pivot": [12.77621, 48.49003, 3],
          "cubes": [
            {
              "origin": [18.4, 14, -13],
              "size": [0, 33, 32],
              "pivot": [0, 17, -22],
              "rotation": [0, 0, -10],
              "uv": [0, 63]
            }
          ]
        },
        {
          "name": "fluff2",
          "parent": "fluff",
          "pivot": [18.07553, 16.77868, 2.5],
          "cubes": [
            {
              "origin": [18.4, 9, -13],
              "size": [0, 5, 3],
              "pivot": [0, 17, -22],
              "rotation": [0, 0, -10],
              "uv": [168, 36]
            },
            {
              "origin": [18.4, 9, -9],
              "size": [0, 5, 3],
              "pivot": [0, 17, -22],
              "rotation": [0, 0, -10],
              "uv": [166, 116]
            },
            {
              "origin": [18.4, 9, -5],
              "size": [0, 5, 3],
              "pivot": [0, 17, -22],
              "rotation": [0, 0, -10],
              "uv": [166, 101]
            },
            {
              "origin": [18.4, 9, -1],
              "size": [0, 5, 3],
              "pivot": [0, 17, -22],
              "rotation": [0, 0, -10],
              "uv": [165, 133]
            },
            {
              "origin": [18.4, 9, 3],
              "size": [0, 5, 3],
              "pivot": [0, 17, -22],
              "rotation": [0, 0, -10],
              "uv": [52, 165]
            },
            {
              "origin": [18.4, 9, 7],
              "size": [0, 5, 3],
              "pivot": [0, 17, -22],
              "rotation": [0, 0, -10],
              "uv": [165, 16]
            },
            {
              "origin": [18.4, 9, 11],
              "size": [0, 5, 3],
              "pivot": [0, 17, -22],
              "rotation": [0, 0, -10],
              "uv": [6, 165]
            },
            {
              "origin": [18.4, 9, 15],
              "size": [0, 5, 3],
              "pivot": [0, 17, -22],
              "rotation": [0, 0, -10],
              "uv": [169, 96],
              "mirror": true
            }
          ]
        },
        {
          "name": "fluff3",
          "parent": "fluff2",
          "pivot": [19.75726, 12.65997, 2.5],
          "cubes": [
            {
              "origin": [14.1, -2, -13],
              "size": [0, 5, 3],
              "pivot": [0, 17, -22],
              "rotation": [0, 0, -32.5],
              "uv": [52, 160]
            },
            {
              "origin": [14.1, -2, -9],
              "size": [0, 5, 3],
              "pivot": [0, 17, -22],
              "rotation": [0, 0, -32.5],
              "uv": [24, 160]
            },
            {
              "origin": [14.1, -2, -5],
              "size": [0, 5, 3],
              "pivot": [0, 17, -22],
              "rotation": [0, 0, -32.5],
              "uv": [0, 160]
            },
            {
              "origin": [14.1, -2, -1],
              "size": [0, 5, 3],
              "pivot": [0, 17, -22],
              "rotation": [0, 0, -32.5],
              "uv": [156, 158]
            },
            {
              "origin": [14.1, -2, 3],
              "size": [0, 5, 3],
              "pivot": [0, 17, -22],
              "rotation": [0, 0, -32.5],
              "uv": [112, 158]
            },
            {
              "origin": [14.1, -2, 7],
              "size": [0, 5, 3],
              "pivot": [0, 17, -22],
              "rotation": [0, 0, -32.5],
              "uv": [100, 158]
            },
            {
              "origin": [14.1, -2, 11],
              "size": [0, 5, 3],
              "pivot": [0, 17, -22],
              "rotation": [0, 0, -32.5],
              "uv": [157, 96]
            },
            {
              "origin": [14.1, -2, 15],
              "size": [0, 5, 3],
              "pivot": [0, 17, -22],
              "rotation": [0, 0, -32.5],
              "uv": [150, 153]
            }
          ]
        },
        {
          "name": "fur",
          "parent": "body",
          "pivot": [-10.77163, 45.61343, -16.5],
          "cubes": [
            {
              "origin": [-16.1, 14, -20],
              "size": [0, 30, 7],
              "pivot": [0, 17, -22],
              "rotation": [0, 0, 10],
              "uv": [78, 187]
            }
          ]
        },
        {
          "name": "fur2",
          "parent": "fur",
          "pivot": [-15.87553, 16.77868, -16.5],
          "cubes": [
            {
              "origin": [-16.2, 9, -16],
              "size": [0, 5, 3],
              "pivot": [2.2, 17, -25],
              "rotation": [0, 0, 10],
              "uv": [46, 160]
            },
            {
              "origin": [-16.2, 9, -20],
              "size": [0, 5, 3],
              "pivot": [2.2, 17, -29],
              "rotation": [0, 0, 10],
              "uv": [104, 0],
              "mirror": true
            }
          ]
        },
        {
          "name": "fur3",
          "parent": "fur2",
          "pivot": [-16.55726, 12.65997, -16.5],
          "cubes": [
            {
              "origin": [-11.9, -2, -20],
              "size": [0, 5, 3],
              "pivot": [2.2, 17, -29],
              "rotation": [0, 0, 32.5],
              "uv": [84, 11],
              "mirror": true
            },
            {
              "origin": [-11.9, -2, -16],
              "size": [0, 5, 3],
              "pivot": [2.2, 17, -25],
              "rotation": [0, 0, 32.5],
              "uv": [6, 160]
            }
          ]
        },
        {
          "name": "fur7",
          "parent": "body",
          "pivot": [-9.90861, 47.47668, 24],
          "cubes": [
            {
              "origin": [-15.4, 14, 19],
              "size": [0, 32, 10],
              "pivot": [0, 17, -22],
              "rotation": [0, 0, 10],
              "uv": [80, 151],
              "mirror": true
            }
          ]
        },
        {
          "name": "fur8",
          "parent": "fur7",
          "pivot": [-16.03428, 16.75014, 24],
          "cubes": [
            {
              "origin": [-15.4, 10, 26],
              "size": [0, 4, 3],
              "pivot": [0, 17, -22],
              "rotation": [0, 0, 10],
              "uv": [162, 153]
            },
            {
              "origin": [-15.4, 10, 22.5],
              "size": [0, 4, 3],
              "pivot": [0, 17, -22],
              "rotation": [0, 0, 10],
              "uv": [128, 143],
              "mirror": true
            },
            {
              "origin": [-15.4, 10, 19],
              "size": [0, 4, 3],
              "pivot": [0, 17, -22],
              "rotation": [0, 0, 10],
              "uv": [149, 80],
              "mirror": true
            }
          ]
        },
        {
          "name": "fur9",
          "parent": "fur8",
          "pivot": [-16.57419, 13.0035, 24.03333],
          "cubes": [
            {
              "origin": [-11.6, 0, 26],
              "size": [0, 5, 3],
              "pivot": [0, 17, -22],
              "rotation": [0, 0, 32.5],
              "uv": [166, 106]
            },
            {
              "origin": [-11.6, 0, 22.5],
              "size": [0, 5, 3],
              "pivot": [0, 17, -22],
              "rotation": [0, 0, 32.5],
              "uv": [140, 54],
              "mirror": true
            },
            {
              "origin": [-11.6, 0, 19.1],
              "size": [0, 5, 3],
              "pivot": [0, 17, -22],
              "rotation": [0, 0, 32.5],
              "uv": [151, 96],
              "mirror": true
            }
          ]
        },
        {
          "name": "fur10",
          "parent": "body",
          "pivot": [9.90861, 47.47668, 24],
          "cubes": [
            {
              "origin": [15.4, 14, 19],
              "size": [0, 32, 10],
              "pivot": [0, 17, -22],
              "rotation": [0, 0, -10],
              "uv": [80, 151]
            }
          ]
        },
        {
          "name": "fur11",
          "parent": "fur10",
          "pivot": [16.03428, 16.75014, 24],
          "cubes": [
            {
              "origin": [15.4, 10, 19],
              "size": [0, 4, 3],
              "pivot": [0, 17, -22],
              "rotation": [0, 0, -10],
              "uv": [149, 80]
            },
            {
              "origin": [15.4, 10, 26],
              "size": [0, 4, 3],
              "pivot": [0, 17, -22],
              "rotation": [0, 0, -10],
              "uv": [162, 153],
              "mirror": true
            },
            {
              "origin": [15.4, 10, 22.5],
              "size": [0, 4, 3],
              "pivot": [0, 17, -22],
              "rotation": [0, 0, -10],
              "uv": [128, 143]
            }
          ]
        },
        {
          "name": "fur12",
          "parent": "fur11",
          "pivot": [15.57419, 13.0035, 24.03333],
          "cubes": [
            {
              "origin": [11.6, 0, 19.1],
              "size": [0, 5, 3],
              "pivot": [0, 17, -22],
              "rotation": [0, 0, -32.5],
              "uv": [151, 96]
            },
            {
              "origin": [11.6, 0, 22.5],
              "size": [0, 5, 3],
              "pivot": [0, 17, -22],
              "rotation": [0, 0, -32.5],
              "uv": [140, 54]
            },
            {
              "origin": [11.6, 0, 26],
              "size": [0, 5, 3],
              "pivot": [0, 17, -22],
              "rotation": [0, 0, -32.5],
              "uv": [166, 106],
              "mirror": true
            }
          ]
        },
        {
          "name": "fluff4",
          "parent": "body",
          "pivot": [-13.77621, 49.49003, 3],
          "cubes": [
            {
              "origin": [-18.4, 14, -13],
              "size": [0, 33, 32],
              "pivot": [0, 17, -22],
              "rotation": [0, 0, 10],
              "uv": [0, 63],
              "mirror": true
            }
          ]
        },
        {
          "name": "fluff5",
          "parent": "fluff4",
          "pivot": [-18.07553, 16.77868, 2.5],
          "cubes": [
            {
              "origin": [-18.4, 9, 15],
              "size": [0, 5, 3],
              "pivot": [0, 17, -22],
              "rotation": [0, 0, 10],
              "uv": [169, 96]
            },
            {
              "origin": [-18.4, 9, 11],
              "size": [0, 5, 3],
              "pivot": [0, 17, -22],
              "rotation": [0, 0, 10],
              "uv": [6, 165],
              "mirror": true
            },
            {
              "origin": [-18.4, 9, 7],
              "size": [0, 5, 3],
              "pivot": [0, 17, -22],
              "rotation": [0, 0, 10],
              "uv": [165, 16],
              "mirror": true
            },
            {
              "origin": [-18.4, 9, 3],
              "size": [0, 5, 3],
              "pivot": [0, 17, -22],
              "rotation": [0, 0, 10],
              "uv": [52, 165],
              "mirror": true
            },
            {
              "origin": [-18.4, 9, -1],
              "size": [0, 5, 3],
              "pivot": [0, 17, -22],
              "rotation": [0, 0, 10],
              "uv": [165, 133],
              "mirror": true
            },
            {
              "origin": [-18.4, 9, -5],
              "size": [0, 5, 3],
              "pivot": [0, 17, -22],
              "rotation": [0, 0, 10],
              "uv": [166, 101],
              "mirror": true
            },
            {
              "origin": [-18.4, 9, -9],
              "size": [0, 5, 3],
              "pivot": [0, 17, -22],
              "rotation": [0, 0, 10],
              "uv": [166, 116],
              "mirror": true
            },
            {
              "origin": [-18.4, 9, -13],
              "size": [0, 5, 3],
              "pivot": [0, 17, -22],
              "rotation": [0, 0, 10],
              "uv": [168, 36],
              "mirror": true
            }
          ]
        },
        {
          "name": "fluff6",
          "parent": "fluff5",
          "pivot": [-19.75726, 13.65997, 2.5],
          "cubes": [
            {
              "origin": [-14.1, -2, 15],
              "size": [0, 5, 3],
              "pivot": [0, 17, -22],
              "rotation": [0, 0, 32.5],
              "uv": [150, 153],
              "mirror": true
            },
            {
              "origin": [-14.1, -2, 11],
              "size": [0, 5, 3],
              "pivot": [0, 17, -22],
              "rotation": [0, 0, 32.5],
              "uv": [157, 96],
              "mirror": true
            },
            {
              "origin": [-14.1, -2, 7],
              "size": [0, 5, 3],
              "pivot": [0, 17, -22],
              "rotation": [0, 0, 32.5],
              "uv": [100, 158],
              "mirror": true
            },
            {
              "origin": [-14.1, -2, 3],
              "size": [0, 5, 3],
              "pivot": [0, 17, -22],
              "rotation": [0, 0, 32.5],
              "uv": [112, 158],
              "mirror": true
            },
            {
              "origin": [-14.1, -2, -1],
              "size": [0, 5, 3],
              "pivot": [0, 17, -22],
              "rotation": [0, 0, 32.5],
              "uv": [156, 158],
              "mirror": true
            },
            {
              "origin": [-14.1, -2, -5],
              "size": [0, 5, 3],
              "pivot": [0, 17, -22],
              "rotation": [0, 0, 32.5],
              "uv": [0, 160],
              "mirror": true
            },
            {
              "origin": [-14.1, -2, -9],
              "size": [0, 5, 3],
              "pivot": [0, 17, -22],
              "rotation": [0, 0, 32.5],
              "uv": [24, 160],
              "mirror": true
            },
            {
              "origin": [-14.1, -2, -13],
              "size": [0, 5, 3],
              "pivot": [0, 17, -22],
              "rotation": [0, 0, 32.5],
              "uv": [52, 160],
              "mirror": true
            }
          ]
        },
        {
          "name": "fur4",
          "parent": "body",
          "pivot": [10.77163, 45.61343, -16.5],
          "cubes": [
            {
              "origin": [16.1, 14, -20],
              "size": [0, 30, 7],
              "pivot": [0, 17, -22],
              "rotation": [0, 0, -10],
              "uv": [78, 187],
              "mirror": true
            }
          ]
        },
        {
          "name": "fur5",
          "parent": "fur4",
          "pivot": [15.87553, 16.77868, -16.5],
          "cubes": [
            {
              "origin": [16.2, 9, -20],
              "size": [0, 5, 3],
              "pivot": [-2.2, 17, -29],
              "rotation": [0, 0, -10],
              "uv": [104, 0]
            },
            {
              "origin": [16.2, 9, -16],
              "size": [0, 5, 3],
              "pivot": [-2.2, 17, -25],
              "rotation": [0, 0, -10],
              "uv": [46, 160],
              "mirror": true
            }
          ]
        },
        {
          "name": "fur6",
          "parent": "fur5",
          "pivot": [16.55726, 12.65997, -16.5],
          "cubes": [
            {
              "origin": [11.9, -2, -20],
              "size": [0, 5, 3],
              "pivot": [-2.2, 17, -29],
              "rotation": [0, 0, -32.5],
              "uv": [84, 11]
            },
            {
              "origin": [11.9, -2, -16],
              "size": [0, 5, 3],
              "pivot": [-2.2, 17, -25],
              "rotation": [0, 0, -32.5],
              "uv": [6, 160],
              "mirror": true
            }
          ]
        },
        {
          "name": "head",
          "parent": "body",
          "pivot": [-0.2563, 35.27605, -19.76336],
          "rotation": [-0.95638, 0.02246, 0.19006],
          "cubes": [
            { "origin": [-10, 33, -33], "size": [20, 7, 13], "uv": [133, 57] },
            { "origin": [-7, 39, -51], "size": [14, 6, 19], "uv": [118, 131] },
            {
              "origin": [-7, 50.5, -30],
              "size": [14, 6, 7],
              "pivot": [0, 17, -22],
              "rotation": [35, 0, 0],
              "uv": [192, 19]
            },
            { "origin": [-5, 45, -40], "size": [10, 1, 5], "uv": [133, 77] },
            { "origin": [-5, 36, -51], "size": [10, 3, 2], "uv": [116, 57] },
            { "origin": [-7, 37, -49], "size": [1, 2, 4], "uv": [147, 0] },
            { "origin": [-7, 37, -43.4], "size": [1, 2, 4], "uv": [145, 100] },
            {
              "origin": [6, 37, -49],
              "size": [1, 2, 4],
              "uv": [147, 0],
              "mirror": true
            },
            { "origin": [-7, 37, -38.4], "size": [1, 2, 4], "uv": [124, 140] },
            {
              "origin": [6, 37, -43.4],
              "size": [1, 2, 4],
              "uv": [145, 100],
              "mirror": true
            },
            { "origin": [-7, 37, -32.4], "size": [1, 2, 4], "uv": [118, 138] },
            {
              "origin": [6, 37, -38.4],
              "size": [1, 2, 4],
              "uv": [124, 140],
              "mirror": true
            },
            { "origin": [-9, 40, -33], "size": [18, 3, 13], "uv": [145, 83] },
            { "origin": [-9, 43, -33], "size": [18, 2, 13], "uv": [151, 160] },
            { "origin": [-8, 45, -34], "size": [16, 3, 14], "uv": [104, 156] },
            {
              "origin": [20.3, 39.6, -34],
              "size": [10, 0, 14],
              "pivot": [5.3, 19, -22],
              "rotation": [0, 0, -75],
              "uv": [50, 96]
            },
            {
              "origin": [-30.3, 39.6, -34],
              "size": [10, 0, 14],
              "pivot": [-5.3, 19, -22],
              "rotation": [0, 0, 75],
              "uv": [50, 96],
              "mirror": true
            },
            { "origin": [0.3, 48, -34], "size": [8, 2, 14], "uv": [190, 99] },
            {
              "origin": [-8.3, 48, -34],
              "size": [8, 2, 14],
              "uv": [190, 99],
              "mirror": true
            },
            { "origin": [-5.5, 48, -30], "size": [11, 14, 6], "uv": [94, 193] },
            {
              "origin": [8.6, 57, -30],
              "size": [10, 7, 6],
              "pivot": [0, 17, -22],
              "rotation": [0, 0, -20],
              "uv": [32, 219]
            },
            {
              "origin": [-18.6, 57, -30],
              "size": [10, 7, 6],
              "pivot": [0, 17, -22],
              "rotation": [0, 0, 20],
              "uv": [32, 219],
              "mirror": true
            },
            {
              "origin": [6, 37, -32.4],
              "size": [1, 2, 4],
              "uv": [118, 138],
              "mirror": true
            },
            {
              "origin": [-18.1, 61, -30],
              "size": [10, 8, 6],
              "pivot": [0, 17, -22],
              "rotation": [0, 0, 12.5],
              "uv": [168, 39]
            },
            {
              "origin": [0.8, 50.6, -27],
              "size": [5, 6, 3],
              "pivot": [0, 17, -22],
              "rotation": [36.69146, 16.27014, 11.79198],
              "uv": [240, 0]
            },
            {
              "origin": [-5.8, 50.6, -27],
              "size": [5, 6, 3],
              "pivot": [0, 17, -22],
              "rotation": [36.69146, -16.27014, -11.79198],
              "uv": [240, 0],
              "mirror": true
            },
            { "origin": [-6.5, 70, -30], "size": [13, 4, 6], "uv": [194, 81] },
            {
              "origin": [17, 56, -30.1],
              "size": [3, 1, 1],
              "pivot": [0, 9, -22],
              "rotation": [0, 0, -20],
              "uv": [228, 106]
            },
            {
              "origin": [-20, 56, -30.1],
              "size": [3, 1, 1],
              "pivot": [0, 9, -22],
              "rotation": [0, 0, 20],
              "uv": [228, 106],
              "mirror": true
            },
            { "origin": [2.4, 60, -30.1], "size": [3, 1, 1], "uv": [228, 106] },
            {
              "origin": [-20, 60, -30.1],
              "size": [3, 1, 1],
              "pivot": [0, 13, -22],
              "rotation": [0, 0, 20],
              "uv": [228, 106],
              "mirror": true
            },
            {
              "origin": [17, 60, -30.1],
              "size": [3, 1, 1],
              "pivot": [0, 13, -22],
              "rotation": [0, 0, -20],
              "uv": [228, 106]
            },
            {
              "origin": [17, 64, -30.1],
              "size": [3, 1, 1],
              "pivot": [0, 17, -22],
              "rotation": [0, 0, -20],
              "uv": [228, 106]
            },
            {
              "origin": [-20, 64, -30.1],
              "size": [3, 1, 1],
              "pivot": [0, 17, -22],
              "rotation": [0, 0, 20],
              "uv": [228, 106],
              "mirror": true
            },
            {
              "origin": [-5.4, 60, -30.1],
              "size": [3, 1, 1],
              "uv": [228, 106],
              "mirror": true
            },
            {
              "origin": [-20, 56, -30.1],
              "size": [3, 1, 1],
              "pivot": [0, 9, -22],
              "rotation": [0, 0, 20],
              "uv": [228, 106],
              "mirror": true
            },
            {
              "origin": [17, 56, -30.1],
              "size": [3, 1, 1],
              "pivot": [0, 9, -22],
              "rotation": [0, 0, -20],
              "uv": [228, 106]
            },
            { "origin": [2.4, 64, -30.1], "size": [4, 1, 1], "uv": [228, 106] },
            {
              "origin": [17, 60, -30.1],
              "size": [3, 1, 1],
              "pivot": [0, 13, -22],
              "rotation": [0, 0, -20],
              "uv": [228, 106]
            },
            {
              "origin": [-20, 60, -30.1],
              "size": [3, 1, 1],
              "pivot": [0, 13, -22],
              "rotation": [0, 0, 20],
              "uv": [228, 106],
              "mirror": true
            },
            { "origin": [2.4, 68, -30.1], "size": [4, 1, 1], "uv": [228, 106] },
            {
              "origin": [-6.4, 68, -30.1],
              "size": [4, 1, 1],
              "uv": [228, 106],
              "mirror": true
            },
            {
              "origin": [-6.4, 64, -30.1],
              "size": [4, 1, 1],
              "uv": [228, 106],
              "mirror": true
            },
            {
              "origin": [8.1, 61, -30],
              "size": [10, 8, 6],
              "pivot": [0, 17, -22],
              "rotation": [0, 0, -12.5],
              "uv": [168, 39],
              "mirror": true
            }
          ]
        },
        {
          "name": "jaw",
          "parent": "head",
          "pivot": [0, 33.3562, -29.68069],
          "rotation": [25, 0, 0],
          "cubes": [
            { "origin": [-11, 33, -53], "size": [4, 2, 5], "uv": [118, 131] },
            { "origin": [-11, 33, -47], "size": [4, 2, 7], "uv": [84, 14] },
            { "origin": [-11, 33, -39], "size": [4, 3, 5], "uv": [113, 110] },
            { "origin": [-11, 24, -55], "size": [22, 9, 25], "uv": [64, 62] },
            {
              "origin": [-3.5, 35, -51.9],
              "size": [7, 3, 3],
              "pivot": [0, 17, -22],
              "rotation": [12.5, 0, 0],
              "uv": [64, 110]
            },
            {
              "origin": [-5.5, 36, -52],
              "size": [11, 6, 3],
              "pivot": [0, 17, -27],
              "rotation": [12.5, 0, 0],
              "uv": [220, 91]
            },
            {
              "origin": [-3.5, 32, -58],
              "size": [7, 2, 2],
              "pivot": [0, 17, -27],
              "rotation": [-7.5, 0, 0],
              "uv": [84, 23]
            },
            {
              "origin": [7, 33, -53],
              "size": [4, 2, 5],
              "uv": [118, 131],
              "mirror": true
            },
            {
              "origin": [7, 33, -47],
              "size": [4, 2, 7],
              "uv": [84, 14],
              "mirror": true
            },
            {
              "origin": [7, 33, -39],
              "size": [4, 3, 5],
              "uv": [113, 110],
              "mirror": true
            }
          ]
        },
        {
          "name": "ear",
          "parent": "head",
          "pivot": [-10.4405, 39.28969, -27],
          "cubes": [
            {
              "origin": [8.6, 40.9, -34],
              "size": [10, 0, 14],
              "pivot": [5.3, 19, -22],
              "rotation": [0, 0, -70],
              "uv": [99, 96],
              "mirror": true
            }
          ]
        },
        {
          "name": "earfur",
          "parent": "ear",
          "pivot": [-13.85655, 29.37119, -27],
          "cubes": [
            {
              "origin": [13.6, 36.9, -34],
              "size": [5, 0, 14],
              "pivot": [5.3, 19, -22],
              "rotation": [0, 0, -97.5],
              "uv": [112, 32]
            }
          ]
        },
        {
          "name": "ear2",
          "parent": "earfur",
          "pivot": [-13.8632, 25.28105, -27],
          "cubes": [
            {
              "origin": [-4.1, 38.4, -34],
              "size": [6, 0, 14],
              "pivot": [5.3, 19, -22],
              "rotation": [0, 0, -62.5],
              "uv": [0, 0],
              "mirror": true
            }
          ]
        },
        {
          "name": "earfur2",
          "parent": "ear2",
          "pivot": [-16.17194, 19.846, -27.55],
          "cubes": [
            {
              "origin": [-8.1, 38.4, -34],
              "size": [4, 0, 3],
              "pivot": [5.3, 19, -24],
              "rotation": [0, 0, -62.5],
              "uv": [123, 110]
            },
            {
              "origin": [-8.1, 38.4, -30.8],
              "size": [4, 0, 3],
              "pivot": [5.3, 19, -20.8],
              "rotation": [0, 0, -62.5],
              "uv": [0, 3]
            },
            {
              "origin": [-8.1, 38.4, -24],
              "size": [4, 0, 3],
              "pivot": [5.3, 19, -22],
              "rotation": [0, 0, -62.5],
              "uv": [55, 128]
            },
            {
              "origin": [-8.1, 38.4, -27.4],
              "size": [4, 0, 3],
              "pivot": [5.3, 19, -25.4],
              "rotation": [0, 0, -62.5],
              "uv": [126, 46],
              "mirror": true
            }
          ]
        },
        {
          "name": "earfur3",
          "parent": "earfur2",
          "pivot": [-18.07255, 16.6132, -27.55],
          "cubes": [
            {
              "origin": [-4.1, 41.6, -34],
              "size": [4, 0, 3],
              "pivot": [5.3, 19, -24],
              "rotation": [0, 0, -82.5],
              "uv": [61, 116]
            },
            {
              "origin": [-4.1, 41.6, -30.8],
              "size": [4, 0, 3],
              "pivot": [5.3, 19, -20.8],
              "rotation": [0, 0, -82.5],
              "uv": [0, 0]
            },
            {
              "origin": [-4.1, 41.6, -24],
              "size": [4, 0, 3],
              "pivot": [5.3, 19, -22],
              "rotation": [0, 0, -82.5],
              "uv": [76, 79]
            },
            {
              "origin": [-4.1, 41.6, -27.4],
              "size": [4, 0, 3],
              "pivot": [5.3, 19, -25.4],
              "rotation": [0, 0, -82.5],
              "uv": [130, 62],
              "mirror": true
            }
          ]
        },
        {
          "name": "ear3",
          "parent": "head",
          "pivot": [10.4405, 39.28969, -27],
          "cubes": [
            {
              "origin": [-18.6, 40.9, -34],
              "size": [10, 0, 14],
              "pivot": [-5.3, 19, -22],
              "rotation": [0, 0, 70],
              "uv": [99, 96]
            }
          ]
        },
        {
          "name": "ear4",
          "parent": "ear3",
          "pivot": [13.85655, 29.37119, -27],
          "cubes": [
            {
              "origin": [-18.6, 36.9, -34],
              "size": [5, 0, 14],
              "pivot": [-5.3, 19, -22],
              "rotation": [0, 0, 97.5],
              "uv": [112, 32],
              "mirror": true
            }
          ]
        },
        {
          "name": "ear5",
          "parent": "ear4",
          "pivot": [12.8632, 25.28105, -27],
          "cubes": [
            {
              "origin": [-1.9, 38.4, -34],
              "size": [6, 0, 14],
              "pivot": [-5.3, 19, -22],
              "rotation": [0, 0, 62.5],
              "uv": [0, 0]
            }
          ]
        },
        {
          "name": "earfur4",
          "parent": "ear5",
          "pivot": [16.17194, 19.846, -27.525],
          "cubes": [
            {
              "origin": [4.1, 38.4, -34],
              "size": [4, 0, 3],
              "pivot": [-5.3, 19, -24],
              "rotation": [0, 0, 62.5],
              "uv": [123, 110],
              "mirror": true
            },
            {
              "origin": [4.1, 38.4, -30.7],
              "size": [4, 0, 3],
              "pivot": [-5.3, 19, -24.7],
              "rotation": [0, 0, 62.5],
              "uv": [69, 116]
            },
            {
              "origin": [4.1, 38.4, -27.4],
              "size": [4, 0, 3],
              "pivot": [-5.3, 19, -25.4],
              "rotation": [0, 0, 62.5],
              "uv": [126, 46]
            },
            {
              "origin": [4.1, 38.4, -24],
              "size": [4, 0, 3],
              "pivot": [-5.3, 19, -22],
              "rotation": [0, 0, 62.5],
              "uv": [55, 128],
              "mirror": true
            }
          ]
        },
        {
          "name": "ear6",
          "parent": "earfur4",
          "pivot": [18.07255, 16.6132, -27.525],
          "cubes": [
            {
              "origin": [0.1, 41.6, -34],
              "size": [4, 0, 3],
              "pivot": [-5.3, 19, -24],
              "rotation": [0, 0, 82.5],
              "uv": [61, 116],
              "mirror": true
            },
            {
              "origin": [0.1, 41.6, -30.7],
              "size": [4, 0, 3],
              "pivot": [-5.3, 19, -24.7],
              "rotation": [0, 0, 82.5],
              "uv": [76, 76]
            },
            {
              "origin": [0.1, 41.6, -27.4],
              "size": [4, 0, 3],
              "pivot": [-5.3, 19, -25.4],
              "rotation": [0, 0, 82.5],
              "uv": [130, 62]
            },
            {
              "origin": [0.1, 41.6, -24],
              "size": [4, 0, 3],
              "pivot": [-5.3, 19, -22],
              "rotation": [0, 0, 82.5],
              "uv": [76, 79],
              "mirror": true
            }
          ]
        },
        {
          "name": "rightleg2",
          "parent": "houndstone",
          "pivot": [-7.55286, 24.72141, 20.05585],
          "cubes": [
            {
              "origin": [-12, 20, 16],
              "size": [9, 9, 7],
              "pivot": [0, 17, 5],
              "rotation": [-17.5, 0, 0],
              "uv": [0, 203],
              "mirror": true
            },
            {
              "origin": [-12, 3, 16],
              "size": [9, 9, 7],
              "pivot": [0, 17, 5],
              "rotation": [22.5, 0, 0],
              "uv": [160, 199]
            },
            {
              "origin": [-12, 5, 20],
              "size": [9, 9, 7],
              "pivot": [0, 17, 5],
              "rotation": [-7.5, 0, 0],
              "uv": [32, 203]
            },
            { "origin": [-12, 4, 13], "size": [9, 2, 9], "uv": [210, 32] },
            {
              "origin": [-2, 0, 9],
              "size": [4, 4, 16],
              "pivot": [0, 21, 5],
              "rotation": [0, -20, 0],
              "uv": [186, 41]
            },
            {
              "origin": [-10.2, 0, 7],
              "size": [4, 4, 16],
              "pivot": [0, 21, 5],
              "rotation": [0, 5, 0],
              "uv": [183, 61]
            },
            {
              "origin": [-16, 0, 3],
              "size": [4, 4, 16],
              "pivot": [0, 21, 5],
              "rotation": [0, 22.5, 0],
              "uv": [164, 179]
            },
            {
              "origin": [0, 0, 6],
              "size": [0, 4, 3],
              "pivot": [0, 21, 5],
              "rotation": [0, -20, 0],
              "uv": [150, 163]
            },
            {
              "origin": [-8.2, 0, 3],
              "size": [0, 4, 4],
              "pivot": [0, 21, 5],
              "rotation": [0, 5, 0],
              "uv": [111, 127]
            },
            {
              "origin": [-14, 0, -1],
              "size": [0, 3, 4],
              "pivot": [0, 21, 5],
              "rotation": [0, 22.5, 0],
              "uv": [141, 79]
            }
          ]
        },
        {
          "name": "leftleg2",
          "parent": "houndstone",
          "pivot": [7.55286, 23.72141, 20.05585],
          "cubes": [
            {
              "origin": [3, 20, 16],
              "size": [9, 9, 7],
              "pivot": [0, 17, 5],
              "rotation": [-17.5, 0, 0],
              "uv": [0, 203]
            },
            {
              "origin": [3, 3, 16],
              "size": [9, 9, 7],
              "pivot": [0, 17, 5],
              "rotation": [22.5, 0, 0],
              "uv": [160, 199],
              "mirror": true
            },
            {
              "origin": [3, 5, 20],
              "size": [9, 9, 7],
              "pivot": [0, 17, 5],
              "rotation": [-7.5, 0, 0],
              "uv": [32, 203],
              "mirror": true
            },
            {
              "origin": [3, 4, 13],
              "size": [9, 2, 9],
              "uv": [210, 32],
              "mirror": true
            },
            {
              "origin": [-2, 0, 9],
              "size": [4, 4, 16],
              "pivot": [0, 21, 5],
              "rotation": [0, 20, 0],
              "uv": [186, 41],
              "mirror": true
            },
            {
              "origin": [6.2, 0, 7],
              "size": [4, 4, 16],
              "pivot": [0, 21, 5],
              "rotation": [0, -5, 0],
              "uv": [183, 61],
              "mirror": true
            },
            {
              "origin": [12, 0, 3],
              "size": [4, 4, 16],
              "pivot": [0, 21, 5],
              "rotation": [0, -22.5, 0],
              "uv": [164, 179],
              "mirror": true
            },
            {
              "origin": [8.2, 0, 3],
              "size": [0, 4, 4],
              "pivot": [0, 21, 5],
              "rotation": [0, -5, 0],
              "uv": [111, 127],
              "mirror": true
            },
            {
              "origin": [0, 0, 6],
              "size": [0, 4, 3],
              "pivot": [0, 21, 5],
              "rotation": [0, 20, 0],
              "uv": [150, 163],
              "mirror": true
            },
            {
              "origin": [14, 0, -1],
              "size": [0, 3, 4],
              "pivot": [0, 21, 5],
              "rotation": [0, -22.5, 0],
              "uv": [141, 79],
              "mirror": true
            }
          ]
        },
        {
          "name": "rightleg",
          "parent": "houndstone",
          "pivot": [-7.55873, 20.33676, -7.72642],
          "cubes": [
            {
              "origin": [-11, 4, -11],
              "size": [7, 12, 7],
              "pivot": [0, 17, -22],
              "rotation": [20, 0, 0],
              "uv": [212, 212],
              "mirror": true
            },
            {
              "origin": [-12, 5, -7],
              "size": [9, 9, 7],
              "pivot": [0, 17, -22],
              "rotation": [-7.5, 0, 0],
              "uv": [207, 0],
              "mirror": true
            },
            {
              "origin": [-12, 4, -14],
              "size": [9, 2, 9],
              "uv": [210, 43],
              "mirror": true
            },
            {
              "origin": [-16, 0, -24],
              "size": [4, 4, 16],
              "pivot": [0, 21, -22],
              "rotation": [0, 22.5, 0],
              "uv": [0, 183],
              "mirror": true
            },
            {
              "origin": [-10.2, 0, -20],
              "size": [4, 4, 16],
              "pivot": [0, 21, -22],
              "rotation": [0, 5, 0],
              "uv": [24, 178],
              "mirror": true
            },
            {
              "origin": [-2, 0, -18],
              "size": [4, 4, 16],
              "pivot": [0, 21, -22],
              "rotation": [0, -20, 0],
              "uv": [140, 175]
            },
            {
              "origin": [-8.2, 0, -24],
              "size": [0, 4, 4],
              "pivot": [0, 21, -22],
              "rotation": [0, 5, 0],
              "uv": [0, 130],
              "mirror": true
            },
            {
              "origin": [-14, 0, -28],
              "size": [0, 3, 4],
              "pivot": [0, 21, -22],
              "rotation": [0, 22.5, 0],
              "uv": [133, 79],
              "mirror": true
            },
            {
              "origin": [0, 0, -21],
              "size": [0, 4, 3],
              "pivot": [0, 21, -22],
              "rotation": [0, -20, 0],
              "uv": [112, 163],
              "mirror": true
            }
          ]
        },
        {
          "name": "leftleg",
          "parent": "houndstone",
          "pivot": [7.55873, 19.33676, -5.72642],
          "cubes": [
            {
              "origin": [4, 4, -11],
              "size": [7, 12, 7],
              "pivot": [0, 17, -22],
              "rotation": [20, 0, 0],
              "uv": [212, 212]
            },
            {
              "origin": [3, 5, -7],
              "size": [9, 9, 7],
              "pivot": [0, 17, -22],
              "rotation": [-7.5, 0, 0],
              "uv": [207, 0]
            },
            { "origin": [3, 4, -14], "size": [9, 2, 9], "uv": [210, 43] },
            {
              "origin": [-2, 0, -18],
              "size": [4, 4, 16],
              "pivot": [0, 21, -22],
              "rotation": [0, 20, 0],
              "uv": [140, 175],
              "mirror": true
            },
            {
              "origin": [0, 0, -21],
              "size": [0, 4, 3],
              "pivot": [0, 21, -22],
              "rotation": [0, 20, 0],
              "uv": [112, 163]
            },
            {
              "origin": [8.2, 0, -24],
              "size": [0, 4, 4],
              "pivot": [0, 21, -22],
              "rotation": [0, -5, 0],
              "uv": [0, 130]
            },
            {
              "origin": [6.2, 0, -20],
              "size": [4, 4, 16],
              "pivot": [0, 21, -22],
              "rotation": [0, -5, 0],
              "uv": [24, 178]
            },
            {
              "origin": [12, 0, -24],
              "size": [4, 4, 16],
              "pivot": [0, 21, -22],
              "rotation": [0, -22.5, 0],
              "uv": [0, 183]
            },
            {
              "origin": [14, 0, -28],
              "size": [0, 3, 4],
              "pivot": [0, 21, -22],
              "rotation": [0, -22.5, 0],
              "uv": [133, 79]
            }
          ]
        }
      ]
    }
  ]
}
