{
  "name": "Bronzong",
  "nationalPokedexNumber": 437,
  "primaryType": "steel",
  "secondaryType": "psychic",
  "abilities": [
    "levitate",
    "heatproof",
    "h:heavymetal"
  ],
  "baseStats": {
    "hp": 67,
    "attack": 89,
    "defence": 116,
    "special_attack": 79,
    "special_defence": 116,
    "speed": 33
  },
  "catchRate": 90,
  "maleRatio": -1,
  "shoulderMountable": false,
  "baseExperienceYield": 175,
  "experienceGroup": "medium_fast",
  "eggCycles": 20,
  "eggGroups": [
    "mineral"
  ],
  "moves": [
    "1:block",
    "1:confuseray",
    "1:confusion",
    "1:hypnosis",
    "1:imprison",
    "1:payback",
    "1:raindance",
    "1:sunnyday",
    "1:tackle",
    "1:weatherball",
    "11:confuseray",
    "12:imprison",
    "14:confuseray",
    "15:psywave",
    "16:gyroball",
    "19:extrasensory",
    "19:irondefense",
    "20:hypnosis",
    "21:feintattack",
    "24:safeguard",
    "25:safeguard",
    "26:irondefense",
    "28:extrasensory",
    "29:futuresight",
    "30:safeguard",
    "31:metalsound",
    "32:heavyslam",
    "33:block",
    "36:gyroball",
    "38:gyroball",
    "38:irondefense",
    "42:extrasensory",
    "43:futuresight",
    "44:metalsound",
    "46:payback",
    "50:feintattack",
    "50:futuresight",
    "52:healblock",
    "56:raindance",
    "58:heavyslam",
    "61:payback",
    "67:healblock",
    "tm:allyswitch",
    "tm:bodypress",
    "tm:bodyslam",
    "tm:bulldoze",
    "tm:calmmind",
    "tm:chargebeam",
    "tm:confide",
    "tm:confuseray",
    "tm:doubleteam",
    "tm:dreameater",
    "tm:earthquake",
    "tm:endure",
    "tm:explosion",
    "tm:facade",
    "tm:flash",
    "tm:flashcannon",
    "tm:frustration",
    "tm:futuresight",
    "tm:gigaimpact",
    "tm:grassknot",
    "tm:guardswap",
    "tm:gyroball",
    "tm:heavyslam",
    "tm:helpinghand",
    "tm:hex",
    "tm:hiddenpower",
    "tm:hyperbeam",
    "tm:icespinner",
    "tm:imprison",
    "tm:irondefense",
    "tm:ironhead",
    "tm:lightscreen",
    "tm:naturalgift",
    "tm:nightshade",
    "tm:payback",
    "tm:powergem",
    "tm:powerswap",
    "tm:protect",
    "tm:psybeam",
    "tm:psychic",
    "tm:psychicterrain",
    "tm:psychup",
    "tm:psyshock",
    "tm:raindance",
    "tm:recycle",
    "tm:reflect",
    "tm:rest",
    "tm:return",
    "tm:rockblast",
    "tm:rockpolish",
    "tm:rockslide",
    "tm:rocksmash",
    "tm:rocktomb",
    "tm:round",
    "tm:safeguard",
    "tm:sandstorm",
    "tm:secretpower",
    "tm:shadowball",
    "tm:skillswap",
    "tm:sleeptalk",
    "tm:snore",
    "tm:solarbeam",
    "tm:speedswap",
    "tm:stealthrock",
    "tm:steelbeam",
    "tm:stompingtantrum",
    "tm:storedpower",
    "tm:strength",
    "tm:substitute",
    "tm:sunnyday",
    "tm:swagger",
    "tm:takedown",
    "tm:telekinesis",
    "tm:terablast",
    "tm:toxic",
    "tm:trick",
    "tm:trickroom",
    "tm:weatherball",
    "tm:wonderroom",
    "tm:zenheadbutt",
    "tutor:allyswitch",
    "tutor:ancientpower",
    "tutor:block",
    "tutor:expandingforce",
    "tutor:gravity",
    "tutor:irondefense",
    "tutor:ironhead",
    "tutor:meteorbeam",
    "tutor:recycle",
    "tutor:rollout",
    "tutor:signalbeam",
    "tutor:skillswap",
    "tutor:sleeptalk",
    "tutor:snore",
    "tutor:stealthrock",
    "tutor:steelbeam",
    "tutor:steelroller",
    "tutor:telekinesis",
    "tutor:trick",
    "tutor:wonderroom",
    "tutor:zenheadbutt"
  ],
  "labels": [
    "gen4"
  ],
  "pokedex": [
    "cobblemon.species.bronzong.desc"
  ],
  "preEvolution": "bronzor",
  "evolutions": [],
  "baseScale": 1,
  "hitbox": {
    "width": 1,
    "height": 1,
    "fixed": false
  },
  "baseFriendship": 50,
  "evYield": {
    "hp": 0,
    "attack": 0,
    "defence": 1,
    "special_attack": 0,
    "special_defence": 1,
    "speed": 0
  },
  "height": 13,
  "weight": 1870,
  "aspects": [],
  "cannotDynamax": false,
  "implemented": true
}