{
  "name": "Bronzor",
  "nationalPokedexNumber": 436,
  "primaryType": "steel",
  "secondaryType": "psychic",
  "abilities": [
    "levitate",
    "heatproof",
    "h:heavymetal"
  ],
  "baseStats": {
    "hp": 57,
    "attack": 24,
    "defence": 86,
    "special_attack": 24,
    "special_defence": 86,
    "speed": 23
  },
  "catchRate": 255,
  "maleRatio": -1,
  "shoulderMountable": false,
  "baseExperienceYield": 60,
  "experienceGroup": "medium_fast",
  "eggCycles": 20,
  "eggGroups": [
    "mineral"
  ],
  "moves": [
    "1:confusion",
    "1:tackle",
    "4:confuseray",
    "5:hypnosis",
    "7:hypnosis",
    "8:payback",
    "9:imprison",
    "11:confuseray",
    "12:imprison",
    "14:confuseray",
    "15:psywave",
    "16:gyroball",
    "19:extrasensory",
    "19:irondefense",
    "20:hypnosis",
    "21:feintattack",
    "24:safeguard",
    "25:safeguard",
    "26:irondefense",
    "28:extrasensory",
    "29:futuresight",
    "30:safeguard",
    "31:metalsound",
    "32:heavyslam",
    "35:gyroball",
    "36:irondefense",
    "37:futuresight",
    "39:extrasensory",
    "40:metalsound",
    "41:feintattack",
    "41:payback",
    "44:futuresight",
    "45:healblock",
    "49:heavyslam",
    "49:payback",
    "52:healblock",
    "egg:gravity",
    "egg:recycle",
    "tm:allyswitch",
    "tm:bodyslam",
    "tm:bulldoze",
    "tm:calmmind",
    "tm:chargebeam",
    "tm:confide",
    "tm:confuseray",
    "tm:doubleteam",
    "tm:dreameater",
    "tm:earthquake",
    "tm:endure",
    "tm:facade",
    "tm:flash",
    "tm:flashcannon",
    "tm:frustration",
    "tm:futuresight",
    "tm:grassknot",
    "tm:guardswap",
    "tm:gyroball",
    "tm:heavyslam",
    "tm:helpinghand",
    "tm:hex",
    "tm:hiddenpower",
    "tm:icespinner",
    "tm:imprison",
    "tm:irondefense",
    "tm:ironhead",
    "tm:lightscreen",
    "tm:naturalgift",
    "tm:payback",
    "tm:powergem",
    "tm:powerswap",
    "tm:protect",
    "tm:psychic",
    "tm:psychicterrain",
    "tm:psychup",
    "tm:psyshock",
    "tm:raindance",
    "tm:recycle",
    "tm:reflect",
    "tm:rest",
    "tm:return",
    "tm:rockblast",
    "tm:rockpolish",
    "tm:rockslide",
    "tm:rocktomb",
    "tm:round",
    "tm:safeguard",
    "tm:sandstorm",
    "tm:secretpower",
    "tm:shadowball",
    "tm:skillswap",
    "tm:sleeptalk",
    "tm:snore",
    "tm:solarbeam",
    "tm:speedswap",
    "tm:stealthrock",
    "tm:steelbeam",
    "tm:stompingtantrum",
    "tm:storedpower",
    "tm:substitute",
    "tm:sunnyday",
    "tm:swagger",
    "tm:takedown",
    "tm:telekinesis",
    "tm:terablast",
    "tm:toxic",
    "tm:trick",
    "tm:trickroom",
    "tm:wonderroom",
    "tm:zenheadbutt",
    "tutor:allyswitch",
    "tutor:ancientpower",
    "tutor:expandingforce",
    "tutor:gravity",
    "tutor:hypnosis",
    "tutor:irondefense",
    "tutor:recycle",
    "tutor:rollout",
    "tutor:signalbeam",
    "tutor:skillswap",
    "tutor:sleeptalk",
    "tutor:snore",
    "tutor:stealthrock",
    "tutor:steelbeam",
    "tutor:steelroller",
    "tutor:telekinesis",
    "tutor:trick",
    "tutor:wonderroom"
  ],
  "labels": [
    "gen4"
  ],
  "pokedex": [
    "cobblemon.species.bronzor.desc"
  ],
  "evolutions": [
    {
      "id": "bronzor_bronzong",
      "variant": "level_up",
      "result": "bronzong",
      "consumeHeldItem": false,
      "learnableMoves": [
        "block"
      ],
      "requirements": [
        {
          "variant": "level",
          "minLevel": 33
        }
      ]
    }
  ],
  "baseScale": 1,
  "hitbox": {
    "width": 1,
    "height": 1,
    "fixed": false
  },
  "baseFriendship": 50,
  "evYield": {
    "hp": 0,
    "attack": 0,
    "defence": 1,
    "special_attack": 0,
    "special_defence": 0,
    "speed": 0
  },
  "height": 5,
  "weight": 605,
  "aspects": [],
  "cannotDynamax": false,
  "implemented": true
}