{
	"format_version": "1.12.0",
	"minecraft:geometry": [
		{
			"description": {
				"identifier": "geometry.axew",
				"texture_width": 32,
				"texture_height": 32,
				"visible_bounds_width": 2,
				"visible_bounds_height": 2.5,
				"visible_bounds_offset": [0, 0.75, 0]
			},
			"bones": [
				{
					"name": "axew",
					"pivot": [0, 0, -2]
				},
				{
					"name": "body",
					"parent": "axew",
					"pivot": [0, 0, 0]
				},
				{
					"name": "torso",
					"parent": "body",
					"pivot": [0, 3, 0],
					"cubes": [
						{"origin": [-2, 1, -2], "size": [4, 5, 4], "uv": [0, 13]}
					]
				},
				{
					"name": "head",
					"parent": "torso",
					"pivot": [1, 6, 0],
					"cubes": [
						{"origin": [-2, 6, -4], "size": [4, 4, 6], "inflate": 0.01, "uv": [0, 0]},
						{"origin": [-5, 6.5, -3], "size": [10, 0, 3], "uv": [0, 10]},
						{"origin": [0, 9, 1.9], "size": [0, 7, 4], "pivot": [0.5, 12.5, 0.5], "rotation": [-57.5, 0, 0], "uv": [23, 21]}
					]
				},
				{
					"name": "eyeR",
					"parent": "head",
					"pivot": [-2, 8, -1],
					"cubes": [
						{"origin": [-2.03, 7.5, -2], "size": [0, 1, 1], "uv": [25, 13], "mirror": true},
						{"origin": [-2.04, 7.9, -2.1], "size": [0, 1, 1], "uv": [25, 14], "mirror": true},
						{"origin": [-2.02, 7, -2], "size": [0, 2, 2], "uv": [23, 15], "mirror": true}
					]
				},
				{
					"name": "eyeL",
					"parent": "head",
					"pivot": [2, 8, -1],
					"cubes": [
						{"origin": [2.04, 7.9, -2.1], "size": [0, 1, 1], "uv": [25, 14]},
						{"origin": [2.03, 7.5, -2], "size": [0, 1, 1], "uv": [25, 13]},
						{"origin": [2.02, 7, -2], "size": [0, 2, 2], "uv": [0, 11]}
					]
				},
				{
					"name": "armL",
					"parent": "torso",
					"pivot": [1.5, 4.5, -1.5],
					"cubes": [
						{"origin": [1, 2.5, -2], "size": [1, 2, 1], "inflate": 0.01, "pivot": [1, 3.5, -1.5], "rotation": [0, 0, 0], "uv": [12, 13]}
					]
				},
				{
					"name": "armL2",
					"parent": "torso",
					"pivot": [-1.5, 4.5, -1.5],
					"cubes": [
						{"origin": [-2, 2.5, -2], "size": [1, 2, 1], "inflate": 0.01, "pivot": [-1, 3.5, -1.5], "rotation": [0, 0, 0], "uv": [12, 13], "mirror": true}
					]
				},
				{
					"name": "tail",
					"parent": "torso",
					"pivot": [0, 2, 1],
					"cubes": [
						{"origin": [-1, 1, 1], "size": [2, 2, 3], "uv": [14, 0]}
					]
				},
				{
					"name": "legL",
					"parent": "body",
					"pivot": [2, 1.7, 0.5],
					"rotation": [15, 0, 0],
					"cubes": [
						{"origin": [1, -0.26527, -0.56378], "size": [2, 3, 2], "inflate": 0.01, "pivot": [2, 1.73473, 0.43622], "rotation": [-45, 0, 0], "uv": [24, 4]}
					]
				},
				{
					"name": "foot_left",
					"parent": "legL",
					"pivot": [2, -0.1529, -0.2],
					"cubes": [
						{"origin": [1, -0.76527, -2.06378], "size": [2, 1, 2], "inflate": -0.1, "pivot": [1, -0.76527, -0.56378], "rotation": [-15, 0, 0], "uv": [2, 24]}
					]
				},
				{
					"name": "legL2",
					"parent": "body",
					"pivot": [-2, 1.7, 0.5],
					"rotation": [15, 0, 0],
					"cubes": [
						{"origin": [-3, -0.26527, -0.56378], "size": [2, 3, 2], "inflate": 0.01, "pivot": [-2, 1.73473, 0.43622], "rotation": [-45, 0, 0], "uv": [24, 4], "mirror": true}
					]
				},
				{
					"name": "foot_right",
					"parent": "legL2",
					"pivot": [-2, -0.1529, -0.2],
					"cubes": [
						{"origin": [-3, -0.76527, -2.06378], "size": [2, 1, 2], "inflate": -0.1, "pivot": [-1, -0.76527, -0.56378], "rotation": [-15, 0, 0], "uv": [2, 24], "mirror": true}
					]
				}
			]
		}
	]
}