{
  "format_version": "1.12.0",
  "minecraft:geometry": [
    {
      "description": {
        "identifier": "geometry.unknown",
        "texture_width": 128,
        "texture_height": 128,
        "visible_bounds_width": 9,
        "visible_bounds_height": 3.5,
        "visible_bounds_offset": [0, 1.25, 0]
      },
      "bones": [
        {
          "name": "chienpao",
          "pivot": [0, 0, 0]
        },
        {
          "name": "body",
          "parent": "chienpao",
          "pivot": [0, 14, 2]
        },
        {
          "name": "torso",
          "parent": "body",
          "pivot": [0, 12, 2]
        },
        {
          "name": "front_torso",
          "parent": "torso",
          "pivot": [2.5, 11.983, -9.14521],
          "cubes": [
            {
              "origin": [-3.5, 8.983, -10.14521],
              "size": [7, 6, 10],
              "pivot": [2.5, 11.983, -9.14521],
              "rotation": [10, 0, 0],
              "uv": [24, 22]
            },
            {
              "origin": [-3.5, 8.983, -10.14521],
              "size": [7, 6, 10],
              "inflate": 0.125,
              "pivot": [2.5, 11.983, -9.14521],
              "rotation": [10, 0, 0],
              "uv": [0, 0]
            },
            {
              "origin": [-3.5, 10.458, -0.79521],
              "size": [7, 6, 6],
              "inflate": 0.01,
              "uv": [26, 66]
            },
            {
              "origin": [-3.5, 10.458, -0.79521],
              "size": [7, 6, 6],
              "inflate": 0.11,
              "uv": [0, 61]
            }
          ]
        },
        {
          "name": "back_torso",
          "parent": "torso",
          "pivot": [2, 11.983, 13.35479],
          "cubes": [
            {
              "origin": [-3.5, 8.46206, 4.49387],
              "size": [7, 6, 10],
              "inflate": -0.01,
              "pivot": [2.5, 11.46206, 16.49387],
              "rotation": [-10, 0, 0],
              "uv": [24, 6]
            },
            {
              "origin": [-3.5, 8.46206, 4.49387],
              "size": [7, 6, 10],
              "inflate": 0.09,
              "pivot": [2.5, 11.46206, 16.49387],
              "rotation": [-10, 0, 0],
              "uv": [0, 16]
            }
          ]
        },
        {
          "name": "tail_1",
          "parent": "back_torso",
          "pivot": [0, 14.808, 14.47979],
          "cubes": [
            {
              "origin": [-3.51, 8.82277, 13.88916],
              "size": [7, 6, 9],
              "inflate": -0.11,
              "uv": [23, 38]
            },
            {
              "origin": [-3.51, 8.82277, 13.88916],
              "size": [7, 6, 9],
              "inflate": -0.01,
              "uv": [0, 32]
            }
          ]
        },
        {
          "name": "tail_2",
          "parent": "tail_1",
          "pivot": [0, 11.808, 21.47979],
          "cubes": [
            {
              "origin": [-3, 9.308, 21.47979],
              "size": [6, 5, 9],
              "uv": [49, 14]
            },
            {
              "origin": [-3, 9.308, 21.47979],
              "size": [6, 5, 9],
              "inflate": 0.125,
              "uv": [46, 44]
            }
          ]
        },
        {
          "name": "tail_3",
          "parent": "tail_2",
          "pivot": [0, 11.808, 28.80479],
          "cubes": [
            {
              "origin": [-3, 9.308, 29.30479],
              "size": [6, 5, 9],
              "inflate": -0.25,
              "uv": [48, 0]
            },
            {
              "origin": [-3, 9.308, 29.30479],
              "size": [6, 5, 9],
              "inflate": -0.15,
              "uv": [0, 47]
            }
          ]
        },
        {
          "name": "tail_4",
          "parent": "tail_3",
          "pivot": [0, 11.808, 37.02979],
          "cubes": [
            {
              "origin": [-2.5, 9.783, 36.05479],
              "size": [5, 4, 9],
              "uv": [21, 53]
            }
          ]
        },
        {
          "name": "tail_5",
          "parent": "tail_4",
          "pivot": [0, 10.958, 45.00479],
          "cubes": [
            {
              "origin": [-1.95, 9.783, 44.05479],
              "size": [4, 4, 8],
              "inflate": -0.2,
              "uv": [70, 6]
            },
            {
              "origin": [-1.95, 9.783, 44.05479],
              "size": [4, 4, 8],
              "inflate": -0.1,
              "uv": [67, 63]
            }
          ]
        },
        {
          "name": "tail_6",
          "parent": "tail_5",
          "pivot": [0.05, 9.958, 51.90479],
          "cubes": [
            {
              "origin": [-1.95, 9.783, 51.65479],
              "size": [4, 4, 8],
              "inflate": -0.21,
              "uv": [69, 34]
            }
          ]
        },
        {
          "name": "neck",
          "parent": "torso",
          "pivot": [0, 12.483, -7.89521],
          "rotation": [40, 0, 0],
          "cubes": [
            {
              "origin": [-2.5, 10.40439, -11.05801],
              "size": [5, 11, 5],
              "pivot": [0, 10.90439, -8.05801],
              "rotation": [-17.5, 0, 0],
              "uv": [52, 71]
            }
          ]
        },
        {
          "name": "head",
          "parent": "neck",
          "pivot": [0, 20.40439, -5.80801],
          "rotation": [-37.5, 0, 0],
          "cubes": [
            {
              "origin": [-3, 18.90439, -9.80801],
              "size": [6, 6, 7],
              "uv": [49, 58]
            },
            {
              "origin": [-3, 22.92939, -9.85801],
              "size": [3, 1, 0],
              "pivot": [-1, 23.42939, -9.85801],
              "rotation": [0, 0, 26.75],
              "uv": [70, 2]
            },
            {
              "origin": [0, 22.92939, -9.85801],
              "size": [3, 1, 0],
              "pivot": [1, 23.42939, -9.85801],
              "rotation": [0, 0, -26.75],
              "uv": [70, 2],
              "mirror": true
            },
            {
              "origin": [1.525, 21.90439, -9.83301],
              "size": [1, 2, 0],
              "uv": [72, 7],
              "mirror": true
            },
            {
              "origin": [-2.525, 21.90439, -9.83301],
              "size": [1, 2, 0],
              "uv": [72, 7]
            }
          ]
        },
        {
          "name": "muzzle",
          "parent": "head",
          "pivot": [0, 22.15439, -9.80801]
        },
        {
          "name": "bone",
          "parent": "muzzle",
          "pivot": [0, 20.50552, -8.03515],
          "rotation": [2.5, 0, 0],
          "cubes": [
            {
              "origin": [-3.5, 19.95667, -11.14859],
              "size": [7, 2, 4],
              "inflate": 0.01,
              "uv": [24, 0]
            },
            {
              "origin": [2.5, 18.95667, -11.14859],
              "size": [1, 1, 0],
              "inflate": 0.01,
              "uv": [0, 96]
            },
            {
              "origin": [-3.5, 18.95667, -11.14859],
              "size": [1, 1, 0],
              "inflate": 0.01,
              "uv": [0, 96]
            },
            {
              "origin": [3.5, 16.95667, -11.14859],
              "size": [0, 3, 4],
              "inflate": 0.01,
              "uv": [24, 2]
            },
            {
              "origin": [-3.5, 16.95667, -11.14859],
              "size": [0, 3, 4],
              "inflate": 0.01,
              "uv": [0, 18]
            },
            {
              "origin": [-2.5, 19.95667, -13.14859],
              "size": [5, 2, 2],
              "inflate": 0.01,
              "uv": [67, 46]
            },
            {
              "origin": [2.5, 18.95667, -13.14859],
              "size": [0, 1, 1],
              "inflate": 0.01,
              "uv": [82, 47]
            },
            {
              "origin": [-2.5, 18.95667, -13.14859],
              "size": [0, 1, 1],
              "inflate": 0.01,
              "uv": [82, 47],
              "mirror": true
            },
            {
              "origin": [-1, 21.30667, -13.62359],
              "size": [2, 1, 1],
              "inflate": 0.01,
              "uv": [48, 14]
            },
            {
              "origin": [0.5, 17.93667, -13.14859],
              "size": [2, 2, 0],
              "inflate": 0.01,
              "uv": [40, 53]
            },
            {
              "origin": [-1.975, 16.93667, -13.14859],
              "size": [1, 1, 0],
              "inflate": 0.01,
              "uv": [32, 9]
            },
            {
              "origin": [-2.5, 17.93667, -13.14859],
              "size": [2, 2, 0],
              "inflate": 0.01,
              "uv": [53, 0]
            },
            {
              "origin": [0.975, 16.93667, -13.14859],
              "size": [1, 1, 0],
              "inflate": 0.01,
              "uv": [6, 36]
            }
          ]
        },
        {
          "name": "wisker_right",
          "parent": "bone",
          "pivot": [-4.5, 20.77939, -8.80801],
          "rotation": [0, 0, 12.5],
          "cubes": [
            {
              "origin": [-8.03773, 20.4496, -8.79276],
              "size": [4, 1, 0],
              "uv": [24, 9]
            }
          ]
        },
        {
          "name": "wisker_left",
          "parent": "bone",
          "pivot": [4.5, 20.77939, -8.80801],
          "rotation": [0, 0, -12.5],
          "cubes": [
            {
              "origin": [4.03773, 20.4496, -8.79276],
              "size": [4, 1, 0],
              "uv": [0, 25]
            }
          ]
        },
        {
          "name": "sword_left2",
          "parent": "muzzle",
          "pivot": [1.73161, 21.79548, -11.85164],
          "rotation": [2.84745, -48.68786, -3.78851],
          "cubes": [
            {
              "origin": [0.73231, 11.40439, -12.24126],
              "size": [2, 11, 1],
              "inflate": -0.175,
              "uv": [32, 89]
            },
            {
              "origin": [0.73231, 11.42939, -12.56626],
              "size": [2, 11, 1],
              "inflate": -0.45,
              "uv": [26, 89]
            },
            {
              "origin": [1.23231, 5.10439, -12.36626],
              "size": [1, 4, 1],
              "inflate": -0.25,
              "uv": [4, 47]
            },
            {
              "origin": [1.23231, 4.90439, -12.24126],
              "size": [1, 1, 1],
              "inflate": -0.174,
              "pivot": [1.73231, 5.40439, -12.24126],
              "rotation": [0, 0, 45],
              "uv": [5, 54]
            },
            {
              "origin": [0.73231, 7.72939, -12.24126],
              "size": [2, 2, 1],
              "inflate": -0.15,
              "pivot": [1.73231, 8.72939, -12.24126],
              "rotation": [0, 0, -45],
              "uv": [21, 53]
            },
            {
              "origin": [-0.61414, 7.52584, -12.25126],
              "size": [4, 1, 1],
              "inflate": -0.175,
              "pivot": [2.38586, 8.02584, -12.24126],
              "rotation": [0, 0, -73.5],
              "uv": [46, 4]
            },
            {
              "origin": [-0.64625, 6.57584, -12.24126],
              "size": [4, 1, 1],
              "inflate": -0.175,
              "pivot": [1.35375, 7.07584, -12.24126],
              "rotation": [0, 0, 73.5],
              "uv": [24, 24]
            },
            {
              "origin": [0.73231, 10.62939, -12.24126],
              "size": [2, 2, 1],
              "inflate": -0.173,
              "pivot": [1.73231, 11.62939, -12.24126],
              "rotation": [0, 0, -45],
              "uv": [0, 52]
            },
            {
              "origin": [0.73231, 10.62939, -12.56626],
              "size": [2, 2, 1],
              "inflate": -0.449,
              "pivot": [1.73231, 11.62939, -12.56626],
              "rotation": [0, 0, -45],
              "uv": [48, 28]
            },
            {
              "origin": [0.73231, 7.62939, -12.56626],
              "size": [2, 2, 1],
              "inflate": -0.449,
              "pivot": [1.73231, 8.62939, -12.56626],
              "rotation": [0, 0, -45],
              "uv": [48, 6]
            },
            {
              "origin": [1.23231, 9.40439, -12.24126],
              "size": [1, 2, 1],
              "inflate": -0.175,
              "uv": [6, 0]
            }
          ]
        },
        {
          "name": "sword_right2",
          "parent": "muzzle",
          "pivot": [-1.73161, 21.79548, -11.85164],
          "rotation": [2.84745, 48.68786, 3.78851],
          "cubes": [
            {
              "origin": [-2.73231, 11.40439, -12.24126],
              "size": [2, 11, 1],
              "inflate": -0.175,
              "uv": [32, 89],
              "mirror": true
            },
            {
              "origin": [-2.73231, 11.42939, -12.56626],
              "size": [2, 11, 1],
              "inflate": -0.45,
              "uv": [26, 89],
              "mirror": true
            },
            {
              "origin": [-2.23231, 5.10439, -12.36626],
              "size": [1, 4, 1],
              "inflate": -0.25,
              "uv": [4, 47],
              "mirror": true
            },
            {
              "origin": [-2.23231, 4.90439, -12.24126],
              "size": [1, 1, 1],
              "inflate": -0.174,
              "pivot": [-1.73231, 5.40439, -12.24126],
              "rotation": [0, 0, -45],
              "uv": [5, 54],
              "mirror": true
            },
            {
              "origin": [-2.73231, 7.72939, -12.24126],
              "size": [2, 2, 1],
              "inflate": -0.15,
              "pivot": [-1.73231, 8.72939, -12.24126],
              "rotation": [0, 0, 45],
              "uv": [21, 53],
              "mirror": true
            },
            {
              "origin": [-3.38586, 7.52584, -12.25126],
              "size": [4, 1, 1],
              "inflate": -0.175,
              "pivot": [-2.38586, 8.02584, -12.24126],
              "rotation": [0, 0, 73.5],
              "uv": [46, 4],
              "mirror": true
            },
            {
              "origin": [-3.35375, 6.57584, -12.24126],
              "size": [4, 1, 1],
              "inflate": -0.175,
              "pivot": [-1.35375, 7.07584, -12.24126],
              "rotation": [0, 0, -73.5],
              "uv": [24, 24],
              "mirror": true
            },
            {
              "origin": [-2.73231, 10.62939, -12.24126],
              "size": [2, 2, 1],
              "inflate": -0.173,
              "pivot": [-1.73231, 11.62939, -12.24126],
              "rotation": [0, 0, 45],
              "uv": [0, 52],
              "mirror": true
            },
            {
              "origin": [-1.08231, 11.15439, -12.24126],
              "size": [1, 1, 1],
              "inflate": -0.174,
              "uv": [2, 61],
              "mirror": true
            },
            {
              "origin": [-3.38231, 11.15439, -12.24126],
              "size": [1, 1, 1],
              "inflate": -0.174,
              "uv": [2, 61],
              "mirror": true
            },
            {
              "origin": [-2.73231, 10.62939, -12.56626],
              "size": [2, 2, 1],
              "inflate": -0.449,
              "pivot": [-1.73231, 11.62939, -12.56626],
              "rotation": [0, 0, 45],
              "uv": [48, 28],
              "mirror": true
            },
            {
              "origin": [-2.73231, 7.62939, -12.56626],
              "size": [2, 2, 1],
              "inflate": -0.449,
              "pivot": [-1.73231, 8.62939, -12.56626],
              "rotation": [0, 0, 45],
              "uv": [48, 6],
              "mirror": true
            },
            {
              "origin": [-2.23231, 9.40439, -12.24126],
              "size": [1, 2, 1],
              "inflate": -0.175,
              "uv": [6, 0],
              "mirror": true
            }
          ]
        },
        {
          "name": "jaw",
          "parent": "muzzle",
          "pivot": [0, 19.75439, -9.33301],
          "cubes": [
            {
              "origin": [-2, 18.92939, -11.57301],
              "size": [4, 1, 3],
              "uv": [42, 0]
            }
          ]
        },
        {
          "name": "whisker_top_left",
          "parent": "head",
          "pivot": [2.75, 21.40439, -8.55801],
          "rotation": [0, -10, -7.5]
        },
        {
          "name": "whisker_top_right",
          "parent": "head",
          "pivot": [-2.75, 21.40439, -8.55801],
          "rotation": [0, 10, 7.5]
        },
        {
          "name": "whisker_middle_left",
          "parent": "head",
          "pivot": [3, 20.65439, -8.55801],
          "rotation": [0, -15, 5]
        },
        {
          "name": "whisker_middle_right",
          "parent": "head",
          "pivot": [-3, 20.65439, -8.55801],
          "rotation": [0, 15, -5]
        },
        {
          "name": "whisker_bottom_left",
          "parent": "head",
          "pivot": [2.75, 19.90439, -8.55801],
          "rotation": [0, -20, 17.5]
        },
        {
          "name": "whisker_bottom_right",
          "parent": "head",
          "pivot": [-2.75, 19.90439, -8.55801],
          "rotation": [0, 20, -17.5]
        },
        {
          "name": "ear_right",
          "parent": "head",
          "pivot": [-2.5, 22.90439, -5.80801],
          "rotation": [-5, -30, -25],
          "cubes": [
            {
              "origin": [-2.58551, 22.88392, -8.54204],
              "size": [1, 4, 4],
              "inflate": 0.01,
              "uv": [0, 0]
            }
          ]
        },
        {
          "name": "ear_left",
          "parent": "head",
          "pivot": [2.5, 22.90439, -5.80801],
          "rotation": [-5, 30, 25],
          "cubes": [
            {
              "origin": [1.58551, 22.88392, -8.54204],
              "size": [1, 4, 4],
              "inflate": 0.01,
              "uv": [40, 54]
            }
          ]
        },
        {
          "name": "leg_front_left1",
          "parent": "body",
          "pivot": [2.75, 12.71879, -6.71484],
          "rotation": [5, 0, 0],
          "cubes": [
            {
              "origin": [1.25, 7.2264, -8.88915],
              "size": [3, 7, 4],
              "inflate": 0.01,
              "uv": [84, 46]
            },
            {
              "origin": [1.25, 7.2264, -8.88915],
              "size": [3, 7, 4],
              "inflate": 0.11,
              "uv": [30, 78],
              "mirror": true
            }
          ]
        },
        {
          "name": "leg_front_left2",
          "parent": "leg_front_left1",
          "pivot": [2.75, 7.05209, -5.39676],
          "rotation": [-20, 0, 0],
          "cubes": [
            {
              "origin": [1.25, 0.46849, -7.94923],
              "size": [3, 7, 3],
              "uv": [85, 30]
            }
          ]
        },
        {
          "name": "leg_front_left3",
          "parent": "leg_front_left2",
          "pivot": [2.75, 0.48613, -5.51738],
          "rotation": [15, 0, 0],
          "cubes": [
            {
              "origin": [0.775, -0.30676, -10.04263],
              "size": [4, 2, 5],
              "inflate": 0.01,
              "uv": [83, 62]
            },
            {
              "origin": [3.075, -0.30676, -10.09263],
              "size": [1, 2, 0],
              "inflate": 0.01,
              "uv": [46, 38]
            },
            {
              "origin": [3.075, 1.71824, -10.09263],
              "size": [1, 0, 1],
              "inflate": 0.01,
              "uv": [7, 24]
            },
            {
              "origin": [1.475, -0.30676, -10.09263],
              "size": [1, 2, 0],
              "inflate": 0.01,
              "uv": [42, 0]
            },
            {
              "origin": [1.475, 1.71824, -10.09263],
              "size": [1, 0, 1],
              "inflate": 0.01,
              "uv": [7, 23]
            }
          ]
        },
        {
          "name": "toe_front_left",
          "parent": "leg_front_left3",
          "pivot": [2.75, 0.69324, -7.04263]
        },
        {
          "name": "toe_front_left2",
          "parent": "leg_front_left3",
          "pivot": [1.75, 0.69324, -7.04263]
        },
        {
          "name": "toe_front_left3",
          "parent": "leg_front_left3",
          "pivot": [3.75, 0.69324, -7.04263]
        },
        {
          "name": "leg_front_right1",
          "parent": "body",
          "pivot": [-2.75, 12.71879, -6.71484],
          "rotation": [5, 0, 0],
          "cubes": [
            {
              "origin": [-4.25, 7.2264, -8.88915],
              "size": [3, 7, 4],
              "inflate": 0.01,
              "uv": [0, 85]
            },
            {
              "origin": [-4.25, 7.2264, -8.88915],
              "size": [3, 7, 4],
              "inflate": 0.11,
              "uv": [30, 78]
            }
          ]
        },
        {
          "name": "leg_front_right2",
          "parent": "leg_front_right1",
          "pivot": [-2.75, 7.05209, -5.39676],
          "rotation": [-20, 0, 0],
          "cubes": [
            {
              "origin": [-4.25, 0.46849, -7.94923],
              "size": [3, 7, 3],
              "uv": [87, 18]
            }
          ]
        },
        {
          "name": "leg_front_right3",
          "parent": "leg_front_right2",
          "pivot": [-2.75, 0.48613, -5.51738],
          "rotation": [15, 0, 0],
          "cubes": [
            {
              "origin": [-4.775, -0.30676, -10.04263],
              "size": [4, 2, 5],
              "inflate": 0.01,
              "uv": [39, 84]
            },
            {
              "origin": [-4.075, -0.30676, -10.09263],
              "size": [1, 2, 0],
              "inflate": 0.01,
              "uv": [21, 49]
            },
            {
              "origin": [-4.075, 1.71824, -10.09263],
              "size": [1, 0, 1],
              "inflate": 0.01,
              "uv": [31, 6]
            },
            {
              "origin": [-2.475, -0.30676, -10.09263],
              "size": [1, 2, 0],
              "inflate": 0.01,
              "uv": [21, 47]
            },
            {
              "origin": [-2.475, 1.71824, -10.09263],
              "size": [1, 0, 1],
              "inflate": 0.01,
              "uv": [7, 25]
            }
          ]
        },
        {
          "name": "toe_front_right",
          "parent": "leg_front_right3",
          "pivot": [-2.75, 0.69324, -7.04263]
        },
        {
          "name": "toe_front_right2",
          "parent": "leg_front_right3",
          "pivot": [-1.75, 0.69324, -7.04263]
        },
        {
          "name": "toe_front_right3",
          "parent": "leg_front_right3",
          "pivot": [-3.75, 0.69324, -7.04263]
        },
        {
          "name": "leg_back_right1",
          "parent": "body",
          "pivot": [-2.5, 11.75, 9.5],
          "rotation": [5, 0, 0],
          "cubes": [
            {
              "origin": [-4.01396, 7.12487, 7.59214],
              "size": [3, 7, 5],
              "inflate": 0.01,
              "uv": [72, 75],
              "mirror": true
            },
            {
              "origin": [-4.06396, 7.62487, 8.11714],
              "size": [0, 6, 4],
              "inflate": 0.01,
              "uv": [59, 83],
              "mirror": true
            }
          ]
        },
        {
          "name": "leg_back_right2",
          "parent": "leg_back_right1",
          "pivot": [-2.51396, 6.21203, 12.09595],
          "rotation": [-15, 0, 0],
          "cubes": [
            {
              "origin": [-4.01396, 0.37686, 10.11483],
              "size": [3, 7, 3],
              "uv": [86, 0],
              "mirror": true
            }
          ]
        },
        {
          "name": "leg_back_right3",
          "parent": "leg_back_right2",
          "pivot": [-2.51396, 0.95321, 11.63002],
          "rotation": [10, 0, 0],
          "cubes": [
            {
              "origin": [-4.51396, -0.37314, 7.89522],
              "size": [4, 2, 5],
              "inflate": 0.01,
              "uv": [83, 82],
              "mirror": true
            },
            {
              "origin": [-3.78896, -0.37314, 7.87022],
              "size": [1, 2, 0],
              "inflate": 0.01,
              "uv": [29, 38],
              "mirror": true
            },
            {
              "origin": [-3.78896, 1.65186, 7.87022],
              "size": [1, 0, 1],
              "inflate": 0.01,
              "uv": [7, 3],
              "mirror": true
            },
            {
              "origin": [-2.18896, 1.65186, 7.87022],
              "size": [1, 0, 1],
              "inflate": 0.01,
              "uv": [7, 22],
              "mirror": true
            },
            {
              "origin": [-2.18896, -0.37314, 7.87022],
              "size": [1, 2, 0],
              "inflate": 0.01,
              "uv": [6, 39],
              "mirror": true
            }
          ]
        },
        {
          "name": "toe_back_right",
          "parent": "leg_back_right3",
          "pivot": [-2.26396, 0.62686, 7.89522]
        },
        {
          "name": "toe_back_right2",
          "parent": "leg_back_right3",
          "pivot": [-3.26396, 0.62686, 7.89522]
        },
        {
          "name": "toe_back_right3",
          "parent": "leg_back_right3",
          "pivot": [-1.26396, 0.62686, 7.89522]
        },
        {
          "name": "leg_back_left1",
          "parent": "body",
          "pivot": [2.5, 12.75, 9.5],
          "rotation": [5, 0, 0],
          "cubes": [
            {
              "origin": [1, 7.15904, 7.33335],
              "size": [3, 7, 5],
              "inflate": 0.01,
              "uv": [72, 75]
            },
            {
              "origin": [4.05, 7.65904, 7.85835],
              "size": [0, 6, 4],
              "inflate": 0.01,
              "uv": [59, 83]
            }
          ]
        },
        {
          "name": "leg_back_left2",
          "parent": "leg_back_left1",
          "pivot": [2.5, 6.24619, 11.83716],
          "rotation": [-15, 0, 0],
          "cubes": [
            {
              "origin": [1, 0.41102, 9.85604],
              "size": [3, 7, 3],
              "uv": [86, 0]
            }
          ]
        },
        {
          "name": "leg_back_left3",
          "parent": "leg_back_left2",
          "pivot": [2.5, 0.98738, 11.37123],
          "rotation": [10, 0, 0],
          "cubes": [
            {
              "origin": [0.5, -0.33898, 7.63642],
              "size": [4, 2, 5],
              "inflate": 0.01,
              "uv": [83, 82]
            },
            {
              "origin": [2.775, -0.33898, 7.61142],
              "size": [1, 2, 0],
              "inflate": 0.01,
              "uv": [29, 38]
            },
            {
              "origin": [2.775, 1.68602, 7.61142],
              "size": [1, 0, 1],
              "inflate": 0.01,
              "uv": [7, 3]
            },
            {
              "origin": [1.175, 1.68602, 7.61142],
              "size": [1, 0, 1],
              "inflate": 0.01,
              "uv": [7, 22]
            },
            {
              "origin": [1.175, -0.33898, 7.61142],
              "size": [1, 2, 0],
              "inflate": 0.01,
              "uv": [6, 39]
            }
          ]
        },
        {
          "name": "toe_back_left",
          "parent": "leg_back_left3",
          "pivot": [2.25, 0.66102, 7.63642]
        },
        {
          "name": "toe_back_left2",
          "parent": "leg_back_left3",
          "pivot": [3.25, 0.66102, 7.63642]
        },
        {
          "name": "toe_back_left3",
          "parent": "leg_back_left3",
          "pivot": [1.25, 0.66102, 7.63642]
        }
      ]
    }
  ]
}
