{
  "species": "cobblemon:cyndaquil",
  "order": 0,
  "variations": [
    {
      "aspects": [],
      "poser": "cobblemon:cyndaquil",
      "model": "cobblemon:cyndaquil.geo",
      "texture": "cobblemon:textures/pokemon/0155_cyndaquil/cyndaquil.png",
      "layers": [
        {
          "name": "emissive",
          "texture": "cobblemon:textures/pokemon/0155_cyndaquil/cyndaquil_emissive.png",
          "emissive": true,
          "translucent": true
        }
      ]
    },
    {
      "aspects": [
        "shiny"
      ],
      "texture": "cobblemon:textures/pokemon/0155_cyndaquil/cyndaquil_shiny.png"
    },
{
      "aspects": [
        "female"
      ],
      "texture": "cobblemon:textures/pokemon/0155_cyndaquil/cyndaquil_female.png"
    },
{
      "aspects": [
        "shiny","female"
      ],
      "texture": "cobblemon:textures/pokemon/0155_cyndaquil/cyndaquil_female_shiny.png"
    }
  ]
}