{
  "name": "Fraxure",
  "nationalPokedexNumber": 611,
  "primaryType": "dragon",
  "abilities": [
    "rivalry",
    "moldbreaker",
    "h:unnerve"
  ],
  "baseStats": {
    "hp": 66,
    "attack": 117,
    "defence": 70,
    "special_attack": 40,
    "special_defence": 50,
    "speed": 67
  },
  "catchRate": 60,
  "maleRatio": 0.5,
  "shoulderMountable": false,
  "baseExperienceYield": 144,
  "experienceGroup": "slow",
  "eggCycles": 40,
  "eggGroups": [
    "monster",
    "dragon"
  ],
  "moves": [
    "1:bite",
    "1:dragonrage",
    "1:falseswipe",
    "1:leer",
    "1:scratch",
    "9:assurance",
    "12:taunt",
    "15:slash",
    "18:dragonclaw",
    "21:scaryface",
    "24:crunch",
    "27:dragondance",
    "30:breakingswipe",
    "30:dualchop",
    "33:focusenergy",
    "33:laserfocus",
    "36:dragonpulse",
    "41:swordsdance",
    "46:outrage",
    "51:guillotine",
    "56:gigaimpact",
    "tm:aerialace",
    "tm:assurance",
    "tm:attract",
    "tm:breakingswipe",
    "tm:brickbreak",
    "tm:bulldoze",
    "tm:confide",
    "tm:crunch",
    "tm:cut",
    "tm:dig",
    "tm:doubleteam",
    "tm:dracometeor",
    "tm:dragonclaw",
    "tm:dragondance",
    "tm:dragonpulse",
    "tm:dragontail",
    "tm:endure",
    "tm:facade",
    "tm:falseswipe",
    "tm:fling",
    "tm:focusenergy",
    "tm:frustration",
    "tm:gigaimpact",
    "tm:hiddenpower",
    "tm:honeclaws",
    "tm:incinerate",
    "tm:ironhead",
    "tm:irontail",
    "tm:lowkick",
    "tm:outrage",
    "tm:payback",
    "tm:poisonjab",
    "tm:protect",
    "tm:raindance",
    "tm:rest",
    "tm:return",
    "tm:reversal",
    "tm:roar",
    "tm:rocksmash",
    "tm:rocktomb",
    "tm:round",
    "tm:scaryface",
    "tm:secretpower",
    "tm:shadowclaw",
    "tm:sleeptalk",
    "tm:snarl",
    "tm:snore",
    "tm:stompingtantrum",
    "tm:strength",
    "tm:substitute",
    "tm:sunnyday",
    "tm:superpower",
    "tm:surf",
    "tm:swagger",
    "tm:swift",
    "tm:swordsdance",
    "tm:takedown",
    "tm:taunt",
    "tm:terablast",
    "tm:toxic",
    "tm:trailblaze",
    "tm:xscissor",
    "tutor:aquatail",
    "tutor:dracometeor",
    "tutor:dragonpulse",
    "tutor:dualchop",
    "tutor:endeavor",
    "tutor:irontail",
    "tutor:lowkick",
    "tutor:outrage",
    "tutor:scaleshot",
    "tutor:shockwave",
    "tutor:sleeptalk",
    "tutor:snore",
    "tutor:stompingtantrum",
    "tutor:superpower"
  ],
  "labels": [
    "gen5"
  ],
  "pokedex": [
    "cobblemon.species.fraxure.desc"
  ],
  "preEvolution": "axew",
  "evolutions": [
    {
      "id": "fraxure_haxorus",
      "variant": "level_up",
      "result": "haxorus",
      "consumeHeldItem": false,
      "learnableMoves": [],
      "requirements": [
        {
          "variant": "level",
          "minLevel": 48
        }
      ]
    }
  ],
  "baseScale": 1,
  "hitbox": {
    "width": 1,
    "height": 1.5,
    "fixed": false
  },
  "baseFriendship": 35,
  "evYield": {
    "hp": 0,
    "attack": 2,
    "defence": 0,
    "special_attack": 0,
    "special_defence": 0,
    "speed": 0
  },
  "height": 10,
  "weight": 360,
  "aspects": [],
  "cannotDynamax": false,
  "implemented": true
}