{
  "name": "Larvesta",
  "nationalPokedexNumber": 636,
  "primaryType": "bug",
  "secondaryType": "fire",
  "abilities": [
    "flamebody",
    "h:swarm"
  ],
  "baseStats": {
    "hp": 55,
    "attack": 85,
    "defence": 55,
    "special_attack": 50,
    "special_defence": 55,
    "speed": 60
  },
  "features": [
    "prismatic"
  ],
  "catchRate": 45,
  "maleRatio": 0.5,
  "shoulderMountable": false,
  "baseExperienceYield": 72,
  "experienceGroup": "slow",
  "eggCycles": 40,
  "eggGroups": [
    "bug"
  ],
  "moves": [
    "1:ember",
    "1:stringshot",
    "10:absorb",
    "10:leechlife",
    "12:strugglebug",
    "20:takedown",
    "30:flamecharge",
    "30:screech",
    "40:bugbite",
    "50:doubleedge",
    "60:flamewheel",
    "70:bugbuzz",
    "80:amnesia",
    "90:thrash",
    "100:flareblitz",
    "100:absorb",
    "100:endure",
    "100:foresight",
    "100:harden",
    "100:magnetrise",
    "100:morningsun",
    "100:stringshot",
    "100:thrash",
    "100:zenheadbutt",
    "100:acrobatics",
    "100:amnesia",
    "100:attract",
    "100:bodyslam",
    "100:bugbuzz",
    "100:calmmind",
    "100:confide",
    "100:doubleteam",
    "100:endure",
    "100:facade",
    "100:fireblast",
    "100:firespin",
    "100:flamecharge",
    "100:flamethrower",
    "100:flareblitz",
    "100:frustration",
    "100:gigadrain",
    "100:heatwave",
    "100:hiddenpower",
    "100:incinerate",
    "100:leechlife",
    "100:lightscreen",
    "100:overheat",
    "100:pounce",
    "100:protect",
    "100:psychic",
    "100:rest",
    "100:return",
    "100:round",
    "100:safeguard",
    "100:screech",
    "100:secretpower",
    "100:sleeptalk",
    "100:snore",
    "100:solarbeam",
    "100:strugglebug",
    "100:substitute",
    "100:sunnyday",
    "100:swagger",
    "100:takedown",
    "100:terablast",
    "100:toxic",
    "100:trailblaze",
    "100:uturn",
    "100:wildcharge",
    "100:willowisp",
    "100:zenheadbutt",
    "100:bugbite",
    "100:gigadrain",
    "100:heatwave",
    "100:magnetrise",
    "100:signalbeam",
    "100:skittersmack",
    "100:sleeptalk",
    "100:snore",
    "100:zenheadbutt"
  ],
  "labels": [
    "gen5"
  ],
  "pokedex": [
    "cobblemon.species.larvesta.desc"
  ],
  "evolutions": [
    {
      "id": "larvesta_volcarona",
      "variant": "level_up",
      "result": "volcarona",
      "consumeHeldItem": false,
      "learnableMoves": [
        "quiverdance"
      ],
      "requirements": [
        {
          "variant": "level",
          "minLevel": 59
        }
      ]
    }
  ],
  "baseScale": 1,
  "hitbox": {
    "width": 1,
    "height": 1,
    "fixed": false
  },
  "baseFriendship": 50,
  "evYield": {
    "hp": 0,
    "attack": 1,
    "defence": 0,
    "special_attack": 0,
    "special_defence": 0,
    "speed": 0
  },
  "height": 11,
  "weight": 288,
  "aspects": [],
  "cannotDynamax": false,
  "implemented": true
}