{
  "name": "Volcarona",
  "nationalPokedexNumber": 637,
  "primaryType": "bug",
  "secondaryType": "fire",
  "abilities": [
    "flamebody",
    "h:swarm"
  ],
  "baseStats": {
    "hp": 85,
    "attack": 60,
    "defence": 65,
    "special_attack": 135,
    "special_defence": 105,
    "speed": 100
  },
  "features": [
    "prismatic"
  ],
  "catchRate": 15,
  "maleRatio": 0.5,
  "shoulderMountable": false,
  "baseExperienceYield": 275,
  "experienceGroup": "slow",
  "eggCycles": 40,
  "eggGroups": [
    "bug"
  ],
  "moves": [
    "1:absorb",
    "1:amnesia",
    "1:doubleedge",
    "1:ember",
    "1:flamecharge",
    "1:flamewheel",
    "1:flareblitz",
    "1:gust",
    "1:leechlife",
    "1:stringshot",
    "1:strugglebug",
    "1:takedown",
    "1:thrash",
    "24:bugbite",
    "30:firespin",
    "30:screech",
    "40:whirlwind",
    "50:silverwind",
    "59:quiverdance",
    "60:heatwave",
    "70:bugbuzz",
    "70:fireblast",
    "80:ragepowder",
    "90:hurricane",
    "100:fierydance",
    "100:acrobatics",
    "100:aerialace",
    "100:aircutter",
    "100:airslash",
    "100:amnesia",
    "100:attract",
    "100:bodyslam",
    "100:bugbuzz",
    "100:calmmind",
    "100:confide",
    "100:doubleteam",
    "100:endure",
    "100:facade",
    "100:fireblast",
    "100:firespin",
    "100:flamecharge",
    "100:flamethrower",
    "100:flareblitz",
    "100:fly",
    "100:frustration",
    "100:gigadrain",
    "100:gigaimpact",
    "100:heatwave",
    "100:hiddenpower",
    "100:hurricane",
    "100:hyperbeam",
    "100:incinerate",
    "100:leechlife",
    "100:lightscreen",
    "100:mysticalfire",
    "100:overheat",
    "100:poisonjab",
    "100:pounce",
    "100:protect",
    "100:psychic",
    "100:raindance",
    "100:rest",
    "100:return",
    "100:roost",
    "100:round",
    "100:safeguard",
    "100:screech",
    "100:secretpower",
    "100:sleeptalk",
    "100:snore",
    "100:solarbeam",
    "100:strugglebug",
    "100:substitute",
    "100:sunnyday",
    "100:swagger",
    "100:tailwind",
    "100:takedown",
    "100:terablast",
    "100:toxic",
    "100:trailblaze",
    "100:uturn",
    "100:wildcharge",
    "100:willowisp",
    "100:zenheadbutt",
    "100:bugbite",
    "100:bugbuzz",
    "100:defog",
    "100:dualwingbeat",
    "100:firespin",
    "100:gigadrain",
    "100:gust",
    "100:heatwave",
    "100:hyperbeam",
    "100:leechlife",
    "100:magnetrise",
    "100:overheat",
    "100:quiverdance",
    "100:roost",
    "100:signalbeam",
    "100:skittersmack",
    "100:sleeptalk",
    "100:snore",
    "100:stringshot",
    "100:tailwind",
    "100:zenheadbutt"
  ],
  "labels": [
    "gen5"
  ],
  "pokedex": [
    "cobblemon.species.volcarona.desc"
  ],
  "preEvolution": "larvesta",
  "evolutions": [],
  "baseScale": 1,
  "hitbox": {
    "width": 1,
    "height": 2.1,
    "fixed": false
  },
  "baseFriendship": 50,
  "evYield": {
    "hp": 0,
    "attack": 0,
    "defence": 0,
    "special_attack": 3,
    "special_defence": 0,
    "speed": 0
  },
  "height": 16,
  "weight": 460,
  "aspects": [],
  "cannotDynamax": false,
  "implemented": true
}