{
  "enabled": true,
  "neededInstalledMods": [],
  "neededUninstalledMods": [],
  "spawns": [
      {
          "id": "ursaluna-1",
          "pokemon": "ursaluna",
          "presets": [
              "natural",
              "wild"
          ],
          "type": "pokemon",
          "context": "grounded",
          "bucket": "common",
          "level": "45-55",
          "weight": 0.02,
          "condition": {
              "biomes": [
                  "#cobblemon:is_forest",
                  "#cobblemon:is_mountain",
                  "#cobblemon:is_taiga"
              ],
              "minY": 48
          }
      },
      {
          "id": "ursaluna-2",
          "pokemon": "ursaluna",
          "type": "pokemon",
          "context": "grounded",
          "bucket": "common",
          "level": "45-55",
          "weight": 0.02,
          "condition": {
              "biomes": [
                  "the_bumblezone:crystal_canyon",
                  "the_bumblezone:floral_meadow"
              ]
          },
          "anticondition": {
              "structures": [
                  "#the_bumblezone:sempiternal_sanctums"
              ]
          }
      },

      {
        "id": "ursaluna_bloodmoon-3",
        "pokemon": "ursaluna bloodmoon",
        "presets": [
            "natural",
            "wild"
        ],
        "type": "pokemon",
        "context": "grounded",
        "bucket": "common",
        "level": "60-70",
        "weight": 0.2,
        "condition": {
            "minSkyLight": 8,
            "maxSkyLight": 15,
            "biomes": [
                "#cobblemon:is_forest",
                "#cobblemon:is_taiga"
            ],
            "timeRange": "night"
        }
    },
    {
        "id": "ursaluna_bloodmoon-4",
        "pokemon": "ursaluna bloodmoon",
        "presets": [
            "natural",
            "wild"
        ],
        "type": "pokemon",
        "context": "grounded",
        "bucket": "common",
        "level": "60-70",
        "weight": 1.0,
        "condition": {
            "minSkyLight": 8,
            "maxSkyLight": 15,
            "biomes": [
                "#cobblemon:is_spooky"
            ],
            "timeRange": "night"
        }
    }
  ]
}