{
  "format_version": "1.12.0",
  "minecraft:geometry": [
    {
      "description": {
        "identifier": "geometry.croagunk",
        "texture_width": 64,
        "texture_height": 64,
        "visible_bounds_width": 3,
        "visible_bounds_height": 2.5,
        "visible_bounds_offset": [0, 0.75, 0]
      },
      "bones": [
        {
          "name": "all",
          "pivot": [0, 0, 2]
        },
        {
          "name": "body",
          "parent": "all",
          "pivot": [0, 4.5, 1],
          "cubes": [
            { "origin": [-4, 3.25, -2], "size": [8, 9, 6], "uv": [1, 0] }
          ]
        },
        {
          "name": "arm_left",
          "parent": "body",
          "pivot": [4, 9.25, 1],
          "cubes": [
            { "origin": [4, 8.25, 0], "size": [3, 2, 2], "uv": [24, 33] }
          ]
        },
        {
          "name": "forearm_left",
          "parent": "arm_left",
          "pivot": [7, 9.25, 2],
          "cubes": [
            { "origin": [7, 8.25, 0], "size": [3, 2, 2], "uv": [14, 32] }
          ]
        },
        {
          "name": "finger_left_top",
          "parent": "forearm_left",
          "pivot": [10, 9.75, 1],
          "cubes": [
            { "origin": [10, 9.75, 0.5], "size": [3, 1, 1], "uv": [0, 37] }
          ]
        },
        {
          "name": "finger_left_middle",
          "parent": "forearm_left",
          "pivot": [10, 9.25, 1],
          "cubes": [
            { "origin": [10, 8.75, 0.5], "size": [3, 1, 1], "uv": [24, 37] }
          ]
        },
        {
          "name": "finger_left_bottom",
          "parent": "forearm_left",
          "pivot": [10, 8.75, 1],
          "cubes": [
            { "origin": [10, 7.75, 0.5], "size": [3, 1, 1], "uv": [36, 35] }
          ]
        },
        {
          "name": "arm_right",
          "parent": "body",
          "pivot": [-4, 9.25, 1],
          "cubes": [
            { "origin": [-7, 8.25, 0], "size": [3, 2, 2], "uv": [30, 6] }
          ]
        },
        {
          "name": "forearm_right",
          "parent": "arm_right",
          "pivot": [-7, 9.25, 2],
          "cubes": [
            { "origin": [-10, 8.25, 0], "size": [3, 2, 2], "uv": [11, 28] }
          ]
        },
        {
          "name": "finger_right_top",
          "parent": "forearm_right",
          "pivot": [-10, 9.75, 1],
          "cubes": [
            { "origin": [-13, 9.75, 0.5], "size": [3, 1, 1], "uv": [17, 36] }
          ]
        },
        {
          "name": "finger_right_middle",
          "parent": "forearm_right",
          "pivot": [-10, 9.25, 1],
          "cubes": [
            { "origin": [-13, 8.75, 0.5], "size": [3, 1, 1], "uv": [23, 20] }
          ]
        },
        {
          "name": "finger_right_bottom",
          "parent": "forearm_right",
          "pivot": [-10, 8.75, 1],
          "cubes": [
            { "origin": [-13, 7.75, 0.5], "size": [3, 1, 1], "uv": [36, 33] }
          ]
        },
        {
          "name": "head",
          "parent": "body",
          "pivot": [0, 12.25, 0.75],
          "cubes": [
            { "origin": [-4, 12.25, -3], "size": [8, 5, 7], "uv": [0, 15] },
            { "origin": [1, 17.25, -2], "size": [3, 1, 5], "uv": [0, 28] },
            { "origin": [-4, 17.25, -2], "size": [3, 1, 5], "uv": [23, 0] },
            { "origin": [-4.01, 12.25, -2], "size": [0, 3, 3], "uv": [0, 36] },
            { "origin": [4.01, 12.25, -2], "size": [0, 3, 3], "uv": [0, 36] },
            { "origin": [-2, 11.75, -2.9], "size": [4, 3, 0], "uv": [49, 0] },
            { "origin": [-4, 14.25, -3], "size": [8, 0, 7], "uv": [9, 48] },
            { "origin": [4, 12.25, -3], "size": [0, 2, 7], "uv": [16, 50] },
            { "origin": [-4, 12.25, -3], "size": [0, 2, 7], "uv": [16, 52] },
            { "origin": [-4, 12.25, -3], "size": [8, 2, 0], "uv": [16, 61] }
          ]
        },
        {
          "name": "blackeye_right",
          "parent": "head",
          "pivot": [-2.5, 15.25, -3.01],
          "cubes": [
            { "origin": [-4, 13.75, -3.01], "size": [3, 3, 0], "uv": [39, 0] }
          ]
        },
        {
          "name": "eye_right",
          "parent": "blackeye_right",
          "pivot": [-2.25, 15.5, -3.02],
          "cubes": [
            { "origin": [-3.5, 14.5, -3.02], "size": [2, 2, 0], "uv": [45, 0] }
          ]
        },
        {
          "name": "pupil_right",
          "parent": "eye_right",
          "pivot": [-2.25, 16, -3.03],
          "cubes": [
            { "origin": [-3, 15.5, -3.03], "size": [1, 1, 0], "uv": [0, 0] }
          ]
        },
        {
          "name": "blackeye_left",
          "parent": "head",
          "pivot": [2.5, 15.25, -3.01],
          "cubes": [
            { "origin": [1, 13.75, -3.01], "size": [3, 3, 0], "uv": [39, 0] }
          ]
        },
        {
          "name": "eye_left",
          "parent": "blackeye_left",
          "pivot": [2.25, 15.5, -3.02],
          "cubes": [
            { "origin": [1.5, 14.5, -3.02], "size": [2, 2, 0], "uv": [45, 0] }
          ]
        },
        {
          "name": "pupil_left",
          "parent": "eye_left",
          "pivot": [2.25, 16, -3.03],
          "cubes": [
            { "origin": [2, 15.5, -3.03], "size": [1, 1, 0], "uv": [0, 0] }
          ]
        },
        {
          "name": "jaw",
          "parent": "head",
          "pivot": [0, 12.25, 3.1],
          "cubes": [
            {
              "origin": [-4, 11.25, -2.8],
              "size": [8, 2, 6],
              "inflate": -0.01,
              "uv": [0, 40]
            },
            {
              "origin": [-4, 11.25, 3.2],
              "size": [8, 2, 0],
              "inflate": -0.01,
              "uv": [0, 58]
            },
            {
              "origin": [-2, 11.35, -1.9],
              "size": [4, 2, 5],
              "inflate": -0.01,
              "uv": [46, 57]
            }
          ]
        },
        {
          "name": "leg_right",
          "parent": "all",
          "pivot": [-3.5, 4.5, 1],
          "cubes": [
            { "origin": [-5, 1, -1.5], "size": [3, 5, 5], "uv": [25, 23] }
          ]
        },
        {
          "name": "foot_right",
          "parent": "leg_right",
          "pivot": [-3.5, 1, -1.5],
          "cubes": [
            { "origin": [-5, 0, -2.5], "size": [3, 1, 2], "uv": [0, 34] }
          ]
        },
        {
          "name": "toe_right_right",
          "parent": "foot_right",
          "pivot": [-4.5, 0.5, -2.5],
          "cubes": [
            { "origin": [-5, 0, -5.5], "size": [1, 1, 3], "uv": [34, 0] }
          ]
        },
        {
          "name": "toe_right_middle",
          "parent": "foot_right",
          "pivot": [-3.5, 0.5, -2.5],
          "cubes": [
            { "origin": [-4, 0, -5.5], "size": [1, 1, 3], "uv": [34, 0] }
          ]
        },
        {
          "name": "toe_right_left",
          "parent": "foot_right",
          "pivot": [-2.5, 0.5, -2.5],
          "cubes": [
            { "origin": [-3, 0, -5.5], "size": [1, 1, 3], "uv": [34, 0] }
          ]
        },
        {
          "name": "leg_left",
          "parent": "all",
          "pivot": [3.5, 4.5, 1],
          "cubes": [
            { "origin": [2, 1, -1.5], "size": [3, 5, 5], "uv": [25, 10] }
          ]
        },
        {
          "name": "foot_left",
          "parent": "leg_left",
          "pivot": [3.5, 1, -1.5],
          "cubes": [
            { "origin": [2, 0, -2.5], "size": [3, 1, 2], "uv": [30, 20] }
          ]
        },
        {
          "name": "toe_left_left",
          "parent": "foot_left",
          "pivot": [4.5, 0.5, -2.5],
          "cubes": [
            { "origin": [4, 0, -5.5], "size": [1, 1, 3], "uv": [34, 0] }
          ]
        },
        {
          "name": "toe_left_middle",
          "parent": "foot_left",
          "pivot": [3.5, 0.5, -2.5],
          "cubes": [
            { "origin": [3, 0, -5.5], "size": [1, 1, 3], "uv": [34, 0] }
          ]
        },
        {
          "name": "toe_left_right",
          "parent": "foot_left",
          "pivot": [2.5, 0.5, -2.5],
          "cubes": [
            { "origin": [2, 0, -5.5], "size": [1, 1, 3], "uv": [34, 0] }
          ]
        }
      ]
    }
  ]
}
