{
  "format_version": "1.12.0",
  "minecraft:geometry": [
    {
      "description": {
        "identifier": "geometry.unknown",
        "texture_width": 128,
        "texture_height": 128,
        "visible_bounds_width": 6,
        "visible_bounds_height": 4.5,
        "visible_bounds_offset": [0, 1.75, 0]
      },
      "bones": [
        {
          "name": "slitherwing",
          "pivot": [0, 0, 0]
        },
        {
          "name": "body",
          "parent": "slitherwing",
          "pivot": [0, 8, -4]
        },
        {
          "name": "tummy",
          "parent": "body",
          "pivot": [0, 7.5, -2.5],
          "cubes": [
            { "origin": [-9, 3, -9], "size": [18, 11, 13], "uv": [0, 0] }
          ]
        },
        {
          "name": "hips",
          "parent": "tummy",
          "pivot": [0, 5.75, 2.875],
          "cubes": [
            {
              "origin": [-5, 3, 4],
              "size": [10, 2, 3],
              "inflate": 0.01,
              "uv": [72, 49]
            },
            { "origin": [-8, 3.5, 3], "size": [16, 9, 10], "uv": [52, 14] },
            { "origin": [-4, 3, 7], "size": [8, 2, 4], "uv": [32, 29] },
            {
              "origin": [-3, 3, 11],
              "size": [6, 2, 2],
              "inflate": 0.01,
              "uv": [26, 72]
            }
          ]
        },
        {
          "name": "tail1",
          "parent": "hips",
          "pivot": [0, 5.92291, 12.16755],
          "cubes": [
            { "origin": [-7, 4, 12], "size": [14, 7, 9], "uv": [72, 33] },
            {
              "origin": [0, 9.63436, 14.75133],
              "size": [0, 6, 5],
              "pivot": [0, 12.63436, 17.25133],
              "rotation": [-17.5, 0, 0],
              "uv": [85, 72]
            }
          ]
        },
        {
          "name": "tail2",
          "parent": "tail1",
          "pivot": [0, 5.91166, 19.98626],
          "cubes": [
            {
              "origin": [-6, 4, 20],
              "size": [12, 6, 8],
              "inflate": -0.01,
              "uv": [62, 0]
            },
            {
              "origin": [0, 7.6175, 21.97938],
              "size": [0, 6, 5],
              "pivot": [0, 10.6175, 24.47938],
              "rotation": [-17.5, 0, 0],
              "uv": [53, 72]
            }
          ]
        },
        {
          "name": "tail3",
          "parent": "tail2",
          "pivot": [0, 5.45973, 27.29488],
          "cubes": [
            {
              "origin": [-4.5, 4, 27],
              "size": [9, 5, 7],
              "inflate": -0.012,
              "uv": [60, 77]
            },
            {
              "origin": [0, 6.06459, 28.56733],
              "size": [0, 6, 5],
              "pivot": [0, 9.06459, 31.06733],
              "rotation": [-17.5, 0, 0],
              "uv": [49, 1]
            }
          ]
        },
        {
          "name": "tail4",
          "parent": "tail3",
          "pivot": [0.25, 5.5, 33.5],
          "cubes": [
            {
              "origin": [-3, 4, 33],
              "size": [6, 4, 5],
              "inflate": -0.013,
              "uv": [89, 54]
            }
          ]
        },
        {
          "name": "lowerwing",
          "parent": "tummy",
          "pivot": [0, 0, -12]
        },
        {
          "name": "rightwing3",
          "parent": "lowerwing",
          "pivot": [-2, 13.85543, 2.7758],
          "cubes": [
            {
              "origin": [-2.26, 21.51946, 5.87861],
              "size": [0, 2, 2],
              "pivot": [-2.26, 23.01946, 5.87861],
              "rotation": [25, 0, 0],
              "uv": [0, 22],
              "mirror": true
            },
            {
              "origin": [-2, 5.65998, 2.48644],
              "size": [0, 14, 24],
              "pivot": [-2, 13.55228, 2.40635],
              "rotation": [62.5, 0, 0],
              "uv": [0, 34],
              "mirror": true
            },
            {
              "origin": [-2.26, 17.14142, 6.16811],
              "size": [0, 2, 2],
              "pivot": [-2.26, 19.39142, 10.16811],
              "rotation": [17.5, 0, 0],
              "uv": [0, 22],
              "mirror": true
            }
          ]
        },
        {
          "name": "leftwing3",
          "parent": "lowerwing",
          "pivot": [2, 13.85543, 2.7758],
          "cubes": [
            {
              "origin": [2.26, 21.51946, 5.87861],
              "size": [0, 2, 2],
              "pivot": [2.26, 23.01946, 5.87861],
              "rotation": [25, 0, 0],
              "uv": [0, 22]
            },
            {
              "origin": [2.26, 17.14142, 6.16811],
              "size": [0, 2, 2],
              "pivot": [2.26, 19.39142, 10.16811],
              "rotation": [17.5, 0, 0],
              "uv": [0, 22]
            },
            {
              "origin": [2, 5.65998, 2.48644],
              "size": [0, 14, 24],
              "pivot": [2, 13.55228, 2.40635],
              "rotation": [62.5, 0, 0],
              "uv": [0, 34]
            }
          ]
        },
        {
          "name": "hipfluff",
          "parent": "lowerwing",
          "pivot": [0, 8.98771, 3.6151],
          "cubes": [
            {
              "origin": [2.75, 3, -1.5],
              "size": [6, 0, 7],
              "pivot": [5.5, 3, 0.5],
              "rotation": [-22.79362, 12.19908, -2.74715],
              "uv": [13, 29]
            },
            {
              "origin": [-8.75, 3, -1.5],
              "size": [6, 0, 7],
              "pivot": [-5.5, 3, 0.5],
              "rotation": [-22.79362, -12.19908, 2.74715],
              "uv": [13, 29],
              "mirror": true
            }
          ]
        },
        {
          "name": "lowewingfluff",
          "parent": "lowerwing",
          "pivot": [0, 12.79743, -3.77419],
          "cubes": [
            {
              "origin": [1.91483, 6.40506, -1.8369],
              "size": [3, 10, 0],
              "pivot": [3.16483, 13.90506, -1.8369],
              "rotation": [-89.48141, -65.31849, 126.12648],
              "uv": [98, 63]
            },
            {
              "origin": [-4.91483, 6.40506, -1.8369],
              "size": [3, 10, 0],
              "pivot": [-3.16483, 13.90506, -1.8369],
              "rotation": [-89.48141, 65.31849, -126.12648],
              "uv": [98, 63],
              "mirror": true
            },
            {
              "origin": [-4.56495, 8.53954, -4.83139],
              "size": [3, 10, 0],
              "pivot": [-3.06495, 13.78954, -4.83139],
              "rotation": [-89.1456, 75.31781, -125.77119],
              "uv": [98, 73],
              "mirror": true
            },
            {
              "origin": [1.56495, 8.53954, -4.83139],
              "size": [3, 10, 0],
              "pivot": [3.06495, 13.78954, -4.83139],
              "rotation": [-89.1456, -75.31781, 125.77119],
              "uv": [98, 73]
            }
          ]
        },
        {
          "name": "bumfluff",
          "parent": "tummy",
          "pivot": [0, 13.75176, 3.88429],
          "cubes": [
            {
              "origin": [-9, 14, 4],
              "size": [18, 0, 5],
              "pivot": [0, 14, 4],
              "rotation": [17.5, 0, 0],
              "uv": [0, 24]
            }
          ]
        },
        {
          "name": "chest",
          "parent": "tummy",
          "pivot": [0, 8, -8],
          "cubes": [
            { "origin": [-8, 3.5, -17], "size": [16, 10, 9], "uv": [48, 58] }
          ]
        },
        {
          "name": "upperwing",
          "parent": "chest",
          "pivot": [0, 0, -12]
        },
        {
          "name": "upperwingfluff",
          "parent": "upperwing",
          "pivot": [0, 12.90251, -12.23598],
          "cubes": [
            {
              "origin": [-5.32757, 12.42569, -15.58408],
              "size": [3, 10, 0],
              "pivot": [0, 15.77564, -11.96346],
              "rotation": [-87.34818, 85.31438, -123.95472],
              "uv": [0, 99],
              "mirror": true
            },
            {
              "origin": [2.32757, 12.42569, -15.58408],
              "size": [3, 10, 0],
              "pivot": [0, 15.77564, -11.96346],
              "rotation": [-87.34818, -85.31438, 123.95472],
              "uv": [0, 99]
            },
            {
              "origin": [0.94425, 12.68126, -14.78549],
              "size": [3, 10, 0],
              "pivot": [0, 15.77564, -11.96346],
              "rotation": [34.74363, -71.68013, 3.19704],
              "uv": [6, 99]
            },
            {
              "origin": [-3.94425, 12.68126, -14.78549],
              "size": [3, 10, 0],
              "pivot": [0, 15.77564, -11.96346],
              "rotation": [34.74363, 71.68013, -3.19704],
              "uv": [6, 99],
              "mirror": true
            },
            {
              "origin": [-1.5, 12.31629, -14.69291],
              "size": [3, 13, 0],
              "pivot": [0, 15.77564, -11.96346],
              "rotation": [32.5, 0, 0],
              "uv": [89, 95]
            },
            {
              "origin": [-2.5, 11.81629, -14.67291],
              "size": [5, 13, 0],
              "pivot": [0, 15.77564, -11.96346],
              "rotation": [32.5, 0, 0],
              "uv": [0, 0]
            },
            {
              "origin": [-1.17865, 13.70798, -14.59627],
              "size": [3, 11, 0],
              "pivot": [0, 15.77564, -11.96346],
              "rotation": [45.62274, -50.51222, -7.58155],
              "uv": [95, 95]
            },
            {
              "origin": [-1.82135, 13.70798, -14.59627],
              "size": [3, 11, 0],
              "pivot": [0, 15.77564, -11.96346],
              "rotation": [45.62274, 50.51222, 7.58155],
              "uv": [95, 95],
              "mirror": true
            }
          ]
        },
        {
          "name": "rightwing1",
          "parent": "upperwing",
          "pivot": [-2.25, 13.74245, -7.18062],
          "cubes": [
            {
              "origin": [-2.25, 7.25589, -7.02447],
              "size": [0, 22, 36],
              "pivot": [-2.25, 12.85545, -7.12591],
              "rotation": [70, 0, 0],
              "uv": [0, 0],
              "mirror": true
            },
            {
              "origin": [-2.26, 42.29833, -5.31933],
              "size": [0, 2, 2],
              "pivot": [-2.25, 35.29833, 1.68067],
              "rotation": [32.5, 0, 0],
              "uv": [0, 22],
              "mirror": true
            },
            {
              "origin": [-2.26, 40.29833, -12.31933],
              "size": [0, 2, 2],
              "pivot": [-2.25, 35.29833, 1.68067],
              "rotation": [32.5, 0, 0],
              "uv": [0, 22],
              "mirror": true
            },
            {
              "origin": [-2.262, 39.29833, -13.31933],
              "size": [0, 2, 2],
              "pivot": [-2.25, 35.29833, 1.68067],
              "rotation": [32.5, 0, 0],
              "uv": [0, 22],
              "mirror": true
            },
            {
              "origin": [-2.26, 28.23855, -7.67865],
              "size": [0, 2, 2],
              "pivot": [-2.26, 28.23855, -5.67865],
              "rotation": [40, 0, 0],
              "uv": [0, 22],
              "mirror": true
            },
            {
              "origin": [-2.262, 27.23855, -8.67865],
              "size": [0, 2, 2],
              "pivot": [-2.26, 28.23855, -5.67865],
              "rotation": [40, 0, 0],
              "uv": [0, 22],
              "mirror": true
            },
            {
              "origin": [-2.26, 22.63406, -12.04509],
              "size": [0, 2, 2],
              "pivot": [-2.26, 23.63406, -11.04509],
              "rotation": [45, 0, 0],
              "uv": [0, 22],
              "mirror": true
            }
          ]
        },
        {
          "name": "leftwing1",
          "parent": "upperwing",
          "pivot": [2.25, 13.74245, -7.18062],
          "cubes": [
            {
              "origin": [2.25, 7.25589, -7.02447],
              "size": [0, 22, 36],
              "pivot": [2.25, 12.85545, -7.12591],
              "rotation": [70, 0, 0],
              "uv": [0, 0]
            },
            {
              "origin": [2.26, 42.29833, -5.31933],
              "size": [0, 2, 2],
              "pivot": [2.25, 35.29833, 1.68067],
              "rotation": [32.5, 0, 0],
              "uv": [0, 22]
            },
            {
              "origin": [2.26, 40.29833, -12.31933],
              "size": [0, 2, 2],
              "pivot": [2.25, 35.29833, 1.68067],
              "rotation": [32.5, 0, 0],
              "uv": [0, 22]
            },
            {
              "origin": [2.262, 39.29833, -13.31933],
              "size": [0, 2, 2],
              "pivot": [2.25, 35.29833, 1.68067],
              "rotation": [32.5, 0, 0],
              "uv": [0, 22]
            },
            {
              "origin": [2.26, 28.23855, -7.67865],
              "size": [0, 2, 2],
              "pivot": [2.26, 28.23855, -5.67865],
              "rotation": [40, 0, 0],
              "uv": [0, 22]
            },
            {
              "origin": [2.262, 27.23855, -8.67865],
              "size": [0, 2, 2],
              "pivot": [2.26, 28.23855, -5.67865],
              "rotation": [40, 0, 0],
              "uv": [0, 22]
            },
            {
              "origin": [2.26, 22.63406, -12.04509],
              "size": [0, 2, 2],
              "pivot": [2.26, 23.63406, -11.04509],
              "rotation": [45, 0, 0],
              "uv": [0, 22]
            }
          ]
        },
        {
          "name": "head",
          "parent": "chest",
          "pivot": [0, 8, -14.5],
          "cubes": [
            { "origin": [-5, 4, -24], "size": [10, 8, 7], "uv": [26, 77] }
          ]
        },
        {
          "name": "horns",
          "parent": "head",
          "pivot": [0, 9, -19]
        },
        {
          "name": "lefthorn",
          "parent": "horns",
          "pivot": [-0.5, 8.5, -18.75],
          "rotation": [-25, 0, 0],
          "cubes": [
            {
              "origin": [4.88395, 7.43911, -22],
              "size": [3, 3, 3],
              "inflate": 0.01,
              "pivot": [0, 8, -16],
              "rotation": [0, 0, -22.5],
              "uv": [94, 14]
            },
            {
              "origin": [4.32267, 0.56567, -20.5],
              "size": [2, 4, 0],
              "pivot": [0, 8, -16],
              "rotation": [0, 0, 5],
              "uv": [63, 77]
            },
            {
              "origin": [6.34622, 3.78945, -20.5],
              "size": [2, 4, 0],
              "pivot": [7.34622, 5.78945, -20.5],
              "rotation": [0, 0, 72.5],
              "uv": [49, 0]
            },
            {
              "origin": [2.36739, 13.10403, -20.5],
              "size": [2, 4, 0],
              "pivot": [0, 8, -16],
              "rotation": [0, 0, 50],
              "uv": [32, 29]
            },
            {
              "origin": [2.72049, 15.54539, -20.5],
              "size": [2, 3, 0],
              "pivot": [0, 8, -16],
              "rotation": [0, 0, 10],
              "uv": [0, 26]
            },
            {
              "origin": [3.82878, 12.12245, -21.5],
              "size": [2, 3, 2],
              "inflate": 0.1,
              "uv": [70, 89]
            },
            {
              "origin": [5.52647, 4.99756, -21.5],
              "size": [2, 3, 2],
              "pivot": [0, 8, -16],
              "rotation": [0, 0, 25],
              "uv": [41, 24]
            },
            { "origin": [4.5, 4.5, -22], "size": [3, 6, 3], "uv": [42, 92] }
          ]
        },
        {
          "name": "righthorn",
          "parent": "horns",
          "pivot": [0.5, 8.5, -18.75],
          "rotation": [-25, 0, 0],
          "cubes": [
            {
              "origin": [-4.36739, 13.10403, -20.5],
              "size": [2, 4, 0],
              "pivot": [0, 8, -16],
              "rotation": [0, 0, -50],
              "uv": [32, 29],
              "mirror": true
            },
            {
              "origin": [-4.72049, 15.54539, -20.5],
              "size": [2, 3, 0],
              "pivot": [0, 8, -16],
              "rotation": [0, 0, -10],
              "uv": [0, 26],
              "mirror": true
            },
            {
              "origin": [-8.34622, 3.78945, -20.5],
              "size": [2, 4, 0],
              "pivot": [-7.34622, 5.78945, -20.5],
              "rotation": [0, 0, -72.5],
              "uv": [49, 0],
              "mirror": true
            },
            {
              "origin": [-7.5, 4.5, -22],
              "size": [3, 6, 3],
              "uv": [42, 92],
              "mirror": true
            },
            {
              "origin": [-5.82878, 12.12245, -21.5],
              "size": [2, 3, 2],
              "inflate": 0.1,
              "uv": [70, 89],
              "mirror": true
            },
            {
              "origin": [-6.32267, 0.56567, -20.5],
              "size": [2, 4, 0],
              "pivot": [0, 8, -16],
              "rotation": [0, 0, -5],
              "uv": [63, 77],
              "mirror": true
            },
            {
              "origin": [-7.52647, 4.99756, -21.5],
              "size": [2, 3, 2],
              "pivot": [0, 8, -16],
              "rotation": [0, 0, -25],
              "uv": [41, 24],
              "mirror": true
            },
            {
              "origin": [-7.88395, 7.43911, -22],
              "size": [3, 3, 3],
              "inflate": 0.01,
              "pivot": [0, 8, -16],
              "rotation": [0, 0, 22.5],
              "uv": [94, 14],
              "mirror": true
            }
          ]
        },
        {
          "name": "eyes",
          "parent": "head",
          "pivot": [0, 7, -23]
        },
        {
          "name": "lefteye",
          "parent": "eyes",
          "pivot": [3.16667, 7.54167, -23.52083],
          "rotation": [0, 0, 17.5],
          "cubes": [
            {
              "origin": [1.75, 4.75, -24.01],
              "size": [2, 6, 1],
              "uv": [20, 99]
            },
            {
              "origin": [2.15, 5.4, -24.15],
              "size": [1, 2, 1],
              "inflate": -0.1,
              "uv": [63, 81]
            },
            {
              "origin": [2.15, 7.6, -24.15],
              "size": [1, 2, 1],
              "inflate": -0.1,
              "uv": [68, 33]
            },
            {
              "origin": [3.35, 5.4, -24.15],
              "size": [1, 2, 1],
              "inflate": -0.1,
              "uv": [94, 0]
            },
            {
              "origin": [3.35, 7.6, -24.15],
              "size": [1, 2, 1],
              "inflate": -0.1,
              "uv": [26, 92]
            },
            {
              "origin": [2.25, 5.5, -24.015],
              "size": [2, 4, 2],
              "uv": [12, 99]
            }
          ]
        },
        {
          "name": "righteye",
          "parent": "eyes",
          "pivot": [-3.16667, 7.54167, -23.52083],
          "rotation": [0, 0, -17.5],
          "cubes": [
            {
              "origin": [-4.25, 5.5, -24.015],
              "size": [2, 4, 2],
              "uv": [12, 99],
              "mirror": true
            },
            {
              "origin": [-3.15, 7.6, -24.15],
              "size": [1, 2, 1],
              "inflate": -0.1,
              "uv": [68, 33],
              "mirror": true
            },
            {
              "origin": [-4.35, 7.6, -24.15],
              "size": [1, 2, 1],
              "inflate": -0.1,
              "uv": [26, 92],
              "mirror": true
            },
            {
              "origin": [-4.35, 5.4, -24.15],
              "size": [1, 2, 1],
              "inflate": -0.1,
              "uv": [94, 0],
              "mirror": true
            },
            {
              "origin": [-3.75, 4.75, -24.01],
              "size": [2, 6, 1],
              "uv": [20, 99],
              "mirror": true
            },
            {
              "origin": [-3.15, 5.4, -24.15],
              "size": [1, 2, 1],
              "inflate": -0.1,
              "uv": [63, 81],
              "mirror": true
            }
          ]
        },
        {
          "name": "mouthpart",
          "parent": "head",
          "pivot": [0, 4.75, -23.04289],
          "rotation": [55, 0, 0],
          "cubes": [
            {
              "origin": [2.65685, 4.25, -23.40685],
              "size": [5, 1, 5],
              "pivot": [0, 8.25, -15.75],
              "rotation": [0, 45, 0],
              "uv": [49, 0]
            }
          ]
        },
        {
          "name": "mouthpart2",
          "parent": "head",
          "pivot": [0, 4.75, -23.04289],
          "rotation": [55, 0, 0],
          "cubes": [
            {
              "origin": [-7.65685, 4.25, -23.40685],
              "size": [5, 1, 5],
              "pivot": [0, 8.25, -15.75],
              "rotation": [0, -45, 0],
              "uv": [49, 0],
              "mirror": true
            }
          ]
        },
        {
          "name": "chestfluff",
          "parent": "chest",
          "pivot": [0, 4, -10.25],
          "rotation": [5, 0, 0],
          "cubes": [
            {
              "origin": [0, -1.98858, -12.01147],
              "size": [0, 6, 3],
              "uv": [26, 73]
            }
          ]
        },
        {
          "name": "tummyfluff",
          "parent": "tummy",
          "pivot": [0, 4, -6],
          "cubes": [
            {
              "origin": [0, -0.96208, -4.86364],
              "size": [0, 6, 3],
              "pivot": [0, 2.03792, -4.61364],
              "rotation": [37.5, 0, 0],
              "uv": [48, 55]
            },
            {
              "origin": [0, -1.73853, -8.26142],
              "size": [0, 6, 3],
              "pivot": [0, 1.26147, -7.51142],
              "rotation": [17.5, 0, 0],
              "uv": [72, 30]
            }
          ]
        },
        {
          "name": "rightwing2",
          "parent": "tummy",
          "pivot": [-1.5, 13.86778, -2.09622],
          "cubes": [
            {
              "origin": [-1.5, 12.25, -8.75],
              "size": [0, 27, 13],
              "pivot": [-1.5, 13.5, -0.5],
              "rotation": [-10, 0, 0],
              "uv": [0, 59]
            },
            {
              "origin": [-1.512, 19.23855, -4.42865],
              "size": [0, 2, 2],
              "pivot": [-2.26, 28.23855, -5.67865],
              "rotation": [40, 0, 0],
              "uv": [0, 22],
              "mirror": true
            },
            {
              "origin": [-1.512, 23.98855, -2.42865],
              "size": [0, 2, 2],
              "pivot": [-2.26, 28.23855, -5.67865],
              "rotation": [40, 0, 0],
              "uv": [0, 22],
              "mirror": true
            }
          ]
        },
        {
          "name": "leftwing2",
          "parent": "tummy",
          "pivot": [1.5, 13.86778, -2.09622],
          "cubes": [
            {
              "origin": [1.512, 23.98855, -2.42865],
              "size": [0, 2, 2],
              "pivot": [2.26, 28.23855, -5.67865],
              "rotation": [40, 0, 0],
              "uv": [0, 22]
            },
            {
              "origin": [1.512, 19.23855, -4.42865],
              "size": [0, 2, 2],
              "pivot": [2.26, 28.23855, -5.67865],
              "rotation": [40, 0, 0],
              "uv": [0, 22]
            },
            {
              "origin": [1.5, 12.25, -8.75],
              "size": [0, 27, 13],
              "pivot": [1.5, 13.5, -0.5],
              "rotation": [-10, 0, 0],
              "uv": [0, 59],
              "mirror": true
            }
          ]
        },
        {
          "name": "backfluffright",
          "parent": "tummy",
          "pivot": [-6.86701, 11.65983, -1.00603],
          "cubes": [
            {
              "origin": [-6.44632, 7.77223, -0.25968],
              "size": [0, 6, 10],
              "pivot": [-6.27344, 13.42239, 0.05148],
              "rotation": [7.32655, -35.84472, 21.57545],
              "uv": [0, 19],
              "mirror": true
            }
          ]
        },
        {
          "name": "backfluffleft",
          "parent": "tummy",
          "pivot": [6.86701, 11.65983, -1.00603],
          "cubes": [
            {
              "origin": [6.44632, 7.77223, -0.25968],
              "size": [0, 6, 10],
              "pivot": [6.27344, 13.42239, 0.05148],
              "rotation": [7.32655, 35.84472, -21.57545],
              "uv": [0, 19]
            }
          ]
        },
        {
          "name": "leftleg",
          "parent": "slitherwing",
          "pivot": [8, 7, 7],
          "cubes": [{ "origin": [8, 4, 4], "size": [6, 6, 6], "uv": [86, 83] }]
        },
        {
          "name": "leftfoot",
          "parent": "leftleg",
          "pivot": [13.80906, 9.88636, 7],
          "cubes": [
            { "origin": [19, 9, 5.5], "size": [1, 1, 3], "uv": [72, 54] },
            { "origin": [16, 5, 5], "size": [4, 4, 4], "uv": [26, 92] },
            {
              "origin": [15, 7.75, 4.5],
              "size": [3, 2, 0],
              "pivot": [16, 9.75, 4.5],
              "rotation": [-1.81693, 19.92066, -5.3191],
              "uv": [88, 56]
            },
            {
              "origin": [15, 5.25, 4.5],
              "size": [3, 2, 0],
              "pivot": [16, 5.25, 4.5],
              "rotation": [1.81693, 19.92066, 5.3191],
              "uv": [86, 54]
            },
            {
              "origin": [15, 10, 7.25],
              "size": [3, 0, 2],
              "pivot": [16, 10, 9.25],
              "rotation": [0, -5, -20],
              "uv": [62, 0]
            },
            {
              "origin": [15, 10, 4.75],
              "size": [3, 0, 2],
              "pivot": [16, 10, 4.75],
              "rotation": [0, 5, -20],
              "uv": [60, 33]
            },
            {
              "origin": [15, 7.75, 9.5],
              "size": [3, 2, 0],
              "pivot": [16, 9.75, 9.5],
              "rotation": [1.81693, -19.92066, -5.3191],
              "uv": [26, 82]
            },
            {
              "origin": [15, 5.25, 9.5],
              "size": [3, 2, 0],
              "pivot": [16, 5.25, 9.5],
              "rotation": [-1.81693, -19.92066, 5.3191],
              "uv": [42, 74]
            },
            {
              "origin": [15, 5, 4.75],
              "size": [3, 0, 2],
              "pivot": [16, 5, 4.75],
              "rotation": [0, 5, 20],
              "uv": [54, 33]
            },
            {
              "origin": [15, 5, 7.25],
              "size": [3, 0, 2],
              "pivot": [16, 5, 9.25],
              "rotation": [0, -5, 20],
              "uv": [57, 6]
            },
            { "origin": [14, 5, 4.5], "size": [2, 5, 5], "uv": [75, 90] }
          ]
        },
        {
          "name": "rightleg",
          "parent": "slitherwing",
          "pivot": [-8, 7, 7],
          "cubes": [
            {
              "origin": [-14, 4, 4],
              "size": [6, 6, 6],
              "uv": [86, 83],
              "mirror": true
            }
          ]
        },
        {
          "name": "rightfoot",
          "parent": "rightleg",
          "pivot": [-13.80906, 9.88636, 7],
          "cubes": [
            {
              "origin": [-18, 5, 4.75],
              "size": [3, 0, 2],
              "pivot": [-16, 5, 4.75],
              "rotation": [0, -5, -20],
              "uv": [54, 33],
              "mirror": true
            },
            {
              "origin": [-16, 5, 4.5],
              "size": [2, 5, 5],
              "uv": [75, 90],
              "mirror": true
            },
            {
              "origin": [-18, 5.25, 9.5],
              "size": [3, 2, 0],
              "pivot": [-16, 5.25, 9.5],
              "rotation": [-1.81693, 19.92066, -5.3191],
              "uv": [42, 74],
              "mirror": true
            },
            {
              "origin": [-18, 5, 7.25],
              "size": [3, 0, 2],
              "pivot": [-16, 5, 9.25],
              "rotation": [0, 5, -20],
              "uv": [57, 6],
              "mirror": true
            },
            {
              "origin": [-18, 10, 4.75],
              "size": [3, 0, 2],
              "pivot": [-16, 10, 4.75],
              "rotation": [0, -5, 20],
              "uv": [60, 33],
              "mirror": true
            },
            {
              "origin": [-18, 7.75, 9.5],
              "size": [3, 2, 0],
              "pivot": [-16, 9.75, 9.5],
              "rotation": [1.81693, 19.92066, 5.3191],
              "uv": [26, 82],
              "mirror": true
            },
            {
              "origin": [-18, 5.25, 4.5],
              "size": [3, 2, 0],
              "pivot": [-16, 5.25, 4.5],
              "rotation": [1.81693, -19.92066, -5.3191],
              "uv": [86, 54],
              "mirror": true
            },
            {
              "origin": [-18, 10, 7.25],
              "size": [3, 0, 2],
              "pivot": [-16, 10, 9.25],
              "rotation": [0, 5, 20],
              "uv": [62, 0],
              "mirror": true
            },
            {
              "origin": [-20, 9, 5.5],
              "size": [1, 1, 3],
              "uv": [72, 54],
              "mirror": true
            },
            {
              "origin": [-20, 5, 5],
              "size": [4, 4, 4],
              "uv": [26, 92],
              "mirror": true
            },
            {
              "origin": [-18, 7.75, 4.5],
              "size": [3, 2, 0],
              "pivot": [-16, 9.75, 4.5],
              "rotation": [-1.81693, -19.92066, 5.3191],
              "uv": [88, 56],
              "mirror": true
            }
          ]
        },
        {
          "name": "arms",
          "parent": "slitherwing",
          "pivot": [0, 0, -12]
        },
        {
          "name": "leftarm",
          "parent": "arms",
          "pivot": [6.97927, 6.5, -11.5],
          "cubes": [
            { "origin": [7.75, 4, -14], "size": [5, 5, 5], "uv": [55, 89] },
            {
              "origin": [11.75, 6.75, -14],
              "size": [3, 2, 0],
              "pivot": [12.75, 9, -14],
              "rotation": [-1.81693, 19.92066, -5.3191],
              "uv": [89, 63]
            },
            {
              "origin": [11.75, 6.75, -9],
              "size": [3, 2, 0],
              "pivot": [12.75, 9, -9],
              "rotation": [1.81693, -19.92066, -5.3191],
              "uv": [89, 65]
            },
            {
              "origin": [11.75, 4.25, -9],
              "size": [3, 2, 0],
              "pivot": [12.75, 4, -9],
              "rotation": [-1.81693, -19.92066, 5.3191],
              "uv": [51, 92]
            },
            {
              "origin": [11.75, 4.25, -14],
              "size": [3, 2, 0],
              "pivot": [12.75, 4, -14],
              "rotation": [1.81693, 19.92066, 5.3191],
              "uv": [38, 92]
            },
            {
              "origin": [11.75, 9, -13.75],
              "size": [3, 0, 2],
              "pivot": [12.75, 9, -14],
              "rotation": [0, 5, -20],
              "uv": [70, 39]
            },
            {
              "origin": [11.75, 4, -13.75],
              "size": [3, 0, 2],
              "pivot": [12.75, 4, -14],
              "rotation": [0, 5, 20],
              "uv": [38, 72]
            },
            {
              "origin": [11.75, 9, -11.25],
              "size": [3, 0, 2],
              "pivot": [12.75, 9, -9],
              "rotation": [0, -5, -20],
              "uv": [62, 2]
            },
            {
              "origin": [11.75, 4, -11.25],
              "size": [3, 0, 2],
              "pivot": [12.75, 4, -9],
              "rotation": [0, -5, 20],
              "uv": [46, 64]
            }
          ]
        },
        {
          "name": "lefthand",
          "parent": "leftarm",
          "pivot": [12.50833, 7.1109, -11.5],
          "cubes": [
            { "origin": [11, 5, -13.5], "size": [4, 3, 4], "uv": [94, 0] },
            {
              "origin": [14.9483, 4.51146, -11.5],
              "size": [2, 1, 0],
              "pivot": [16.6983, 4.51146, -11.5],
              "rotation": [0, 0, 17.5],
              "uv": [0, 35]
            },
            {
              "origin": [14.25, 4.75, -12.5],
              "size": [2, 2, 2],
              "pivot": [16, 5, -11.5],
              "rotation": [0, 0, 10],
              "uv": [80, 54]
            }
          ]
        },
        {
          "name": "rightarm",
          "parent": "arms",
          "pivot": [-6.97927, 6.5, -11.5],
          "cubes": [
            {
              "origin": [-12.75, 4, -14],
              "size": [5, 5, 5],
              "uv": [55, 89],
              "mirror": true
            },
            {
              "origin": [-14.75, 6.75, -14],
              "size": [3, 2, 0],
              "pivot": [-12.75, 9, -14],
              "rotation": [-1.81693, -19.92066, 5.3191],
              "uv": [89, 63],
              "mirror": true
            },
            {
              "origin": [-14.75, 9, -11.25],
              "size": [3, 0, 2],
              "pivot": [-12.75, 9, -9],
              "rotation": [0, 5, 20],
              "uv": [62, 2],
              "mirror": true
            },
            {
              "origin": [-14.75, 4.25, -14],
              "size": [3, 2, 0],
              "pivot": [-12.75, 4, -14],
              "rotation": [1.81693, -19.92066, -5.3191],
              "uv": [38, 92],
              "mirror": true
            },
            {
              "origin": [-14.75, 9, -13.75],
              "size": [3, 0, 2],
              "pivot": [-12.75, 9, -14],
              "rotation": [0, -5, 20],
              "uv": [70, 39],
              "mirror": true
            },
            {
              "origin": [-14.75, 6.75, -9],
              "size": [3, 2, 0],
              "pivot": [-12.75, 9, -9],
              "rotation": [1.81693, 19.92066, 5.3191],
              "uv": [89, 65],
              "mirror": true
            },
            {
              "origin": [-14.75, 4, -13.75],
              "size": [3, 0, 2],
              "pivot": [-12.75, 4, -14],
              "rotation": [0, -5, -20],
              "uv": [38, 72],
              "mirror": true
            },
            {
              "origin": [-14.75, 4.25, -9],
              "size": [3, 2, 0],
              "pivot": [-12.75, 4, -9],
              "rotation": [-1.81693, 19.92066, -5.3191],
              "uv": [51, 92],
              "mirror": true
            },
            {
              "origin": [-14.75, 4, -11.25],
              "size": [3, 0, 2],
              "pivot": [-12.75, 4, -9],
              "rotation": [0, 5, -20],
              "uv": [46, 64],
              "mirror": true
            }
          ]
        },
        {
          "name": "righthand",
          "parent": "rightarm",
          "pivot": [-12.50833, 7.1109, -11.5],
          "cubes": [
            {
              "origin": [-15, 5, -13.5],
              "size": [4, 3, 4],
              "uv": [94, 0],
              "mirror": true
            },
            {
              "origin": [-16.25, 4.75, -12.5],
              "size": [2, 2, 2],
              "pivot": [-16, 5, -11.5],
              "rotation": [0, 0, -10],
              "uv": [80, 54],
              "mirror": true
            },
            {
              "origin": [-16.9483, 4.51146, -11.5],
              "size": [2, 1, 0],
              "pivot": [-16.6983, 4.51146, -11.5],
              "rotation": [0, 0, -17.5],
              "uv": [0, 35],
              "mirror": true
            }
          ]
        }
      ]
    }
  ]
}
